trade_id,datetime,market,direction,timeframe,session_id,entry_price,exit_price,shares,pnl,result,bid_depth_098,ask_depth_099,imbalance_ratio,order_id,token_id,slot,resolution_ts,resolution_ask
64e5118b,2026-03-25 00:59:41,ETH 5m DOWN,DOWN,5m,eth-5m-1774396500-down,0.99,1.0,30,0.3000,WIN,5.0,0.57,8.7719,0x0458ab97cef8da3d50aabc46687cbe574c2dc6f403c0526ad97cfdfbbc85ebff,44360897259393041045829563904455736364611125954823019539678072212327695637881,1774396500,2026-03-25 01:04:11,1.0
264e539b,2026-03-25 01:09:52,ETH 5m UP,UP,5m,eth-5m-1774397100-up,0.99,1.0,30,0.3000,WIN,278.05,47.38,5.8685,0x6aa7b4acf38c7b5a48681bd9ce89e43f522a6aab5cca448b2acfd59b71ca1f5d,40397608361689370277158475927084745885089309010776240398709654114664562715094,1774397100,2026-03-25 01:16:11,1.0
d32388b5,2026-03-25 01:10:43,BTC 15m UP,UP,15m,btc-15m-1774396800-up,0.99,1.0,30,0.3000,WIN,2094.18,747.86,2.8002,0x5e699d4e5d79f165c61657f3c56d51cbc53734fa704439546af1b2ae4f4a9e1c,26858606488824792493447460443072490551208532942780956113971769677890617112731,1774396800,2026-03-25 01:21:12,1.0
74847a6a,2026-03-25 01:12:33,ETH 15m UP,UP,15m,eth-15m-1774396800-up,0.99,1.0,30,0.3000,WIN,637.78,475.62,1.3409,0xa13ca1dfe8a7e5b561c32d090a13a7a94cdff09125ba14e06ad9f485d5ab3792,23375634227980340119744461893473332537698807193711916887941928163754193235682,1774396800,2026-03-25 01:17:11,1.0
5adb111c,2026-03-25 01:14:52,ETH 5m UP,UP,5m,eth-5m-1774397400-up,0.99,1.0,30,0.3000,WIN,94.39,62.71,1.5052,0x1cddcf91b4e2547b05d91baf9adf2510d5fdce97a46c30dc390987be17c0716d,98793063068957411140716565194529533805903358743484571699941764233119342863047,1774397400,2026-03-25 01:19:11,1.0
40401a75,2026-03-25 01:24:55,ETH 5m DOWN,DOWN,5m,eth-5m-1774398000-down,0.99,1.0,30,0.3000,WIN,187.49,146.24,1.2821,0xfabf17edf9bc6655f9e79790c88ae86b5e915f157dd1b54620de961f27fc3076,43869733407645866292579459074781150701734177073544643333102125347258232206942,1774398000,2026-03-25 01:29:11,1.0
fcb3a224,2026-03-25 01:25:49,ETH 15m DOWN,DOWN,15m,eth-15m-1774397700-down,0.99,1.0,30,0.3000,WIN,406.27,218.63,1.8583,0xcdb7cd5cfb1f19c4a198c27b00881b70c0f6cc08f62af5e26b9b27dc5b526656,70864396503701854550392701823375625479994066032408465156438352692704315885395,1774397700,2026-03-25 01:34:11,1.0
f0edfe64,2026-03-25 01:29:26,BTC 15m DOWN,DOWN,15m,btc-15m-1774397700-down,0.99,1.0,30,0.3000,WIN,1143.52,524.2,2.1815,0x1ba6d160fd8a72b120d32a80888458463bfcea98e7f5b1fdb96308838cd71407,6537211792315362552864580609177228759794010630538425230369717540810320586087,1774397700,2026-03-25 01:34:11,1.0
1737389f,2026-03-25 01:29:45,BTC 5m UP,UP,5m,btc-5m-1774398300-up,0.99,1.0,30,0.3000,WIN,1668.24,885.69,1.8835,0x0a589437efb0a1760d24c4c10848816b30ffe8d7a32d2bdce582991d4508b275,78565321844265385140837004344692656532258869397798985783721072405276700457974,1774398300,2026-03-25 01:34:11,1.0
541d7b1a,2026-03-25 01:34:01,ETH 5m UP,UP,5m,eth-5m-1774398600-up,0.99,1.0,30,0.3000,WIN,486.2,33.35,14.5787,0xd0cfac576f8bb843e2e0014a13ce135bda01326450a68e8cad9b76ac073156c1,79514887223117689998744062001908990371617328470360299322611314242461681402888,1774398600,2026-03-25 01:39:11,1.0
ec9c96b9,2026-03-25 01:34:05,BTC 5m UP,UP,5m,btc-5m-1774398600-up,0.99,1.0,30,0.3000,WIN,1715.51,1334.56,1.2854,0x4dff819b6dcef80d320a70c1537e0d56ed2b2c988059f288b109741351936547,100474190009762459969550741054333767408246594831832405395661865658230518813615,1774398600,2026-03-25 01:39:11,1.0
d7bdb265,2026-03-25 01:38:22,ETH 5m UP,UP,5m,eth-5m-1774398900-up,0.99,1.0,30,0.3000,WIN,514.02,390.73,1.3155,0x058f57b3b74eeb66ed0b41c1b6a5e39392b0f0a494f08349646778e6955fe280,26605272439055197598765602662486839110931799050651526495057902383116455286323,1774398900,2026-03-25 01:46:11,1.0
08e1ba32,2026-03-25 01:39:04,ETH 15m UP,UP,15m,eth-15m-1774398600-up,0.99,1.0,30,0.3000,WIN,474.1,200.77,2.3614,0xeaa6b50ce1e1883803cc7db7dc990bde7ef2827a8255f2a21940851563e29e4d,22187983658778586314686620945713205674295367375096257989923817168340167141665,1774398600,2026-03-25 01:51:11,1.0
f0ed9387,2026-03-25 01:39:17,BTC 5m UP,UP,5m,btc-5m-1774398900-up,0.99,1.0,30,0.3000,WIN,1186.19,464.4,2.5542,0x59f936b274997b2812085501fca9348c0fbee5dab7220e3cdafe839ba94be63b,6509061346524699988144794892038761496130189006838970735580429969623650303427,1774398900,2026-03-25 01:44:11,1.0
f22fa0bb,2026-03-25 01:49:47,ETH 5m DOWN,DOWN,5m,eth-5m-1774399500-down,0.99,1.0,30,0.3000,WIN,284.77,180.69,1.5760,0xc44fef6fee5f811efa3f6209700ee9a171bd8a16fb785a1cd916d8dc4ed9ecac,68823847376629228893176043967033142452164867278693187074814783769908447849927,1774399500,2026-03-25 01:54:11,1.0
58f2a02b,2026-03-25 01:58:52,ETH 15m DOWN,DOWN,15m,eth-15m-1774399500-down,0.99,1.0,30,0.3000,WIN,923.66,384.95,2.3994,0x34f7f5db37dda0616dc3bea0bed3231aa7ba6e27e3ba60a85da0df859fa708ac,21425369973456438933805843810752820948965339645322280446441815238205050440915,1774399500,2026-03-25 02:06:11,1.0
70a744cd,2026-03-25 01:59:07,BTC 15m DOWN,DOWN,15m,btc-15m-1774399500-down,0.99,1.0,30,0.3000,WIN,951.66,384.88,2.4726,0x3d6ec4c1298d79adf91f1fdb3b03e14745c9621e53ea9a6d7d5a98d862b716e9,35028635212586345923822819205930016203735344424940842483688828471509533194241,1774399500,2026-03-25 02:06:11,1.0
cfc075dd,2026-03-25 01:59:55,BTC 5m DOWN,DOWN,5m,btc-5m-1774400100-down,0.99,1.0,30,0.3000,WIN,480.0,158.19,3.0343,0x11c29c4d333b66a8ef8776655e439807953d6843df974cacc98fd5ebb6735753,64531888947612539011201622820457721855473465672989935387695251970045296806205,1774400100,2026-03-25 02:06:11,1.0
608995bb,2026-03-25 02:04:56,BTC 5m DOWN,DOWN,5m,btc-5m-1774400400-down,0.99,1.0,30,0.3000,WIN,295.57,217.55,1.3586,0xcf44ec4e6b2892a3859ccdee0d80fd34a67a6b45da9fc2c97087c0d6262bbb9a,89349990485919974725906642429323061827667489742196462860040110899724210876215,1774400400,2026-03-25 02:09:11,1.0
05745119,2026-03-25 02:09:35,ETH 5m DOWN,DOWN,5m,eth-5m-1774400700-down,0.99,0.0,30,-29.7000,LOSS,90.0,37.17,2.4213,0x680e0e9b605392fb774eeadeeaf689cf117ec394c3cb00632b5f91d58688b9e8,85227318183035558140039468803658325418113214038611300656398895765600754949050,1774400700,2026-03-25 02:16:11,0.0
d54366af,2026-03-25 02:14:52,ETH 15m UP,UP,15m,eth-15m-1774400400-up,0.99,1.0,30,0.3000,WIN,69.35,35.59,1.9486,0x73b976feead1f90703b5406bdc205b9b0b855f763f905494ca3a7ec6bc29ad46,9998717915286825298919622202238256707140260493455659165385326923856288157264,1774400400,2026-03-25 02:19:11,1.0
040fe067,2026-03-25 02:14:55,BTC 15m DOWN,DOWN,15m,btc-15m-1774400400-down,0.99,1.0,30,0.3000,WIN,1355.9,931.37,1.4558,0xe0ae4a55900a52a272c0c548d1c5df330ad6848bf4dd53a1e669a003644afa98,68187007686327089802861484648863461073495298309768984110438738777338394397419,1774400400,2026-03-25 02:19:10,1.0
6cddd59f,2026-03-25 02:19:11,ETH 5m DOWN,DOWN,5m,eth-5m-1774401300-down,0.99,1.0,30,0.3000,WIN,445.74,271.56,1.6414,0x6e455dfcbdd854d256739cdcd4037c6e569dd8fcdbff86b1021f36792d961928,62713385989557064236758312167761385705312052525750307191001842208268075603846,1774401300,2026-03-25 02:26:11,1.0
48e64cf0,2026-03-25 02:29:02,BTC 15m DOWN,DOWN,15m,btc-15m-1774401300-down,0.99,1.0,30,0.3000,WIN,1921.89,1391.01,1.3817,0xa80b706757cf4e0a659e0f52bf814db6923df9692264aea344b01cb20dfc0b7f,71614381202931729589612283833893440994088875470803756294774162702428090852777,1774401300,2026-03-25 02:34:11,1.0
1a3e015d,2026-03-25 02:29:55,BTC 5m UP,UP,5m,btc-5m-1774401900-up,0.99,1.0,30,0.3000,WIN,1537.6,612.0,2.5124,0xa6a044e3ea703a611a3db995c81afb6ba755712288299d5104c83777be83904a,14970332143031655828003389234514793774437961209911633386857952297057922430329,1774401900,2026-03-25 02:34:11,1.0
5cd83e0c,2026-03-25 02:34:14,BTC 5m DOWN,DOWN,5m,btc-5m-1774402200-down,0.99,1.0,30,0.3000,WIN,693.09,506.59,1.3681,0xb9497b87aa25fcbc803024e460f6c1b8b89d403ff11ec234d9a55a2f80875327,49332108285254250481743508761582192417280513944936665991337536387673730910336,1774402200,2026-03-25 02:39:11,1.0
1ffc80b1,2026-03-25 02:39:57,BTC 5m UP,UP,5m,btc-5m-1774402500-up,0.99,1.0,30,0.3000,WIN,193.71,143.76,1.3475,0xfc61faf56c59e6221306b8a62253233fbb13de71d464ed4b6da0520b2d2744bd,109374094034540837371193770209983989371602814535467539562041283357251728977634,1774402500,2026-03-25 02:42:11,1.0
a78d0995,2026-03-25 02:44:30,ETH 5m UP,UP,5m,eth-5m-1774402800-up,0.99,1.0,30,0.3000,WIN,365.19,241.51,1.5121,0x6f6cd185252d01f2dd1c9ec2b618a1ffc3c33be7d0d35e1e290dd0f2216b9cad,41128217075757570205079819990380481596716584213614322620759857771372887487824,1774402800,2026-03-25 02:49:11,1.0
e9f13750,2026-03-25 02:44:33,BTC 5m UP,UP,5m,btc-5m-1774402800-up,0.99,1.0,30,0.3000,WIN,45.0,35.0,1.2857,0x87f0be0278366475192c6b969de22dcc3bc1856873e5f93b265c9761206d86f1,96544041281398171515006061674280251176147877740937462803500972738870636854032,1774402800,2026-03-25 02:49:11,1.0
d8d9968e,2026-03-25 02:58:31,ETH 15m DOWN,DOWN,15m,eth-15m-1774403100-down,0.99,1.0,30,0.3000,WIN,785.62,282.75,2.7785,0x633f20938bcc4e3ffb375c0ddddb7280a7594e0863febe2188dc3843599fbeea,89516063056778982589879651186021388018232109646099073718350840212330873408065,1774403100,2026-03-25 03:06:12,1.0
040b0a14,2026-03-25 02:59:13,ETH 5m DOWN,DOWN,5m,eth-5m-1774403700-down,0.99,1.0,30,0.3000,WIN,218.29,145.21,1.5033,0xd59112182a2f2e27ee7f292980b487b0f5cc083ef0e0b22ba1377cea30e2a859,9917485225746521625066129932376117272364253699405938457092793242363557099770,1774403700,2026-03-25 03:04:11,1.0
0b6a04fc,2026-03-25 02:59:48,BTC 5m DOWN,DOWN,5m,btc-5m-1774403700-down,0.99,1.0,30,0.3000,WIN,1073.3,622.34,1.7246,0xf7d54c327d11f869e33ad9d2ee24bc58bc2449b9a2a0227d1278987f8e5320ac,27472775214984222870859247784334894622302633222100219985616906701047005215904,1774403700,2026-03-25 03:04:11,1.0
58c10e96,2026-03-25 02:59:55,BTC 15m DOWN,DOWN,15m,btc-15m-1774403100-down,0.99,1.0,30,0.3000,WIN,863.29,531.4,1.6246,0x13159607a785cfb40b400ddc025efdfcfea923c600c0f2df7e16dd32bead4274,36373368835345961689531556631104822783850846563704839389603260610839121244971,1774403100,2026-03-25 03:04:11,1.0
4d0514d4,2026-03-25 03:09:51,BTC 5m DOWN,DOWN,5m,btc-5m-1774404300-down,0.99,1.0,30,0.3000,WIN,577.98,447.69,1.2910,0xe13b45f1e226bfd67e9037b9461ed08ac037f1874073f3c4daff74ca890cacc4,54155505909380075515415702954766894241242360100346884563425624592161615829070,1774404300,2026-03-25 03:14:11,1.0
71e89c12,2026-03-25 03:09:54,ETH 5m DOWN,DOWN,5m,eth-5m-1774404300-down,0.99,1.0,30,0.3000,WIN,236.0,160.81,1.4676,0xba5d7d0db5f45ca6232b5ccb72b579c31dd02999552674875efa83f742e8648a,83341115710942464769736670251885470753799567603537542439175126491117574466306,1774404300,2026-03-25 03:12:11,1.0
c724dfaa,2026-03-25 03:13:10,BTC 15m DOWN,DOWN,15m,btc-15m-1774404000-down,0.99,1.0,30,0.3000,WIN,781.04,590.6,1.3225,0xc1e3e531c99e4b240f1aa818405cfdf359f2851eb0f964a0a8ff588374fd8187,40245610269514287169541323866203621108042480035341350767294058879163560380374,1774404000,2026-03-25 03:21:11,1.0
a96174dd,2026-03-25 03:13:24,ETH 15m DOWN,DOWN,15m,eth-15m-1774404000-down,0.99,1.0,30,0.3000,WIN,524.0,213.28,2.4569,0x3c7089ce1e074ed7cc3667f2261de7452c01bca7776143fa200ed49d747fb5e5,25625925513648914555543583032236084939106592778549930202407753521571769520699,1774404000,2026-03-25 03:19:11,1.0
4ff97efb,2026-03-25 03:28:10,ETH 15m UP,UP,15m,eth-15m-1774404900-up,0.99,1.0,30,0.3000,WIN,820.07,224.38,3.6548,0x60b73cbcdc1e1bb79b39c457da56793378eab7381272c6bdb7fa7ea8f5618487,91231095251401082522477340077279430010490420816247487373261965069840178146081,1774404900,2026-03-25 03:34:11,1.0
ee8528ec,2026-03-25 03:29:04,ETH 5m UP,UP,5m,eth-5m-1774405500-up,0.99,1.0,30,0.3000,WIN,5.0,2.25,2.2222,0x51ada97f158df56dcb446abcbd697ed595d7cce5afeadff0cdbe18217f488272,4507592229692686955274865892944923140023722241295769811641829411099590527000,1774405500,2026-03-25 03:34:11,1.0
230e32ec,2026-03-25 03:34:10,ETH 5m UP,UP,5m,eth-5m-1774405800-up,0.99,1.0,30,0.3000,WIN,153.05,27.84,5.4975,0xc0bf5913dfc04329b7427bf968dfe1673f5db70c6c105ff1f270af023f0cb522,59720482443058523116776606110125867734189588342066471852533192471190411497282,1774405800,2026-03-25 03:39:11,1.0
fbfeede2,2026-03-25 03:34:33,BTC 5m UP,UP,5m,btc-5m-1774405800-up,0.99,1.0,30,0.3000,WIN,1940.8,1517.57,1.2789,0xa82d4e6a8c41855dd0de76c8cbde4397ceb784d2abc2dc731651a275d61d4bad,65083751244203780470467291069055290852472780334181891230156787314640463306999,1774405800,2026-03-25 03:39:11,1.0
fd1c778c,2026-03-25 03:39:38,BTC 5m UP,UP,5m,btc-5m-1774406100-up,0.99,1.0,30,0.3000,WIN,513.61,295.26,1.7395,0x7b9c16f6b7872cc08e7d935b2148436c331cf4d1a5e952927a59190cbc6d1961,30533892142169150738539758341713322213555507988908806943287244334854004163939,1774406100,2026-03-25 03:44:11,1.0
565af7b5,2026-03-25 03:39:47,ETH 5m UP,UP,5m,eth-5m-1774406100-up,0.99,1.0,30,0.3000,WIN,108.02,30.65,3.5243,0x49fc8d75dec9cd16bf0f5a36087679c7647fb2746dae42e034e1603a1d12d458,21235191584340503485938500416722406863281993439764846355346427275802983941657,1774406100,2026-03-25 03:46:12,1.0
dd64ca41,2026-03-25 03:55:52,BTC 15m DOWN,DOWN,15m,btc-15m-1774406700-down,0.99,1.0,30,0.3000,WIN,1905.46,1361.05,1.4000,0xad3ac66f2eb266137a88cad6040c788efbde3f0d58658f8a777da7eda6024584,8589938903373951683349123156354510749110824064222682792887191163578491802451,1774406700,2026-03-25 04:04:11,1.0
96287606,2026-03-25 03:57:05,ETH 15m DOWN,DOWN,15m,eth-15m-1774406700-down,0.99,1.0,30,0.3000,WIN,252.17,163.55,1.5419,0xcdf6bf660a8f330eab9201dfb4ce25f0948da06792c1be27e745d2630aaa978a,54061921751670093102586488406504520061029549922401305493725949073139215536114,1774406700,2026-03-25 04:06:11,1.0
3923ae05,2026-03-25 03:59:47,BTC 5m DOWN,DOWN,5m,btc-5m-1774407300-down,0.99,1.0,30,0.3000,WIN,740.53,235.64,3.1426,0x77f9edcbe922b4d39b73e825a935259a27fb68b92c125311131e353308c54d04,76524327777988529327099799066112067603882089010929704695953260190961459920664,1774407300,2026-03-25 04:06:12,1.0
ad9bd2b1,2026-03-25 04:04:42,BTC 5m UP,UP,5m,btc-5m-1774407600-up,0.99,1.0,30,0.3000,WIN,534.22,191.94,2.7833,0xbb5342c9e80c6a4bd10216d29069541cb6487afaa55a7d5ccd4a104d31842219,8064183198903403097606463393018802791481134914992376874581594068096075009419,1774407600,2026-03-25 04:09:11,1.0
074fd66c,2026-03-25 04:12:13,ETH 15m DOWN,DOWN,15m,eth-15m-1774407600-down,0.99,1.0,30,0.3000,WIN,781.51,509.75,1.5331,0x8101e2e78fedf214f2ed64d2adfe6521d1980d7f69b89ed1ac9ad9778aa11447,75692662003552022882126983308387250010033795475326093433184108123051543539508,1774407600,2026-03-25 04:19:11,1.0
19afcd49,2026-03-25 04:13:07,BTC 15m DOWN,DOWN,15m,btc-15m-1774407600-down,0.99,1.0,30,0.3000,WIN,938.76,709.44,1.3232,0xcc3ec554225cb157bda8fb639479aba845f14f5b4b560444679707bc481c7bd1,23330038982680619416368152359719992889375522005069118770772376446835308116463,1774407600,2026-03-25 04:19:11,1.0
8d28f440,2026-03-25 04:14:56,ETH 5m DOWN,DOWN,5m,eth-5m-1774408200-down,0.99,1.0,30,0.3000,WIN,80.57,47.73,1.6880,0x7dc51ec8a3495dd07167347e0e45d07884ea374075d506d5ef5f39d5d67cd725,60986464949022511406686294624956502660945808569577584106777450314448520351108,1774408200,2026-03-25 04:19:11,1.0
44e5a52b,2026-03-25 04:24:55,BTC 5m DOWN,DOWN,5m,btc-5m-1774408800-down,0.99,1.0,30,0.3000,WIN,418.63,330.17,1.2679,0x12ad6558325788a56e098f39f0cae6ededa8539ffdf4a1245c201d0dbdc4f258,15752545417983567985695831904779234079917488705710822371027747407336123247694,1774408800,2026-03-25 04:29:11,1.0
11b08a0d,2026-03-25 04:29:42,BTC 15m UP,UP,15m,btc-15m-1774408500-up,0.99,1.0,30,0.3000,WIN,983.72,509.95,1.9291,0x867112402fe7a9debec7f5d773afde122b35f6d42e009893456ec1651cf4b7de,99774206916193367077595442822780280560433806486622926517087343399634253342797,1774408500,2026-03-25 04:36:11,1.0
9d8ba9a9,2026-03-25 04:32:47,BTC 5m UP,UP,5m,btc-5m-1774409400-up,0.99,1.0,30,0.3000,WIN,2206.12,872.33,2.5290,0xba54fe5535e389f219e7e476f4b1ec4050d1b38194da3cb9ba3ef547f961734d,89740104421920435592312416643258202400328877479348703288467072979204899315162,1774409400,2026-03-25 04:39:11,1.0
69b90e9f,2026-03-25 04:37:33,BTC 15m UP,UP,15m,btc-15m-1774409400-up,0.99,1.0,30,0.3000,WIN,2235.32,1776.68,1.2581,0xca74aa46481f93a0fdb2547a046e2f6e2f0f0350df09f35a0a41cbfe10e80fe6,105278269758107118631367468506955599935128203181448020037131382842007318316931,1774409400,2026-03-25 04:49:11,1.0
797c9e3c,2026-03-25 04:38:11,BTC 5m UP,UP,5m,btc-5m-1774409700-up,0.99,1.0,30,0.3000,WIN,1030.94,579.17,1.7800,0x21f953ebbea673eb535942e6828aa490fccd1f30d0242816e710db1bfccdebfd,74047164859247587836267600651097503189212300402864097588485142960753698842360,1774409700,2026-03-25 04:44:11,1.0
4a7cd0f8,2026-03-25 04:39:09,ETH 5m UP,UP,5m,eth-5m-1774409700-up,0.99,1.0,30,0.3000,WIN,578.91,404.79,1.4301,0x3a6e9aaeafd990b31732193c45799ad7c963f3a81e86b1390c9665a3ce744d9f,77013767065989021743621818173047489377872295959191917549727102749551028235546,1774409700,2026-03-25 04:46:12,1.0
b4288fd1,2026-03-25 04:54:50,ETH 5m UP,UP,5m,eth-5m-1774410600-up,0.99,1.0,30,0.3000,WIN,139.54,69.13,2.0185,0x81ce588c5a45f67e41e096e648aebdbdc19f71f2fb7ff193f112a12ed173a8ad,49827882226403975220885489537738343001389136506593582584429941517305570468388,1774410600,2026-03-25 04:59:11,1.0
e6b372ce,2026-03-25 04:58:10,ETH 15m UP,UP,15m,eth-15m-1774410300-up,0.99,1.0,30,0.3000,WIN,573.55,327.89,1.7492,0x5fed7546a889e6edd37b8f16fc236d1ccc206186f093691f99b1c985b30f6cb0,11136072120198220583246907058253524661805758958364359097701516222731166368145,1774410300,2026-03-25 05:04:11,1.0
fdea6732,2026-03-25 05:09:28,ETH 5m UP,UP,5m,eth-5m-1774411500-up,0.99,1.0,30,0.3000,WIN,258.62,168.48,1.5350,0xc37ae909429dfe67feecafd75e5ae0830d1ace118272d67d77508829e9f659dd,106280256545512700735775053151958961496475422510446147312376754452614897575427,1774411500,2026-03-25 05:14:11,1.0
c37dab40,2026-03-25 05:09:43,BTC 5m UP,UP,5m,btc-5m-1774411500-up,0.99,1.0,30,0.3000,WIN,284.77,208.91,1.3631,0x7d1dd5df1ef555b6c175424c071e55fdae5ecd5e834ec39759645baf9f1893ff,67155507224573198119324811169272680007026712914092080770439764359568040235623,1774411500,2026-03-25 05:14:11,1.0
0819b18f,2026-03-25 05:10:07,BTC 15m UP,UP,15m,btc-15m-1774411200-up,0.99,1.0,30,0.3000,WIN,2828.95,1313.25,2.1542,0x557b6a1224af3a4b86df9449fce4bd6a58b51babee10be6bf353982f4a5dba48,87840452054776049295687597762476649372483127684206770420273342733885986883502,1774411200,2026-03-25 05:21:11,1.0
a5008910,2026-03-25 05:11:33,ETH 15m UP,UP,15m,eth-15m-1774411200-up,0.99,1.0,30,0.3000,WIN,510.92,98.0,5.2135,0x927a81b724bce3de57805e60e5f779d5a383a49dfed8a2cdd5e4310afab95756,66011531201415231540668977083961621182522633475970656103289728432432226242545,1774411200,2026-03-25 05:19:11,1.0
a447c43f,2026-03-25 05:24:49,ETH 5m DOWN,DOWN,5m,eth-5m-1774412400-down,0.99,0.0,30,-29.7000,LOSS,258.11,197.07,1.3097,0x76a98972edeea91054cb4c109d95807e2cd0b1d5c5028a54ceb2810b70e150d5,87869325254794800388429741706770355187314534603431623124147862525045055515586,1774412400,2026-03-25 05:29:11,0.0
f947dc25,2026-03-25 05:28:52,BTC 15m UP,UP,15m,btc-15m-1774412100-up,0.99,1.0,30,0.3000,WIN,1075.37,816.54,1.3170,0xde39362e6b21e830e085b7f7ca73fd9fcb4f81c51b8f1bc625337dc2188d64e4,112237574017251720748593860643680441051260836910679010268880759145909511754064,1774412100,2026-03-25 05:34:11,1.0
e834455a,2026-03-25 05:34:43,ETH 5m DOWN,DOWN,5m,eth-5m-1774413000-down,0.99,1.0,30,0.3000,WIN,104.3,69.72,1.4960,0xb8b789f12741b91a1b17e8831e185b74180f88f0ea36f39472cd682e56ca45c4,35969935218883476314528951850496966928237202587026170899088369817282535007067,1774413000,2026-03-25 05:41:11,1.0
3136b1e8,2026-03-25 05:39:48,ETH 5m DOWN,DOWN,5m,eth-5m-1774413300-down,0.99,1.0,30,0.3000,WIN,150.97,91.19,1.6556,0x1018599a0e50d86d5a42f2fc25b70119fdc181d7a8854eeb66046bf3c115f15f,31123997653037336986999891397844674290896687097666531490189081641922219858858,1774413300,2026-03-25 05:44:11,1.0
98f3d745,2026-03-25 05:42:48,BTC 15m DOWN,DOWN,15m,btc-15m-1774413000-down,0.99,1.0,30,0.3000,WIN,3623.49,2872.0,1.2617,0xc186b39f25e7ede211feadf15930739b2ec94f51b0448ba80881d3d1a565b087,87425252504404163130531749295038447275473802358275848552433034446247964778100,1774413000,2026-03-25 05:49:11,1.0
dddb6a59,2026-03-25 05:42:56,ETH 15m DOWN,DOWN,15m,eth-15m-1774413000-down,0.99,1.0,30,0.3000,WIN,135.95,89.3,1.5224,0x5dfd0a432a81fdcd9a76ca817b1b864f231517a178ca98e7e54c1e4aaceabe37,16138245918729508289439045555970242496774578631134896209343325866077372420165,1774413000,2026-03-25 05:47:10,1.0
35a697f2,2026-03-25 05:54:56,BTC 5m UP,UP,5m,btc-5m-1774414200-up,0.99,1.0,30,0.3000,WIN,266.48,90.93,2.9306,0xd5012b3d0e79d5fce6a878902101843dabab1f2c83331eb7c6d1e4980d6450fc,102477177225927634528625364164486569822122719584275085123517334347984902554277,1774414200,2026-03-25 05:59:11,1.0
c7286976,2026-03-25 05:57:41,ETH 15m UP,UP,15m,eth-15m-1774413900-up,0.99,1.0,30,0.3000,WIN,125.0,55.45,2.2543,0xf0c672a8d8042a4265e028808dae35c93728c17d7cff7fa7640a511fd243045d,77281206951431429124532889797511115475118139554114568067308982390854160123341,1774413900,2026-03-25 06:06:11,1.0
2dce451e,2026-03-25 05:57:42,BTC 15m UP,UP,15m,btc-15m-1774413900-up,0.99,1.0,30,0.3000,WIN,1064.05,427.05,2.4916,0x5a609eecbf5560268144a65d0785e4a5dc83c396ecabb4efd50c8f7e42ab99e6,73637846871125774863055084219460458866100796892978822176127435137851016381560,1774413900,2026-03-25 06:04:11,1.0
b3b9c226,2026-03-25 06:07:28,ETH 5m UP,UP,5m,eth-5m-1774415100-up,0.99,1.0,30,0.3000,WIN,503.86,232.73,2.1650,0xd0f71ad69314ab72d0601a20360dc4d13a02ffc1d752cbc688443673146bf71e,15478511323723512294224890009951192856879506172509848327972294681913972045618,1774415100,2026-03-25 06:14:11,1.0
cbec487e,2026-03-25 06:08:23,BTC 15m UP,UP,15m,btc-15m-1774414800-up,0.99,1.0,30,0.3000,WIN,4075.84,3042.19,1.3398,0x67f14740cd25f57e782a4e54539d3f1a12495ec7f05e7b3e5fafe1526bf007ba,47816335510034871278775164276229687206965361548325255472092024932498413265074,1774414800,2026-03-25 06:21:11,1.0
3c717b40,2026-03-25 06:08:30,ETH 15m UP,UP,15m,eth-15m-1774414800-up,0.99,1.0,30,0.3000,WIN,595.2,389.94,1.5264,0x31ae4acdaabdbb00156bbe99fef7476003bca14c41ae955b58854d92062c8bd8,16805711830712849161081948060217928708601507108687727864168207191060282631822,1774414800,2026-03-25 06:19:11,1.0
8928d422,2026-03-25 06:26:15,ETH 15m DOWN,DOWN,15m,eth-15m-1774415700-down,0.99,1.0,30,0.3000,WIN,306.48,104.9,2.9216,0xd401ef35ce13811270f51480aeff2075888b33e6fb569307fb71f7c60c883841,97621448768786588459537458504196181713969497320997707073766858598566681466975,1774415700,2026-03-25 06:34:11,1.0
59edbf31,2026-03-25 06:26:25,BTC 15m DOWN,DOWN,15m,btc-15m-1774415700-down,0.99,1.0,30,0.3000,WIN,1539.65,965.53,1.5946,0xbca44293918a89994ab471d41bfb30d3a4827ec3b59a6d9b068735b56069e7db,23596120880378224948986658222964885589749453887881954473272676878297061636593,1774415700,2026-03-25 06:34:10,1.0
51821a98,2026-03-25 06:29:02,BTC 5m UP,UP,5m,btc-5m-1774416300-up,0.99,1.0,30,0.3000,WIN,1425.31,1064.27,1.3392,0x827656abe83c23f6b1727fdd091b1fb0aeeb3e3d6e487a1127d3c0c9e5a00c78,33142030905624827647361114782540232634298994665910827786267560397486179087364,1774416300,2026-03-25 06:34:11,1.0
162fada6,2026-03-25 06:39:33,ETH 5m UP,UP,5m,eth-5m-1774416900-up,0.99,1.0,30,0.3000,WIN,658.0,175.4,3.7514,0x89d6ec9e9cd19ad6d815f5d64a45745621ab642287d8d54078fa3a58a12d6573,81282847078846621810592689856172436456046430749274368432349416655168775034438,1774416900,2026-03-25 06:42:10,1.0
fd65a14e,2026-03-25 06:44:52,ETH 15m UP,UP,15m,eth-15m-1774416600-up,0.99,1.0,30,0.3000,WIN,168.7,132.05,1.2775,0x77f412972dc065b00dc4b3fcf344854c859368b6f4a3f9ff5ebbd51be52ea079,41378557360583588481774170265824246063939872774832359244297687858077747411057,1774416600,2026-03-25 06:49:11,1.0
4d8ca572,2026-03-25 06:44:56,BTC 15m UP,UP,15m,btc-15m-1774416600-up,0.99,1.0,30,0.3000,WIN,52.45,39.71,1.3208,0xfefa7648427664be4dc813f5b3b3c3633513f29719ed67fc3e74ab727cd64a22,98222168676662727213696635603146645103995248784459855932854149947910961499057,1774416600,2026-03-25 06:49:11,1.0
6d39dc38,2026-03-25 06:55:35,ETH 15m DOWN,DOWN,15m,eth-15m-1774417500-down,0.99,1.0,30,0.3000,WIN,281.81,84.71,3.3268,0xcba480b5c53cc5942a61cdbb6483026c4068824e82b90fa8e5c1e7b9faf4764c,58628602988041014273376362346724067402838999793118316614165384833525453600095,1774417500,2026-03-25 07:04:11,1.0
a5e3eb75,2026-03-25 07:04:47,BTC 5m DOWN,DOWN,5m,btc-5m-1774418400-down,0.99,1.0,30,0.3000,WIN,717.3,234.6,3.0575,0x418ed1f889ff6a8b26f463fe2e0565748538ad23a5273cd9901c9821e5154a23,49769922971353999947384917942441341757423408970161559472843037886436697559625,1774418400,2026-03-25 07:09:11,1.0
e45b13aa,2026-03-25 07:09:29,BTC 5m DOWN,DOWN,5m,btc-5m-1774418700-down,0.99,1.0,30,0.3000,WIN,3336.25,2649.49,1.2592,0x68b4feb77df3cbcdb9b252bf80ab8a0de9ea83b31a0e5971512afe4dba85851b,77087401080557615651326321838777905570734816157770427473522668223620276112690,1774418700,2026-03-25 07:16:12,1.0
3ff790bf,2026-03-25 07:11:00,ETH 15m DOWN,DOWN,15m,eth-15m-1774418400-down,0.99,1.0,30,0.3000,WIN,299.29,62.26,4.8071,0xb3ad3c246a52ad1d926dbb74d576bab5a3643f29fb6cafa1e166ee592166688c,16901488455111499037198967967221008521148338231074136439758975450288001926959,1774418400,2026-03-25 07:19:11,1.0
d1cd8dd2,2026-03-25 07:12:47,BTC 15m DOWN,DOWN,15m,btc-15m-1774418400-down,0.99,1.0,30,0.3000,WIN,1829.37,1232.91,1.4838,0x94e1d0a8eacce25922bcc753a72b4fc46b3631e08e4d29c64d0ac90c7fd75b46,82595019420742830186677970822921442456071989861552887054341856640778713219645,1774418400,2026-03-25 07:19:11,1.0
50e54b7e,2026-03-25 07:14:45,ETH 5m UP,UP,5m,eth-5m-1774419000-up,0.99,1.0,30,0.3000,WIN,360.85,269.12,1.3409,0x7617b8d2315bac264bfa1d3b712c581b0031917ab18c034ce833b437658ab34c,99791879135668370615673595293886823900468017251709487349822438987348640018291,1774419000,2026-03-25 07:19:11,1.0
9ffdabc8,2026-03-25 07:23:26,BTC 15m UP,UP,15m,btc-15m-1774419300-up,0.99,1.0,30,0.3000,WIN,2236.36,1335.37,1.6747,0x987a8ed116328ba16fbf156062b380ad6343ec74cd2a976fb26e08479f010dd1,19703154283177645936400938657021096881674876343207309280718048344101624846269,1774419300,2026-03-25 07:34:11,1.0
f9724c9e,2026-03-25 07:23:34,ETH 15m UP,UP,15m,eth-15m-1774419300-up,0.99,1.0,30,0.3000,WIN,607.79,134.95,4.5038,0x1a23375ba39bc641b3b2d2a7939081121264c4c3af0996a119825addda3f3dae,26214983607033370942516486157479021094422715436777288182035060929418367688215,1774419300,2026-03-25 07:34:11,1.0
4f5d6f57,2026-03-25 07:23:37,ETH 5m UP,UP,5m,eth-5m-1774419600-up,0.99,1.0,30,0.3000,WIN,360.69,213.04,1.6931,0xee40e6ea65485ee74688fae86bd8a522536a14c97b51bb1c6657b2744fa01ba0,82180562483197624638290537295505338083918049755526058106563552901452503450412,1774419600,2026-03-25 07:29:11,1.0
b18e4b48,2026-03-25 07:39:11,ETH 5m DOWN,DOWN,5m,eth-5m-1774420500-down,0.99,1.0,30,0.3000,WIN,554.48,426.92,1.2988,0x9f8988e61b8253eab4bd26f785feae26ce58fcef6162fb90311c5f72e68b9e66,58451683294690360862951183016739085508841624439139386178635004021481365369886,1774420500,2026-03-25 07:46:11,1.0
15193d62,2026-03-25 07:39:51,BTC 5m DOWN,DOWN,5m,btc-5m-1774420500-down,0.99,1.0,30,0.3000,WIN,3127.41,2492.29,1.2548,0x67260a805c42714428b36ae84b7e053a2f55a0872e40aabfe50cee544d888e82,42823402105504885111793249008159576733787441994770672073858267009521755468731,1774420500,2026-03-25 07:44:11,1.0
12423518,2026-03-25 07:44:37,BTC 15m DOWN,DOWN,15m,btc-15m-1774420200-down,0.99,1.0,30,0.3000,WIN,1000.08,521.81,1.9166,0x7012976e9bd45a92ad887cb15c0553a006eaf241818640153e6b587e30b19e93,39139278171773970887596276700568112451431115431927688560605645350810929616712,1774420200,2026-03-25 07:49:11,1.0
4784aca6,2026-03-25 07:56:45,BTC 15m DOWN,DOWN,15m,btc-15m-1774421100-down,0.99,1.0,30,0.3000,WIN,2273.09,1612.62,1.4096,0x838e46b1e0f830df2167c578f3596ac3645dce5ec894b530a4a7729ba8a0e5d1,39289396908332595088036304243599578212335929127222375925069604612997759918007,1774421100,2026-03-25 08:04:11,1.0
a8766966,2026-03-25 07:57:59,ETH 15m DOWN,DOWN,15m,eth-15m-1774421100-down,0.99,1.0,30,0.3000,WIN,213.58,131.5,1.6242,0x5c08cb30420643a9a096628e5153a6392824b85aa5d9473bc8417e629af47ac1,69400060849258434886518173972219161154154856357465837051788145840582263961407,1774421100,2026-03-25 08:04:11,1.0
b7be3b9d,2026-03-25 08:04:10,ETH 5m UP,UP,5m,eth-5m-1774422000-up,0.99,1.0,30,0.3000,WIN,284.0,226.51,1.2538,0x49ff1e0acc930612cb17b099442f79ac837d986785214bb25b791931aa7ed93d,38231099901895295913063409900069009292070672972229573352440883367388431340398,1774422000,2026-03-25 08:11:11,1.0
88484ed8,2026-03-25 08:11:03,ETH 15m UP,UP,15m,eth-15m-1774422000-up,0.99,1.0,30,0.3000,WIN,835.84,603.4,1.3852,0x7e94c68128e3bb3f30cca7f1cf696c8d08f59d1626808c043e5aaeca01ac12ee,50968849566654515659854060059498973346125569473744551507997880673653206994989,1774422000,2026-03-25 08:19:11,1.0
af368a75,2026-03-25 08:11:47,BTC 15m UP,UP,15m,btc-15m-1774422000-up,0.99,1.0,30,0.3000,WIN,1525.63,802.05,1.9022,0x7b78a24c0d836e24275a5360d8f0d45212b0ebe0dec5dc86ae69195a265358ff,58674355908238413270565762149468514302028063034992951017508811086391267982379,1774422000,2026-03-25 08:19:11,1.0
52ad45b5,2026-03-25 08:12:59,ETH 5m UP,UP,5m,eth-5m-1774422600-up,0.99,1.0,30,0.3000,WIN,306.08,243.11,1.2590,0xc6b15876d91056b2b6c7a2906747b723ce6414ead2e54b1eeaf38cf4ae49eb0b,88001601103387409970666409545755868117944524555730802775147623672145454724454,1774422600,2026-03-25 08:19:11,1.0
a79e6a96,2026-03-25 08:24:40,BTC 5m DOWN,DOWN,5m,btc-5m-1774423200-down,0.99,1.0,30,0.3000,WIN,564.37,409.67,1.3776,0xa0041453d2485f4254eeaae856527d0b89bec1ac723f1288a1008e4e6e8699fb,112942186274023588683232211680386395882205174083004990128003623529407136562560,1774423200,2026-03-25 08:29:11,1.0
b29c8638,2026-03-25 08:24:45,ETH 5m DOWN,DOWN,5m,eth-5m-1774423200-down,0.99,1.0,30,0.3000,WIN,190.49,118.69,1.6049,0x12183578b9b3a3b2039e78d700b711628e30336ed828df5f7e62a89fe8574a5b,35564400279355242356207406712620768376244400775194086109727893043726532848667,1774423200,2026-03-25 08:29:11,1.0
d7d02885,2026-03-25 08:27:00,ETH 15m DOWN,DOWN,15m,eth-15m-1774422900-down,0.99,1.0,30,0.3000,WIN,183.32,111.55,1.6434,0xa7e4420b9f826d9c2ab40076a2c8c7645358d6436ee1a2b3c112cc23b76febcc,112273230785585588803418836108110145352013810072425208308158948754200881377814,1774422900,2026-03-25 08:34:11,1.0
7502c38c,2026-03-25 08:39:38,BTC 15m UP,UP,15m,btc-15m-1774423800-up,0.99,0.0,30,-29.7000,LOSS,5194.21,1195.94,4.3432,0x78a6a3137a1a0735ca41e1739c2e6abdaab4e187e43a0fcb2fdf22a786dee943,24519242834585226463261471839557387916260161745175369657931498665863489563846,1774423800,2026-03-25 08:49:11,0.0
532dd98b,2026-03-25 08:39:47,BTC 5m UP,UP,5m,btc-5m-1774424100-up,0.99,1.0,30,0.3000,WIN,1585.27,1158.8,1.3680,0xd25037da903dc9b784dc477b65d1c5cf541ec6aebe2015242d38e94e447ae348,24839660222444419671088502825383476275074219147509756510497790391628724861758,1774424100,2026-03-25 08:44:11,1.0
b39861d7,2026-03-25 08:44:48,ETH 5m DOWN,DOWN,5m,eth-5m-1774424400-down,0.99,1.0,30,0.3000,WIN,247.0,185.3,1.3330,0x09f04892b326d1d9dc7d84642612a7a78eec07811e568bed858b6478574a133c,6057561585267591383084527627756198227758727672788633995841092280145029453534,1774424400,2026-03-25 08:49:11,1.0
3b10065d,2026-03-25 08:47:55,ETH 5m DOWN,DOWN,5m,eth-5m-1774424700-down,0.99,1.0,30,0.3000,WIN,982.62,161.83,6.0719,0x0583e26355ed133bf5eeec8babc6f2c62ced5e67d723088299fab5cf7d90354e,38066626287805990187122976680257157791794047292712720942761902255485221203566,1774424700,2026-03-25 08:54:11,1.0
667b8c1a,2026-03-25 08:55:10,ETH 15m DOWN,DOWN,15m,eth-15m-1774424700-down,0.99,1.0,30,0.3000,WIN,145.17,62.37,2.3276,0xdd1e1c9dd416aa20756373618fbdb8910d200bd3fd10914807c38c732b848d84,39947544293269587568852285472506908769533472537043368030452986389351902430135,1774424700,2026-03-25 09:04:11,1.0
117e856e,2026-03-25 08:55:16,BTC 15m DOWN,DOWN,15m,btc-15m-1774424700-down,0.99,1.0,30,0.3000,WIN,1784.24,1302.23,1.3701,0x3ebc9f6cae3254f33d60b061d236f948ce87595e2729eb1f8aff2919c1868379,17802899430099839042064179144748661634349880970846454367502984579271233178612,1774424700,2026-03-25 09:06:11,1.0
01b2f7a9,2026-03-25 09:13:07,BTC 15m DOWN,DOWN,15m,btc-15m-1774425600-down,0.99,1.0,30,0.3000,WIN,3376.3,1561.33,2.1625,0x180c68cb01441cfb83e6b4cd5e40e7ff584775e474025a257ef95c96f09a2506,107230332791090406100134075312205252091144128735879175951361267491730936118738,1774425600,2026-03-25 09:19:11,1.0
ae4ba201,2026-03-25 09:14:38,BTC 5m DOWN,DOWN,5m,btc-5m-1774426200-down,0.99,1.0,30,0.3000,WIN,1524.22,1151.83,1.3233,0xf35d2369f8c869caf838b43bf95288dba3bb85751ce7a999ae0a3ff7a3494206,80818980255978410201186446639758513525764103297903124288878940310857334429709,1774426200,2026-03-25 09:19:11,1.0
abb91335,2026-03-25 09:28:05,ETH 5m UP,UP,5m,eth-5m-1774427100-up,0.99,1.0,30,0.3000,WIN,214.37,40.26,5.3246,0xf6fc188c028b4cd6e815edc1e1c9b36eee171f34b71f72eed035caaf2862b918,43509507680818935765045997444902162415204996559456029194240090943942653973558,1774427100,2026-03-25 09:36:12,1.0
ee18ffd7,2026-03-25 09:28:35,BTC 5m UP,UP,5m,btc-5m-1774427100-up,0.99,1.0,30,0.3000,WIN,1082.98,598.74,1.8088,0xcd2426fd668f1ffe03205b939060de0f39b0c458c411a1aafcac9321979090d6,110659518593001646084744785285600959373376080701040658973085253068042812362471,1774427100,2026-03-25 09:36:11,1.0
7f4a43a1,2026-03-25 09:41:17,BTC 15m UP,UP,15m,btc-15m-1774427400-up,0.99,1.0,30,0.3000,WIN,2505.83,932.92,2.6860,0xe0d9a53ff2b5eaa8e5afff45578c3286521bb7dc18959ca04865dc7c52c3bc88,61448098888973970422732327293042883840130486820970380324068799991794001311872,1774427400,2026-03-25 09:49:11,1.0
4afa4774,2026-03-25 09:44:00,BTC 5m UP,UP,5m,btc-5m-1774428000-up,0.99,1.0,30,0.3000,WIN,3808.74,2894.44,1.3159,0x2fcf084de983ad225c67f724aad8fceac294e208d5a23d9ccaa665eebc74ab02,35261921855473617469808896789864320342549431214445965708845467436746972415622,1774428000,2026-03-25 09:51:11,1.0
907653b0,2026-03-25 10:04:39,ETH 5m UP,UP,5m,eth-5m-1774429200-up,0.99,1.0,30,0.3000,WIN,87.0,45.84,1.8979,0x8d43ec2b468ae536edc5a51013b3172518a4c7150bcf0a5697ef506751f498d1,93587104043969375791927736924632834454050806495750262982315479567578462879350,1774429200,2026-03-25 10:09:11,1.0
57db5cbc,2026-03-25 10:04:52,BTC 5m UP,UP,5m,btc-5m-1774429200-up,0.99,1.0,30,0.3000,WIN,1112.26,888.04,1.2525,0x8f2b45ccee4f872de6fa974b2b4e3c7154c51333fd7969cc950c97c4769b54dc,89272053138720135662279857383239865022724393513023008492166796548848157475962,1774429200,2026-03-25 10:09:11,1.0
f02dc158,2026-03-25 10:12:01,ETH 15m UP,UP,15m,eth-15m-1774429200-up,0.99,1.0,30,0.3000,WIN,210.07,161.56,1.3003,0x50ac75788635479a924d40c9f63f2713e6c6ebf88ccf776e24cf0b6366608f1e,65346040927491486283878471489302458314772741985515967594258664866981458530497,1774429200,2026-03-25 10:17:10,1.0
3ba536e7,2026-03-25 10:13:44,BTC 15m UP,UP,15m,btc-15m-1774429200-up,0.99,1.0,30,0.3000,WIN,1760.86,1393.44,1.2637,0x3acd45c04450cd826c40e5f2404e919a3937448d9bbc934e58551c9e33792f70,100722005184835993075969784026109254415896389275505628739838611899202887212038,1774429200,2026-03-25 10:19:11,1.0
8c6e0459,2026-03-25 10:28:01,ETH 15m UP,UP,15m,eth-15m-1774430100-up,0.99,1.0,30,0.3000,WIN,330.34,204.24,1.6174,0x9fc2ccb1131c36631770c28aeb513a4d96a88c06dcd249c5833dc4759b70533b,54246249137387511703831681773626824547415256239297073409548581829914224161232,1774430100,2026-03-25 10:34:11,1.0
3543f663,2026-03-25 10:28:07,ETH 5m UP,UP,5m,eth-5m-1774430700-up,0.99,1.0,30,0.3000,WIN,201.87,111.17,1.8159,0x699b461b68cea540317fb47059ae3146f3818788c38e20d4f1eb4038b640428f,15372753908237615059359371508748794388179700922057550471253034229325160892952,1774430700,2026-03-25 10:34:11,1.0
d3073035,2026-03-25 10:29:31,BTC 5m UP,UP,5m,btc-5m-1774430700-up,0.99,1.0,30,0.3000,WIN,682.99,527.66,1.2944,0xfd45543325048a3554046201168da98843a0102596ca51d556ce69d5bc9b757b,68077593437759371992231961187873770904842744575944297768969052861664309619012,1774430700,2026-03-25 10:34:11,1.0
8af21f2e,2026-03-25 10:44:37,ETH 5m DOWN,DOWN,5m,eth-5m-1774431600-down,0.99,1.0,30,0.3000,WIN,48.0,13.41,3.5794,0x1bbab8b3644b296597f353167184a519ff2a25b53ffa81dcda7fc2b21d7b16c1,6718345010459218568230465736108897732871844902565817509404662188289698651962,1774431600,2026-03-25 10:49:11,1.0
ecbe87d4,2026-03-25 10:44:49,BTC 5m DOWN,DOWN,5m,btc-5m-1774431600-down,0.99,1.0,30,0.3000,WIN,2292.47,1605.3,1.4281,0x65c370ceff530d446b156c1ace6a2d0c5db0850247c5c9084059bd9ca4da3bd9,21579296535539656883764669314607136181798573513390831098000166019954216889434,1774431600,2026-03-25 10:49:11,1.0
f00afd50,2026-03-25 10:44:54,ETH 15m DOWN,DOWN,15m,eth-15m-1774431000-down,0.99,1.0,30,0.3000,WIN,236.84,172.2,1.3754,0x88ae6bf1c76bc1c685a6834cf7d34a19b1e4dfcf69db9e4d4babf2dfde1d3bf3,89597501301061156423692944085462571951211512923293156330995940693108858918322,1774431000,2026-03-25 10:49:11,1.0
f7dae68a,2026-03-25 10:58:11,ETH 5m UP,UP,5m,eth-5m-1774432500-up,0.99,1.0,30,0.3000,WIN,291.28,158.21,1.8411,0xeed14419399c19feec2b752a53894712b6353975b51f5556c5d04357e62c3250,6015587492146762590347401733764995780280278731625963973865159885322301365197,1774432500,2026-03-25 11:06:12,1.0
0234c265,2026-03-25 10:58:45,BTC 5m UP,UP,5m,btc-5m-1774432500-up,0.99,1.0,30,0.3000,WIN,3714.4,2948.36,1.2598,0x18a53ced2e70bd200f6a712843c67f6de0af26f2cdc4178e054d13af5d284e93,1170227741118416662539286650346856462291555145128896951793233046225058641793,1774432500,2026-03-25 11:04:11,1.0
146c4792,2026-03-25 10:58:50,BTC 15m UP,UP,15m,btc-15m-1774431900-up,0.99,1.0,30,0.3000,WIN,970.22,358.64,2.7053,0xdfffff1acc417955365d9443df2a60c92463f9a1d7e6dd49e929da560a2f0a3c,94968108333533996594972522143005139915566453605362225353816696780759594365340,1774431900,2026-03-25 11:04:11,1.0
cec6d066,2026-03-25 11:13:16,BTC 15m UP,UP,15m,btc-15m-1774432800-up,0.99,1.0,30,0.3000,WIN,719.56,538.66,1.3358,0x7c0bd8fe549a1f70c62be6f1a1c6870944ecdcd226005c31c8086aafb86d378d,65668234500168758530379396080019403282542662945079104624030697377779444274257,1774432800,2026-03-25 11:19:11,1.0
525ac3a4,2026-03-25 11:14:52,ETH 5m DOWN,DOWN,5m,eth-5m-1774433400-down,0.99,1.0,30,0.3000,WIN,237.5,174.58,1.3604,0x08f3b730516ad444775c50c51de4d0ca0e21640f841b846b4aeb947b9282465b,85203262086410018626578424510620843636801844380547706884657640163673147832165,1774433400,2026-03-25 11:17:10,1.0
03fd9d2f,2026-03-25 11:14:57,BTC 5m UP,UP,5m,btc-5m-1774433400-up,0.99,1.0,30,0.3000,WIN,101.1,79.41,1.2731,0x74087306cc6ee21e967ccc28464f3ded760cd3cdcc1764eada9c906c09fa6fca,13930011821856335443804183885298448959361466510019089444802136211434955648581,1774433400,2026-03-25 11:19:11,1.0
39cd0358,2026-03-25 11:29:13,ETH 15m DOWN,DOWN,15m,eth-15m-1774433700-down,0.99,1.0,30,0.3000,WIN,111.64,80.18,1.3924,0x4a9c4ec3b4b7f0280061904c4ea0ca02d377b2a314e25c8a36bdbdd7ba222adc,27760692298915284031284132543374706950782493643439629579866217618682857705747,1774433700,2026-03-25 11:36:11,1.0
f678169b,2026-03-25 11:39:50,ETH 5m DOWN,DOWN,5m,eth-5m-1774434900-down,0.99,1.0,30,0.3000,WIN,256.5,185.33,1.3840,0x6bba21c8a2b1575e60b8f40c893fa1e9b0cae7a91f4d10489fe04fdcff182f71,62211928437629290677876344136878274054977103564325670276150047963911319322269,1774434900,2026-03-25 11:42:11,1.0
ecc82377,2026-03-25 11:42:58,ETH 15m DOWN,DOWN,15m,eth-15m-1774434600-down,0.99,1.0,30,0.3000,WIN,216.88,49.02,4.4243,0xcd66140d9b53cc26611ee172f242d953596f0bbbda4acbbd15ddd56827451752,59216898920915714786137117610571155656215064611371174674600043879947424147585,1774434600,2026-03-25 11:49:10,1.0
113a2062,2026-03-25 11:44:29,BTC 5m UP,UP,5m,btc-5m-1774435200-up,0.99,1.0,30,0.3000,WIN,2693.65,2021.88,1.3323,0x823b5bc6920624ce4ca1780c5166b7ebdde777c5527e2e2eeb29216635a4d198,38984981950199403851934157848981593334425671386264968655883893824119433719443,1774435200,2026-03-25 11:49:11,1.0
3ec82890,2026-03-25 11:48:19,BTC 5m UP,UP,5m,btc-5m-1774435500-up,0.99,1.0,30,0.3000,WIN,3081.19,2419.89,1.2733,0xb2c1e35d6d6c0a112f16ed8e34474c1343b080c6b8fb4b728bd6d3ab94b96ee8,82431011893344701592490071122967354661778661445675800662939874828127082014734,1774435500,2026-03-25 11:56:11,1.0
38c834fc,2026-03-25 11:59:10,BTC 15m UP,UP,15m,btc-15m-1774435500-up,0.99,1.0,30,0.3000,WIN,1160.82,691.51,1.6787,0x25c92f327eb677f3654d57b411afab438f2fe4ffb54e271793427dae1daf21cc,113484904681278045388016974066447464238799531283154446207035970976554676126318,1774435500,2026-03-25 12:06:11,1.0
7def4038,2026-03-25 11:59:10,BTC 5m DOWN,DOWN,5m,btc-5m-1774436100-down,0.99,1.0,30,0.3000,WIN,1261.37,924.89,1.3638,0x4da45c16b494c56b5904c0a7cb14c3b3a80606a129b6890d5dc920d12f2fc2bc,6573800744911604375903135145620173586457391032760713000630071201940137349818,1774436100,2026-03-25 12:04:11,1.0
c3344887,2026-03-25 11:59:35,ETH 5m DOWN,DOWN,5m,eth-5m-1774436100-down,0.99,1.0,30,0.3000,WIN,310.98,245.49,1.2668,0x3a1498b0ff8da30f6169a0e5c94e0f3b0fcb2ce30aee304703029475d1cd51ab,48970317306473412210327509504395875500739959379948482193207149461602221853618,1774436100,2026-03-25 12:06:11,1.0
928d80cd,2026-03-25 12:14:12,BTC 5m UP,UP,5m,btc-5m-1774437000-up,0.99,1.0,30,0.3000,WIN,2627.41,274.28,9.5793,0xfe81a1496d776aea3444c0898ab138459e9901f46d67be5eba91ba2e52b5db53,77511437564607837873546326296461441876909849194487129983561645714167638625126,1774437000,2026-03-25 12:17:11,1.0
b9fe95ef,2026-03-25 12:14:26,ETH 5m UP,UP,5m,eth-5m-1774437000-up,0.99,1.0,30,0.3000,WIN,14.98,9.78,1.5317,0x2dd0d9f7f3b4cb99668eb625af8bcb709e1dcba3fc9b1a9b203460c26d1774cc,28684247151158698036810572643544696463672036197111752052488936054683400862869,1774437000,2026-03-25 12:21:11,1.0
ef73a767,2026-03-25 12:14:27,ETH 15m UP,UP,15m,eth-15m-1774436400-up,0.99,1.0,30,0.3000,WIN,15.0,10.77,1.3928,0x769795568d0a4d5b9f13996690ff26656a35e9752cc5bebc87167b41414c7d86,35051459561318999144146235475380550688106727859230867982299332593221047768932,1774436400,2026-03-25 12:21:11,1.0
4ec1125c,2026-03-25 12:34:09,ETH 5m UP,UP,5m,eth-5m-1774438200-up,0.99,1.0,30,0.3000,WIN,428.48,323.96,1.3226,0x634f2674049785ee9896bf520a1c7a607f33c0009a36f41a7753dbd37dcf96f2,102109459772330193357718573890547970334327130295694260751304074086657201236216,1774438200,2026-03-25 12:39:10,1.0
d3f13c47,2026-03-25 12:34:21,BTC 5m UP,UP,5m,btc-5m-1774438200-up,0.99,1.0,30,0.3000,WIN,2827.25,2083.85,1.3567,0x7d70607ae9f6c75ea89fff43f95d5c956cdc54bd291d7ef78d72c2d8b0694d0e,115026955828181395232239885767418807673120466527099757162847042054492115489477,1774438200,2026-03-25 12:39:11,1.0
b056fda0,2026-03-25 12:39:50,ETH 5m DOWN,DOWN,5m,eth-5m-1774438500-down,0.99,1.0,30,0.3000,WIN,179.88,114.48,1.5713,0xbca670b21afa60152264652b236fd0bf3a21f6ab4cdb4f1459a93984821cb16d,103973251591380280284756752796975658706360077803235696943946518882300610033213,1774438500,2026-03-25 12:44:10,1.0
d1093244,2026-03-25 12:48:13,BTC 5m DOWN,DOWN,5m,btc-5m-1774439100-down,0.99,1.0,30,0.3000,WIN,558.55,393.54,1.4193,0x918d0c45686dd489ad9add88b7da14d477ba72062f2d9968e028083872f03d66,67601777199632079630826452576402865181378297764800874102043185230164863704028,1774439100,2026-03-25 12:54:12,1.0
a4942b96,2026-03-25 12:48:38,ETH 5m DOWN,DOWN,5m,eth-5m-1774439100-down,0.99,1.0,30,0.3000,WIN,680.18,354.48,1.9188,0xb59686f1eca5677dd035791ccd226056781d55c37aab65288b186259684e28db,23662886890883462280218474770933748217796177962412279519796850744684765760107,1774439100,2026-03-25 12:54:12,1.0
1ab8f756,2026-03-25 12:54:35,ETH 5m UP,UP,5m,eth-5m-1774439400-up,0.99,1.0,30,0.3000,WIN,410.0,152.65,2.6859,0xbc2fb8a5bb2a35e67e8fc0f91fe952b32c11496b988c94990146d28a08974db5,51173885007512393595452358567924818327855700405239627131931923554996377865769,1774439400,2026-03-25 13:01:11,1.0
6f8c22ce,2026-03-25 13:04:10,BTC 5m UP,UP,5m,btc-5m-1774440000-up,0.99,1.0,30,0.3000,WIN,3066.89,2433.87,1.2601,0x52bc7183179343e7210e1a1c8ba6a9fb7f149a24e21fd6fe07d3453e1126076e,40627552727769785044165011595814205507252935730698234621986812484275250683544,1774440000,2026-03-25 13:07:11,1.0
3b76cfa2,2026-03-25 13:04:16,ETH 5m UP,UP,5m,eth-5m-1774440000-up,0.99,1.0,30,0.3000,WIN,426.88,318.81,1.3390,0x1206f2ac9134b57e540e6c0451fea30141c139dcd8b4506eb32cbdc3ab37111b,7143030956518220499273655331144911998742000448580335623146997167552875690223,1774440000,2026-03-25 13:07:11,1.0
b1f2ed03,2026-03-25 13:11:03,ETH 15m UP,UP,15m,eth-15m-1774440000-up,0.99,1.0,30,0.3000,WIN,580.7,463.24,1.2536,0x39f922526855034049ea4147b9b3eaa3acc34d3617ac757faf44b7cecb4d6c97,15609227041799141285445965525976902110062965956696237875575946292839415461595,1774440000,2026-03-25 13:19:11,1.0
6badc40d,2026-03-25 13:16:55,BTC 5m DOWN,DOWN,5m,btc-5m-1774440900-down,0.99,1.0,30,0.3000,WIN,3691.96,2809.26,1.3142,0x733af1aab00f8b7db47a2d89a615961446269d9d18b5273aaa3d3c7829f11c80,36903318591733067233030334123319961711172187006700227257919017699614701312628,1774440900,2026-03-25 13:24:11,1.0
c6b80e30,2026-03-25 13:16:56,ETH 5m DOWN,DOWN,5m,eth-5m-1774440900-down,0.99,1.0,30,0.3000,WIN,357.77,249.91,1.4316,0x04716d0ba8e2c87feccc8520a084ce43dea39e0f7004cd432dba9edd541340a9,67279872893421773635753053070723079819291870458112201730320023993865222250353,1774440900,2026-03-25 13:26:11,1.0
8778e050,2026-03-25 13:34:48,ETH 5m UP,UP,5m,eth-5m-1774441800-up,0.99,1.0,30,0.3000,WIN,285.58,203.02,1.4067,0x1b7a9c9a842c989d0628ae46baa777dbf4480ded554343802f798eb512ac241a,72023162860361806900508891963755861847787711804235349856145184692889850209991,1774441800,2026-03-25 13:39:11,1.0
5ac10988,2026-03-25 13:39:52,ETH 5m UP,UP,5m,eth-5m-1774442100-up,0.99,1.0,30,0.3000,WIN,190.59,141.82,1.3439,0xe0e8cda7c00f66dacf504febffdf8050e6cea5006fe121707c99c5300b53699a,98365415860395125922733756856760657268811172913617453934280199003832543065401,1774442100,2026-03-25 13:46:11,1.0
1e190002,2026-03-25 13:39:54,BTC 5m UP,UP,5m,btc-5m-1774442100-up,0.99,1.0,30,0.3000,WIN,2089.6,1109.16,1.8839,0x754826f50ce9f1fe083ac8c013edbbdf2aee461f81b6a6589f1f6b86236e2693,70607221865377464256747773496794897155225805036354577222373727180728838921569,1774442100,2026-03-25 13:42:11,1.0
d102a9b7,2026-03-25 13:49:38,BTC 5m DOWN,DOWN,5m,btc-5m-1774442700-down,0.99,1.0,30,0.3000,WIN,2251.6,721.03,3.1228,0x3f17c6e5fbe154932fffa17114ef07a89c957b8aebfdd5a5605cb4e6a532acf0,100560894064727342378982234053009798468789804933805745357633544486918900538709,1774442700,2026-03-25 13:56:11,1.0
d3a66de0,2026-03-25 13:54:44,ETH 5m UP,UP,5m,eth-5m-1774443000-up,0.99,1.0,30,0.3000,WIN,58.39,25.25,2.3125,0x24c8838daf8b5ca86b00b425eb562da44afbbf45e3f246c0f1d2142d9ead0f8d,92540848103106698608114089104657973361739806080919970765405101824614194022246,1774443000,2026-03-25 13:57:11,1.0
233afd8d,2026-03-25 13:54:46,BTC 5m UP,UP,5m,btc-5m-1774443000-up,0.99,1.0,30,0.3000,WIN,2159.84,1676.57,1.2882,0x6597596d660bc64b5ef82b88647da3f2fac2f2950146eba2e187c2ef624fc979,59820558522970363537079021846904662396309343231626643698596595962151384997146,1774443000,2026-03-25 13:59:10,1.0
28e52c85,2026-03-25 14:04:45,ETH 5m UP,UP,5m,eth-5m-1774443600-up,0.99,1.0,30,0.3000,WIN,40.94,10.0,4.0940,0x5846e713fc71f7ec4858a7132c0ba64b94e14582964125241bad4072443dc235,63368901957984065518373909712878030178041829053509013424154455595046216100736,1774443600,2026-03-25 14:09:11,1.0
3c44c0b1,2026-03-25 14:04:55,BTC 5m UP,UP,5m,btc-5m-1774443600-up,0.99,1.0,30,0.3000,WIN,332.59,151.0,2.2026,0xc2dedde7706c1037d4904d1c86a93248078184973541126d60191588ccfebfe0,2997409876573030953793034372430487205096982790572510440730064873861192342042,1774443600,2026-03-25 14:09:11,1.0
1310b4cd,2026-03-25 14:09:17,ETH 5m DOWN,DOWN,5m,eth-5m-1774443900-down,0.99,1.0,30,0.3000,WIN,365.29,284.08,1.2859,0x92b4d3cdf36404ba4b3dd50460d069d2d8bc2e490e372f01678bb4abaadae9c8,32664524908235249688036835936120869681036284444447580293147696449863508390235,1774443900,2026-03-25 14:16:11,1.0
7a8fbe70,2026-03-25 14:19:30,BTC 5m DOWN,DOWN,5m,btc-5m-1774444500-down,0.99,1.0,30,0.3000,WIN,1455.17,1128.5,1.2895,0xcb0e6df3aa6ce47a2900672a93b66f351a71a73083f1eb6d790ce0573787930a,115021373731359893116219058285979754095953324454765580902186143319078039584262,1774444500,2026-03-25 14:26:12,1.0
9625e93f,2026-03-25 14:19:32,ETH 5m DOWN,DOWN,5m,eth-5m-1774444500-down,0.99,1.0,30,0.3000,WIN,208.69,161.99,1.2883,0x8d3bc00e0c375e4dc03fa8d2221bc3f4ac8ed05857bcdcfd91977b458334f036,21156175121246327802832837408371198332989488958985054447485065929771325040413,1774444500,2026-03-25 14:26:11,1.0
4496fd92,2026-03-25 14:24:54,BTC 5m DOWN,DOWN,5m,btc-5m-1774444800-down,0.99,1.0,30,0.3000,WIN,1502.74,1183.12,1.2702,0x9256741de83676887b5c42b5b17aa314c08ea850df34bd401f81e7287871b9de,97968209429171636680422768588407484211443449867174197228360188331386252689631,1774444800,2026-03-25 14:29:11,1.0
a55d8f6d,2026-03-25 14:33:03,BTC 5m UP,UP,5m,btc-5m-1774445400-up,0.99,1.0,30,0.3000,WIN,5953.6,4679.5,1.2723,0x4e3f99d12e87a4cf6a10a87a8a24a223c80d6c9a6b0655fd5941ad30aab1f171,67294851543585997186873887437159780822678649776628320855406985233635906513632,1774445400,2026-03-25 14:39:11,1.0
af6fe092,2026-03-25 14:33:03,ETH 5m UP,UP,5m,eth-5m-1774445400-up,0.99,1.0,30,0.3000,WIN,1413.78,843.35,1.6764,0xfd8d6e52aefb3daf850c7a759b50970ceca3ea0222fa4ccacfd546cacdd4fb4e,66026871959383005572927694138039095807104042473062399977029523887537978782205,1774445400,2026-03-25 14:39:11,1.0
0b9441f9,2026-03-25 14:38:51,ETH 5m UP,UP,5m,eth-5m-1774445700-up,0.99,1.0,30,0.3000,WIN,1526.09,1178.79,1.2946,0x15c090a4318b960fcf990de136c1cd833103e2f2bdd5fb958030d4a094b7b659,52260104227968636142971830206658363291876381570209614598063640191895373130701,1774445700,2026-03-25 14:44:11,1.0
2384df0c,2026-03-25 14:49:56,BTC 5m DOWN,DOWN,5m,btc-5m-1774446300-down,0.99,1.0,30,0.3000,WIN,274.35,216.5,1.2672,0xa6aa4115d4f350411e4b793f90920830e96410db678bd207a4d343a1315ba347,113819406916502859301472531438489437162098974115852029345480654994288401453115,1774446300,2026-03-25 14:56:11,1.0
34e61f7a,2026-03-25 14:54:58,ETH 5m DOWN,DOWN,5m,eth-5m-1774446600-down,0.99,1.0,30,0.3000,WIN,107.0,38.08,2.8099,0xf13a2ef85a8ffeb1dc1d556deb2f783bb59213fd56cb1cc62f08b20178ac9182,39587236998701833825317502881698934297226458532168038751107610442298162652748,1774446600,2026-03-25 14:59:11,1.0
87c71694,2026-03-25 14:59:06,BTC 15m DOWN,DOWN,15m,btc-15m-1774446300-down,0.99,1.0,30,0.3000,WIN,3537.37,2324.28,1.5219,0xa20d4a9b2013267b83401a69a583ead413d35934e1719cdfd9728d724987f014,44519664665182383205357345681288126284277917971167922645197880139442257226048,1774446300,2026-03-25 15:06:11,1.0
d7fb85f8,2026-03-25 14:59:10,ETH 15m DOWN,DOWN,15m,eth-15m-1774446300-down,0.99,1.0,30,0.3000,WIN,436.4,90.88,4.8019,0x1d49aab4801e55873254f12de710abc4bc9e29145f0d03875728f365d0dc9204,29983214999059284673290687825168519250142566693550160159682516922266885403263,1774446300,2026-03-25 15:04:11,1.0
9ebe69f0,2026-03-25 15:04:51,ETH 5m DOWN,DOWN,5m,eth-5m-1774447200-down,0.99,1.0,30,0.3000,WIN,118.0,87.58,1.3473,0xe02f828352de82011df5ff16e786186fb0d94fdf1a5e43cfad5cbe281295e415,3011202514652368652728716483543215040541900920571966242564630680873902907293,1774447200,2026-03-25 15:09:11,1.0
4b5c9b19,2026-03-25 15:04:54,BTC 5m DOWN,DOWN,5m,btc-5m-1774447200-down,0.99,1.0,30,0.3000,WIN,1702.93,143.97,11.8284,0x78a03329ee6eb48646415b57328909a9bf2da2893ab0e1111cd3301eeb7b647f,72754090041974796982022871398201524023980056480535027850800735555134437637736,1774447200,2026-03-25 15:09:11,1.0
c00e74c2,2026-03-25 15:09:51,BTC 5m UP,UP,5m,btc-5m-1774447500-up,0.99,1.0,30,0.3000,WIN,1587.15,1053.28,1.5069,0xcbcc303781dd34b02ba1d56594550960e61681a14e421412861d6cc1fce409c1,27326318029504934855628608745830110310694301373635316106267317331836649476678,1774447500,2026-03-25 15:14:11,1.0
1fd1bdf2,2026-03-25 15:24:53,BTC 5m DOWN,DOWN,5m,btc-5m-1774448400-down,0.99,1.0,30,0.3000,WIN,1537.17,850.28,1.8078,0x4e1ae1861f52790ea9cceffd4c17f2e35acd9f6b47131465934d5217a8645c48,56480766791327184860072432109994041924892188787929315326496522714509178141573,1774448400,2026-03-25 15:29:11,1.0
86a554e5,2026-03-25 15:24:54,ETH 5m DOWN,DOWN,5m,eth-5m-1774448400-down,0.99,1.0,30,0.3000,WIN,380.65,262.92,1.4478,0x599887c46796524a97efaf4ae98bd118468450e85d2d35d43754fd9750b8ce9e,87280092104169622766086586032739134970331347534245808128454810215443579839151,1774448400,2026-03-25 15:31:11,1.0
eee4fa6f,2026-03-25 15:29:32,ETH 5m UP,UP,5m,eth-5m-1774448700-up,0.99,1.0,30,0.3000,WIN,1469.69,939.46,1.5644,0x019a55b55a8e8bd5c9dfca46984163f7c45736c7c012bc1d34761d071da5fd02,98333056993449605266946484748734201195042267816026266328387001973600770082112,1774448700,2026-03-25 15:34:11,1.0
e6611d8d,2026-03-25 15:34:44,BTC 5m UP,UP,5m,btc-5m-1774449000-up,0.99,1.0,30,0.3000,WIN,2046.55,1525.17,1.3419,0xdafa611ff53d1f70138649e71376ac131d65eec6474e1ec8540c35c123e7a9cd,58040985489734812045759759949607332670114673510558987358869864270690548938914,1774449000,2026-03-25 15:39:11,1.0
5ccad05b,2026-03-25 15:34:44,ETH 5m UP,UP,5m,eth-5m-1774449000-up,0.99,1.0,30,0.3000,WIN,380.3,189.05,2.0116,0x21b1720125d8308c6d883e3b67e1f449b8453d9a04b721df4211019d509ac2fd,85253428080367853242408344789461626116949530354626339196183409050368571242362,1774449000,2026-03-25 15:39:11,1.0
22295d7e,2026-03-25 15:39:11,ETH 5m DOWN,DOWN,5m,eth-5m-1774449300-down,0.99,1.0,30,0.3000,WIN,288.96,20.15,14.3404,0x0ea9cf7a6b1d90f7f5463834414f30d1d720a6b1e0355c86ff0567eea1e1440e,82729025866855383319544410850026217129642872936661377149826980053493682752637,1774449300,2026-03-25 15:44:11,1.0
afde6293,2026-03-25 15:49:54,BTC 5m UP,UP,5m,btc-5m-1774449900-up,0.99,1.0,30,0.3000,WIN,1370.07,915.71,1.4962,0x86b01769370b644667c441ca6de715f764080303fe9ea4ecef022f51c957acce,67352715808141207174024776818829038485749766353203087638939348461191056315814,1774449900,2026-03-25 15:56:12,1.0
56ed19b8,2026-03-25 15:49:58,ETH 5m UP,UP,5m,eth-5m-1774449900-up,0.99,1.0,30,0.3000,WIN,105.0,76.07,1.3803,0x8e38ef32356e9951599a304b26c610782e7cb12ca01b5d5abe7eb21180595b8e,3633165617395908198289731397114421547548516364927171663241838441585853440683,1774449900,2026-03-25 15:54:11,1.0
065f2b14,2026-03-25 15:54:53,ETH 5m DOWN,DOWN,5m,eth-5m-1774450200-down,0.99,1.0,30,0.3000,WIN,198.0,85.93,2.3042,0xe44b6b8dc6fa635022d8ded157787e95b8899e3b42d83440bfdf88d8da7bd870,41829740438422962215548944742057828908931297943363901733140944294405082067999,1774450200,2026-03-25 15:59:11,1.0
3f79e949,2026-03-25 15:54:55,BTC 5m DOWN,DOWN,5m,btc-5m-1774450200-down,0.99,1.0,30,0.3000,WIN,998.52,680.3,1.4678,0xfeccfa5e111e92a32619e47d180c9ac6459a2554eee6bc1b3e0e7ad7f7308582,831169961200840534405776647485186143073771011207547909962221405471840218129,1774450200,2026-03-25 15:59:11,1.0
4eac78fe,2026-03-25 16:04:51,ETH 5m UP,UP,5m,eth-5m-1774450800-up,0.99,1.0,30,0.3000,WIN,352.01,178.86,1.9681,0xc9db8427592a027fdff7495378306805bcf1d2725b4961c0c74eb24321b121cf,106009133440605983775317120661165306532640793379612046354223882333913684686534,1774450800,2026-03-25 16:11:11,1.0
115f80b1,2026-03-25 16:07:47,ETH 5m DOWN,DOWN,5m,eth-5m-1774451100-down,0.99,1.0,30,0.3000,WIN,636.91,419.38,1.5187,0xcb97efe295bdb40b71aabfabedb5e0f2b018c67203436e66ff3be91538424796,80294448978151889355301196339949632017889545497610494814390596076694774610699,1774451100,2026-03-25 16:14:11,1.0
d149f0b8,2026-03-25 16:08:17,BTC 5m DOWN,DOWN,5m,btc-5m-1774451100-down,0.99,1.0,30,0.3000,WIN,20.21,5.0,4.0420,0x39eeaf50732592bb92bdb9eb36abd4dd0e7cd79cdfd63ae82e2d0cb9600fd97f,22587323760950016983941172898356825561062422703731869750569469816877265991716,1774451100,2026-03-25 16:14:11,1.0
86d9e864,2026-03-25 16:23:04,BTC 5m UP,UP,5m,btc-5m-1774452000-up,0.99,1.0,30,0.3000,WIN,5623.15,4378.8,1.2842,0xb5c57fcb2d305e8195fb7babcc5f291046d8a895e6bc16f21d2aef60f6b53be4,90639936409019377577592068667623640030082649554225596939371890893674184796456,1774452000,2026-03-25 16:29:11,1.0
ce2ca7ac,2026-03-25 16:23:10,ETH 5m UP,UP,5m,eth-5m-1774452000-up,0.99,1.0,30,0.3000,WIN,1698.81,1237.28,1.3730,0xaa7f3cf195ea2698bb773b71e8aa5485ae2ce3d4792bed9cee6a78f14dd4b6ed,33712999845784239606213580763114609382544492030472209517917086385535910973793,1774452000,2026-03-25 16:29:11,1.0
618af260,2026-03-25 16:28:31,BTC 15m UP,UP,15m,btc-15m-1774451700-up,0.99,1.0,30,0.3000,WIN,3125.73,2200.0,1.4208,0x24bf0a775b89a9c424318905e701daa84bfafbdfe168b8d2db0dc2d553a5b28b,59916943045495736745744594498313334132867332171771819388854932276731235489719,1774451700,2026-03-25 16:34:11,1.0
5a5081c2,2026-03-25 16:34:33,ETH 5m DOWN,DOWN,5m,eth-5m-1774452600-down,0.99,1.0,30,0.3000,WIN,258.93,196.69,1.3164,0xe8525578e52ff3772312d861d18073f5433c3d7a8cd0adbdabd9224e76dc2e6e,43237070654176195131735093548303804271189168389008514752447473780824188716136,1774452600,2026-03-25 16:39:11,1.0
b8e94501,2026-03-25 16:34:43,BTC 5m DOWN,DOWN,5m,btc-5m-1774452600-down,0.99,1.0,30,0.3000,WIN,906.13,78.98,11.4729,0x934d5c7d61dc5560ac34764d54b23354a55890d6a3bf99006586e756603693a9,63960561062848854609151445832128925565933983752297619607518159585241772242606,1774452600,2026-03-25 16:39:11,1.0
56a3ec21,2026-03-25 16:38:56,BTC 5m DOWN,DOWN,5m,btc-5m-1774452900-down,0.99,1.0,30,0.3000,WIN,3753.67,2142.21,1.7522,0xc4a148127ccfa1410519550172de6f6261ffa802b6a7d7cebb3e147bc744e75e,53214241908061609014976617958535744967964648529504394291839187194422680174045,1774452900,2026-03-25 16:46:12,1.0
853e1cd5,2026-03-25 16:59:54,BTC 15m DOWN,DOWN,15m,btc-15m-1774453500-down,0.99,1.0,30,0.3000,WIN,505.99,391.57,1.2922,0xd4255b5f2804a47ee0122ca03030fd548d29e093ff04d9bb5b3ba8787574da6d,95593407042312440664241562080499919132840318003704806641041869153962223303905,1774453500,2026-03-25 17:04:11,1.0
ae973e73,2026-03-25 17:04:47,ETH 5m DOWN,DOWN,5m,eth-5m-1774454400-down,0.99,1.0,30,0.3000,WIN,204.91,151.22,1.3550,0xc70d647cf46671b10a026f44c090c1f1503fc772c5a22bf3ab4c782bb3d0d971,94847785288606312514023283919535531244238340386548501240857592160665716706412,1774454400,2026-03-25 17:07:11,1.0
0086d63a,2026-03-25 17:04:48,BTC 5m UP,UP,5m,btc-5m-1774454400-up,0.99,1.0,30,0.3000,WIN,1561.41,917.23,1.7023,0xb8f120349fee60aae9babc072fdda48e8d271ee1653c06576c5c34182e659104,35466780028760326779449053822998306681116876966492689816681713791512226470878,1774454400,2026-03-25 17:09:11,1.0
74797c93,2026-03-25 17:09:16,BTC 5m UP,UP,5m,btc-5m-1774454700-up,0.99,1.0,30,0.3000,WIN,3268.06,1826.0,1.7897,0x3d38bd54978e3b52c94212ab642b374cb114f25a3607ae9959173c12f1626c8f,79866812294871584090463191753153779554198943949658843108671736554210429613712,1774454700,2026-03-25 17:16:12,1.0
8de79cbe,2026-03-25 17:09:18,ETH 5m UP,UP,5m,eth-5m-1774454700-up,0.99,1.0,30,0.3000,WIN,587.11,310.3,1.8921,0x004a438143414f7d0a5453bcb9c32aff30235b94f025925002ec841b944d096a,36917026709979544305723005943538004261311433762242231956300782908888612033662,1774454700,2026-03-25 17:14:11,1.0
0547dcfe,2026-03-25 17:24:32,BTC 5m UP,UP,5m,btc-5m-1774455600-up,0.99,1.0,30,0.3000,WIN,2406.88,1918.27,1.2547,0xc4cc1147127a89708af4347f68767c367797445fecdfb8d7fb9142095717575a,32464577086534299772001163381812816864380558138715334135623963703920325742556,1774455600,2026-03-25 17:29:11,1.0
e5f4210e,2026-03-25 17:24:48,ETH 5m UP,UP,5m,eth-5m-1774455600-up,0.99,1.0,30,0.3000,WIN,783.71,117.0,6.6984,0x4ebfed0cea3e53bbaafad528670c1703c43e792c02ab44fb68727742ef6cd445,41550676996101991878542761743438613783385563742742953755369849764099141478135,1774455600,2026-03-25 17:29:11,1.0
cfe8dc32,2026-03-25 17:25:06,BTC 15m UP,UP,15m,btc-15m-1774455300-up,0.99,1.0,30,0.3000,WIN,2438.25,1759.51,1.3858,0x82c1d952c83eabdc5b0e71920a200f8518954854b787267f07823286a11a9a20,66317985252676330410311529035360234366406597859079505960126908842823969765241,1774455300,2026-03-25 17:36:11,1.0
a5ed672a,2026-03-25 17:25:06,ETH 15m UP,UP,15m,eth-15m-1774455300-up,0.99,1.0,30,0.3000,WIN,1822.79,371.21,4.9104,0x18ae9945b302de89c698334413f0496b04654dc516efa7610c487c518d248d58,57931541239325160513824408281923601106901852510340100304121800421513867360732,1774455300,2026-03-25 17:32:11,1.0
cda5d56c,2026-03-25 17:39:42,ETH 5m UP,UP,5m,eth-5m-1774456500-up,0.99,1.0,30,0.3000,WIN,446.1,260.5,1.7125,0x56247cc4f17eac790e468f251cca7cca298c534d72438c1a621567c2220bc4a4,25001873208623529496840810059360464037716254821295596962552712838601074062531,1774456500,2026-03-25 17:46:11,1.0
f78b4845,2026-03-25 17:43:47,BTC 5m DOWN,DOWN,5m,btc-5m-1774456800-down,0.99,1.0,30,0.3000,WIN,2405.6,493.58,4.8738,0x41c16e0e0e29e3f94966910937820adab706ad5c68fe066d038387e2acf334c8,75306460077923571089052342041034748643269209313259558917252303208543586178968,1774456800,2026-03-25 17:49:11,1.0
d3081ba6,2026-03-25 17:44:21,ETH 5m DOWN,DOWN,5m,eth-5m-1774456800-down,0.99,1.0,30,0.3000,WIN,1134.47,594.06,1.9097,0x95a6dd9e098a320dea78b27502ae7b0fd54a56849086ee9d3d9a79ef24f78057,36423568076795136744560019957148541205510319235133348379748012446350282031472,1774456800,2026-03-25 17:49:10,1.0
ff3723bd,2026-03-25 17:54:41,BTC 5m UP,UP,5m,btc-5m-1774457400-up,0.99,1.0,30,0.3000,WIN,1694.59,1105.56,1.5328,0x09fd70b7be2ec9278f6983fad71fa722afd36201426716a023c736df18053e8d,46067756179822182399079468326698939865954050773968351725433379252311282662494,1774457400,2026-03-25 17:59:11,1.0
b2313a6f,2026-03-25 17:54:46,ETH 5m UP,UP,5m,eth-5m-1774457400-up,0.99,1.0,30,0.3000,WIN,303.39,214.33,1.4155,0x4585b44e9301c9fd443592706c0f79d402e38cfcc9c39ad6c05e89f1ecddcf30,37262108479666421209931025954909568713152611372668924820229394260594531066179,1774457400,2026-03-25 17:59:11,1.0
1b0a2b22,2026-03-25 17:58:14,BTC 15m DOWN,DOWN,15m,btc-15m-1774457100-down,0.99,1.0,30,0.3000,WIN,3103.13,2348.49,1.3213,0x93239aac5dc43bf1d15ceb8397b9d6b0950c7cb786f0c9e6c2bc51c67c3a4de4,32099166762714546423042037355633840130119972894807266163623195332363163257362,1774457100,2026-03-25 18:04:11,1.0
cac2882c,2026-03-25 18:09:26,BTC 5m DOWN,DOWN,5m,btc-5m-1774458300-down,0.99,1.0,30,0.3000,WIN,1356.52,579.31,2.3416,0xdb08a2248d35ab5b3937b59e900f9dc94ff06f7d0dbc8bff61e4d2dd247245c6,42684605025993315684719979591421708419003224303864095255263943152345453422874,1774458300,2026-03-25 18:14:11,1.0
7a50f16e,2026-03-25 18:09:29,ETH 5m DOWN,DOWN,5m,eth-5m-1774458300-down,0.99,1.0,30,0.3000,WIN,356.5,280.19,1.2724,0x181a00ed605626f086f48b35ea11374b4621ec1b6d38f55246e038bb073b9371,45290638323481401135603823420316154669905352957831795882548237375382925662648,1774458300,2026-03-25 18:16:11,1.0
86a9134e,2026-03-25 18:11:33,BTC 15m DOWN,DOWN,15m,btc-15m-1774458000-down,0.99,1.0,30,0.3000,WIN,1997.39,191.28,10.4422,0x87c0e59ec82d366a09a7c08eab41a46e59e994d6a0fe9bba63105207f2a5c938,76180598467464640782113410550638322962102465753417071571150555430355900694317,1774458000,2026-03-25 18:19:10,1.0
2c62327a,2026-03-25 18:24:56,ETH 5m UP,UP,5m,eth-5m-1774459200-up,0.99,1.0,30,0.3000,WIN,118.73,25.07,4.7359,0x5dc4064f0d1d1af19ec050a90dbbc34ba1b5cc38e920aa2628e7dafc721bc768,80707317761519692466299923725105092908742980345153063900400741677853393677075,1774459200,2026-03-25 18:29:11,1.0
98d38333,2026-03-25 18:24:56,BTC 5m UP,UP,5m,btc-5m-1774459200-up,0.99,1.0,30,0.3000,WIN,1414.91,998.75,1.4167,0xf6ee56470d27993e9492e6a2b948987b49f56a6daddc9de746b6f8df5d13314c,106238289718805450790562983653641238297507733082579176746632076952433062385357,1774459200,2026-03-25 18:29:11,1.0
7a1ccc2b,2026-03-25 18:28:49,ETH 5m UP,UP,5m,eth-5m-1774459500-up,0.99,0.0,30,-29.7000,LOSS,1168.69,874.1,1.3370,0x0f9b32b6e83af47c3b0222e8fb8087a43616567765c5d22e609b09a966c1944f,7950740249663922454752871985323950007057092263786432764748213038284909285450,1774459500,2026-03-25 18:34:10,0.0
54a8d6ed,2026-03-25 18:39:04,ETH 5m DOWN,DOWN,5m,eth-5m-1774460100-down,0.99,1.0,30,0.3000,WIN,1051.13,833.82,1.2606,0xed8b0ea96d5e2ffea791be86070c30528d78b6b996bb6e37899a621d9d093c06,12433548291389232042908977368428419292240501986760059440802158705619499487882,1774460100,2026-03-25 18:42:11,1.0
e6cb5a47,2026-03-25 18:42:41,ETH 15m DOWN,DOWN,15m,eth-15m-1774459800-down,0.99,1.0,30,0.3000,WIN,1785.47,1426.45,1.2517,0x14cd78562971b2485c6ef00ec452caca8fcc88cb526519c194f2a38a2ae3f6b4,87183878786391444013667301574905218025454792590542737779219352697015826669531,1774459800,2026-03-25 18:49:11,1.0
6349871f,2026-03-25 18:54:32,BTC 5m DOWN,DOWN,5m,btc-5m-1774461000-down,0.99,1.0,30,0.3000,WIN,3579.65,2837.29,1.2616,0x7e3b8c8eb599975aaab5de9a8120f5f831e1e669f06b3de1ba212f041249a6c0,98013940592903595479102615801975688514582881694096620905688054601472737284734,1774461000,2026-03-25 18:59:11,1.0
e390d2f8,2026-03-25 18:54:33,ETH 5m DOWN,DOWN,5m,eth-5m-1774461000-down,0.99,1.0,30,0.3000,WIN,520.1,239.12,2.1751,0x24c30472251c89a5e5766a225286082d46938e2162b90188cec0fbd97931040b,6995734652642267746047119586568261430729416586949582870444986414515109519199,1774461000,2026-03-25 18:59:10,1.0
0bfc2804,2026-03-25 18:56:50,BTC 15m DOWN,DOWN,15m,btc-15m-1774460700-down,0.99,1.0,30,0.3000,WIN,1545.34,373.93,4.1327,0x0d7e8083b22cb18774ddf032bec73375989ce8a234f4ff056224075b205eff9a,91107761777389260263882700728267970787534729173137464907330918325628168148662,1774460700,2026-03-25 19:06:11,1.0
3875fdc1,2026-03-25 19:09:57,BTC 5m UP,UP,5m,btc-5m-1774461900-up,0.99,1.0,30,0.3000,WIN,426.4,263.58,1.6177,0xd0306e562cdd9e1944a3ec5a46f8939127421544189ada0423bd81b36cb5a486,88308205476957057674946679214495926335510866059177981412330020324523451004914,1774461900,2026-03-25 19:14:11,1.0
fd950d20,2026-03-25 19:11:34,BTC 15m UP,UP,15m,btc-15m-1774461600-up,0.99,1.0,30,0.3000,WIN,1713.53,818.3,2.0940,0xa8a629f4384fe2ec21ed98e580b924d53af0373e00aefe0447703adcc49a81c4,71803208987952614874521023561262313970525064988653933442596784482360982219905,1774461600,2026-03-25 19:21:11,1.0
f256e135,2026-03-25 19:13:15,ETH 15m UP,UP,15m,eth-15m-1774461600-up,0.99,1.0,30,0.3000,WIN,333.0,125.28,2.6580,0x239face366c6664c190e0c879a3752954a530d10b56de9cfec381064f8fb96c8,111460657139360381267186456260271080939095915752495364540348885193507185305508,1774461600,2026-03-25 19:17:11,1.0
2d77815a,2026-03-25 19:23:29,BTC 5m UP,UP,5m,btc-5m-1774462800-up,0.99,1.0,30,0.3000,WIN,2573.93,1934.33,1.3307,0x701070053a17eb74c47a1852d38d64e1048dc03b08a6dafea52ee189b471c542,30233328316864024390674211336244678855903942460336402992444618156874140913125,1774462800,2026-03-25 19:31:11,1.0
849282d1,2026-03-25 19:25:50,BTC 15m UP,UP,15m,btc-15m-1774462500-up,0.99,1.0,30,0.3000,WIN,540.73,428.97,1.2605,0x8c754c4c552f1a1e33ecbae8a45b3e654071db716604cf607c17fad1cb17c026,15225904173083451535751526852805416710630822370624662653064023828693823639385,1774462500,2026-03-25 19:34:11,1.0
041ca918,2026-03-25 19:29:19,ETH 15m UP,UP,15m,eth-15m-1774462500-up,0.99,1.0,30,0.3000,WIN,935.71,480.0,1.9494,0x272c0d706d2f92896928e69bf7dd7ea57b2d572650956466c3bab1d0d403df50,40811699965040021374523599076361951861825721355821561542485105779504771589020,1774462500,2026-03-25 19:34:11,1.0
b3bc9a96,2026-03-25 19:29:22,BTC 5m DOWN,DOWN,5m,btc-5m-1774463100-down,0.99,1.0,30,0.3000,WIN,595.27,355.76,1.6732,0xa80ab01cb11a56bfc9a92cdcdacbf35d22ba286a694431ba3053d5d0c3cbdc2d,32049216176326298557217706458373364506869130529758930676643068893856766201666,1774463100,2026-03-25 19:34:11,1.0
ddea185d,2026-03-25 19:39:27,ETH 5m DOWN,DOWN,5m,eth-5m-1774463700-down,0.99,1.0,30,0.3000,WIN,316.95,238.25,1.3303,0xe3b00fca5500edb6d7cdb052f36ff4cbf2fc956c2065ef943d924851febcccf5,23303330811851272475459515924153525870424549672781084661908331332779593393501,1774463700,2026-03-25 19:44:11,1.0
93214ca3,2026-03-25 19:40:54,BTC 15m DOWN,DOWN,15m,btc-15m-1774463400-down,0.99,1.0,30,0.3000,WIN,2992.27,483.45,6.1894,0x92f484d1ea0eab0320c1b122f5c1bacccb49dbd19698113d355029c9fda16454,39512432760274736968923043744658718148797031970708652380820998587019324402927,1774463400,2026-03-25 19:49:11,1.0
130bfa22,2026-03-25 19:41:02,ETH 15m DOWN,DOWN,15m,eth-15m-1774463400-down,0.99,1.0,30,0.3000,WIN,939.26,620.58,1.5135,0x4d2ef01309527146fda2b807bd9dd97d1148c462a1ca1414847d4f18f7939fc8,82061556928491246563080919439205605042466618683715329460989485110747638866314,1774463400,2026-03-25 19:47:11,1.0
b9651b67,2026-03-25 19:54:35,ETH 5m UP,UP,5m,eth-5m-1774464600-up,0.99,1.0,30,0.3000,WIN,238.0,148.34,1.6044,0x65854dcc3b68fcad5947aa0163e41e220ef4015768e0914208c801aa0b27815e,85825451457031567519618809832545379266851666196742828374266028506663610518550,1774464600,2026-03-25 19:59:11,1.0
9838ef40,2026-03-25 19:54:50,BTC 5m UP,UP,5m,btc-5m-1774464600-up,0.99,1.0,30,0.3000,WIN,1375.89,1087.89,1.2647,0x6a08ba385d3f87621e3ba0594ba6ad47ff2061ca3743232264d7667e9be758fa,28920725857074277902019666040754813026894809140346621648251660735246469066630,1774464600,2026-03-25 20:01:11,1.0
49f8c622,2026-03-25 19:57:07,ETH 5m DOWN,DOWN,5m,eth-5m-1774464900-down,0.99,1.0,30,0.3000,WIN,42.0,24.11,1.7420,0xc1eaef0547fbd07307530027a807aa798985b85659daa33ba134c7cf0947db24,1164672312650247898182921376982005111092825181167557170792104101516152715422,1774464900,2026-03-25 20:04:11,1.0
3535b3f9,2026-03-25 20:09:08,BTC 5m DOWN,DOWN,5m,btc-5m-1774465500-down,0.99,1.0,30,0.3000,WIN,1812.99,452.71,4.0047,0xb2df50bebcaec47da41bbe042121fd3727c2d3207e979d8c3a486767ec3a452c,25044902824757982367951804978962673812162052737211851995720344452380864295115,1774465500,2026-03-25 20:16:11,1.0
2776e232,2026-03-25 20:09:29,ETH 5m DOWN,DOWN,5m,eth-5m-1774465500-down,0.99,1.0,30,0.3000,WIN,435.39,338.76,1.2852,0x243d58087d3b8c60f03bf4b2f9f85e827f45b4babc33235a48b20262a330b220,59733077530131082229239752308532056258290406610339823360242820878415492556635,1774465500,2026-03-25 20:14:11,1.0
95457aa6,2026-03-25 20:13:01,ETH 15m UP,UP,15m,eth-15m-1774465200-up,0.99,1.0,30,0.3000,WIN,769.93,457.43,1.6832,0xee67a63e4f93538d5ebd56297cc6fca090cf0ed81caee017c2b1ec7fe2f4111f,24444421912856853066970714896772590539600025237468582551684378905678730692459,1774465200,2026-03-25 20:19:11,1.0
61366e31,2026-03-25 20:19:42,BTC 5m UP,UP,5m,btc-5m-1774466100-up,0.99,1.0,30,0.3000,WIN,2589.38,1817.79,1.4245,0x1bf9afd636de5dd1522235829d6a5af22fd098233010b5521c965276a8577fe4,52191505812070128156644322365562946472950627259784228036126274819359363444593,1774466100,2026-03-25 20:26:11,1.0
064e3fd1,2026-03-25 20:19:49,ETH 5m UP,UP,5m,eth-5m-1774466100-up,0.99,1.0,30,0.3000,WIN,351.31,58.12,6.0446,0x44c230fb10389e89b0892103d419afb89df674755ff01969f84b53a129b47706,77245402118933941569506347667053901665856280157065779860378633575454629014143,1774466100,2026-03-25 20:24:11,1.0
1e7ecfa1,2026-03-25 20:24:34,BTC 5m UP,UP,5m,btc-5m-1774466400-up,0.99,1.0,30,0.3000,WIN,889.72,224.99,3.9545,0x25c5914aa0fcf52b35e367ad2f5fd9d8ad82bd58d60f6f4f3421ba21b004a2c2,21835925265710483425758941810811526421991107197901637357810569219232942052716,1774466400,2026-03-25 20:29:11,1.0
3758c534,2026-03-25 20:24:51,ETH 5m UP,UP,5m,eth-5m-1774466400-up,0.99,1.0,30,0.3000,WIN,8.28,3.15,2.6286,0x30db678c411c9c7837b97cb7c35fa8b5d353e44e51cc5338e14e612ea4b6a98a,65290148422816720047176027478858148394935731815103502315470497215063910812275,1774466400,2026-03-25 20:29:11,1.0
9bd4b83a,2026-03-25 20:29:02,BTC 15m UP,UP,15m,btc-15m-1774466100-up,0.99,1.0,30,0.3000,WIN,2679.96,1938.53,1.3825,0x531d1998d79511b9c7cb2c42d024f68591fbc3cc5eee3e2aaa3d5dff8cc459c6,28646283106456831296392868818545985919643971023973268882930010744078069914940,1774466100,2026-03-25 20:34:11,1.0
9c9b7f30,2026-03-25 20:39:28,BTC 5m UP,UP,5m,btc-5m-1774467300-up,0.99,1.0,30,0.3000,WIN,837.48,586.46,1.4280,0x98f3626180cb3cd0589ab4cedcdf9a13682b9fcc464b8fc970d8757a9677ab9e,30914973758762897500320850788555770990376711681905228794168671794191052108411,1774467300,2026-03-25 20:44:11,1.0
8670c664,2026-03-25 20:39:34,ETH 5m UP,UP,5m,eth-5m-1774467300-up,0.99,1.0,30,0.3000,WIN,372.09,271.33,1.3714,0x9750eecbbf27d6e2c148cd97dddff91ab03b53b217c01c7959092d8c87e66842,81626973761595314439065980659730606994255050156122536256371865771800799520046,1774467300,2026-03-25 20:44:11,1.0
3fb65fd9,2026-03-25 20:43:21,BTC 15m UP,UP,15m,btc-15m-1774467000-up,0.99,0.0,30,-29.7000,LOSS,818.03,100.0,8.1803,0x3f7486c1041563cfc8128ab2f6d613d59f94b5a190c25595e22a463a85a3d041,36974350239859352410675408226628820278609075677415929005661676963261604422842,1774467000,2026-03-25 20:49:11,0.0
ada285a5,2026-03-25 20:54:35,BTC 5m DOWN,DOWN,5m,btc-5m-1774468200-down,0.99,1.0,30,0.3000,WIN,2801.4,2217.23,1.2635,0x36b42a796a30aec5d169046453198a4cc1432b01c4b5b7befdb78cafd21339e5,115164803432071021184045529259914223538024324452055470330665510857409260997990,1774468200,2026-03-25 20:59:11,1.0
d63c62d4,2026-03-25 20:58:38,ETH 15m DOWN,DOWN,15m,eth-15m-1774467900-down,0.99,0.0,30,-29.7000,LOSS,737.94,212.35,3.4751,0x74073d0581f12fc0c2fa5c0a7422228f0a2155a71a929f81ce715ae0897c594e,52768895295430116207330752769855813199950068014135073844814277518920481834498,1774467900,2026-03-25 21:04:11,0.0
b16c8149,2026-03-25 21:09:38,BTC 5m DOWN,DOWN,5m,btc-5m-1774469100-down,0.99,1.0,30,0.3000,WIN,809.35,552.56,1.4647,0x5152df9bc26536232846cb2c777f251b21363a15e14a374fc4defa90a0b717e3,70774677271348385636343036657186901660853233251568494373969229518904570193158,1774469100,2026-03-25 21:16:12,1.0
cb268529,2026-03-25 21:24:39,BTC 5m DOWN,DOWN,5m,btc-5m-1774470000-down,0.99,1.0,30,0.3000,WIN,1458.38,225.21,6.4756,0x48b7fcd58732a7a59d7511e50e8839fa032dae62e169ffc3360cdf4e006029c1,109180004944205972003795253007805157046211756218623785750749682720331095696782,1774470000,2026-03-25 21:29:11,1.0
f846092b,2026-03-25 21:39:32,ETH 5m UP,UP,5m,eth-5m-1774470900-up,0.99,1.0,30,0.3000,WIN,357.69,250.24,1.4294,0x817e9e453d4ab2d68f0f45472f6c6517e67895ccb0126b9f4c5d66509f782d61,106685211521408346358658400733577040190720973181877803698252428833971140771929,1774470900,2026-03-25 21:44:11,1.0
b46e27d1,2026-03-25 21:54:27,BTC 5m UP,UP,5m,btc-5m-1774471800-up,0.99,1.0,30,0.3000,WIN,1614.74,1236.6,1.3058,0x684430446d249bce9b7ad08ab3777cda75ea1624a6c5910778bdfde071d58968,52079399127485990757293275203159030763351206266873818485570359778490837859182,1774471800,2026-03-25 21:57:10,1.0
936fb9ce,2026-03-25 22:09:40,ETH 5m UP,UP,5m,eth-5m-1774472700-up,0.99,1.0,30,0.3000,WIN,226.27,132.78,1.7041,0xae68eb7213d0be18f89dfd0c355e7249a80a795d468bf9a3f9f86b67761e9812,76949989447951643151317026247681217001987462781178092505705796666091443440184,1774472700,2026-03-25 22:14:11,1.0
cb79ce7e,2026-03-25 22:09:41,BTC 5m UP,UP,5m,btc-5m-1774472700-up,0.99,1.0,30,0.3000,WIN,1951.67,1551.31,1.2581,0xec21cd95d0b2bfd81b743d50f4bf6a7da35d0223860f2f22582ab57568d6681b,58624219381053044959427684909253870293733544299956341192708463909242287015618,1774472700,2026-03-25 22:14:11,1.0
8f22a183,2026-03-25 22:24:42,BTC 5m DOWN,DOWN,5m,btc-5m-1774473600-down,0.99,1.0,30,0.3000,WIN,855.04,622.02,1.3746,0x0a8b970d316b127754e3ec25d61b97e7331d907609a7a03b66422f4622547067,66133745784325313909139800682852002083701383288404472513284574628254930474064,1774473600,2026-03-25 22:29:11,1.0
1c437e36,2026-03-25 22:39:36,BTC 5m UP,UP,5m,btc-5m-1774474500-up,0.99,1.0,30,0.3000,WIN,472.24,146.0,3.2345,0xf20fa806cb4e94a0d4301795733e9d00dfb4877d73b9d49a21e3a3e9699b241f,83609304460907894784037330081351300780030470100685465680507436008683226733421,1774474500,2026-03-25 22:44:11,1.0
4fb208b6,2026-03-25 22:54:46,BTC 5m UP,UP,5m,btc-5m-1774475400-up,0.99,1.0,30,0.3000,WIN,2286.45,1666.99,1.3716,0x927b9d852134f5767445716f174ab35854ad473e89bc47ae8259d8d9ec475fbb,109324647807449995160146459865666234835564748417597643518523532843285164468682,1774475400,2026-03-25 22:59:11,1.0
d769be5d,2026-03-25 23:09:27,BTC 5m DOWN,DOWN,5m,btc-5m-1774476300-down,0.99,1.0,30,0.3000,WIN,2903.33,276.43,10.5029,0xb427b99bc4540ab20b1e4aedc9a75b1255d9532a8b366203e61544523c43d3aa,66642387086556119077408292746756071947266647053980535820536426491974349372320,1774476300,2026-03-25 23:14:11,1.0
a7d87c2d,2026-03-25 23:24:43,BTC 5m UP,UP,5m,btc-5m-1774477200-up,0.99,1.0,30,0.3000,WIN,1954.19,1252.05,1.5608,0xf4cfd07ea08d90d33c1a287bb4252e92b9b61e8727fdc10cddf7e2cdb5555aac,27524885327639536083284241364027952245115409921880381907026645196149329388368,1774477200,2026-03-25 23:27:11,1.0
fec5b286,2026-03-25 23:39:32,BTC 15m UP,UP,15m,btc-15m-1774477800-up,0.99,1.0,30,0.3000,WIN,1762.07,321.27,5.4847,0x20330ba759fb5731e800724a19794a7c686bafac55244d3a9270811d6fdd4873,23068244949582048890028774692562014565906640405484765289122673764135926842704,1774477800,2026-03-25 23:49:11,1.0
d36904e8,2026-03-27 00:49:55,ETH 5m UP,UP,5m,eth-5m-1774568700-up,0.99,1.0,20,0.2000,WIN,116.13,61.67,1.8831,0x1acb9fcb3aeb8a5a671c86c8aab0b6e2b031aa0df83567c7cd6b2216a9e81541,62468602085826839454570311159186038654883128092965381819279480611119130994837,1774568700,2026-03-27 00:54:11,1.0
911c3903,2026-03-27 00:54:40,BTC 5m UP,UP,5m,btc-5m-1774569000-up,0.99,1.0,20,0.2000,WIN,1206.53,743.15,1.6235,0xe58ad258237e0851c40d92ab4c2767d77ded54ec9ad9d3e6abd926099a55bf0f,24231369486760690007053609588832947487515658770313348914122828259058767844622,1774569000,2026-03-27 00:59:11,1.0
ed38571b,2026-03-27 00:58:03,BTC 15m UP,UP,15m,btc-15m-1774568700-up,0.99,1.0,20,0.2000,WIN,2165.21,1019.38,2.1240,0x61a2bb8a39ff01125b1bef66968a5fcd558fa80193abf45675e0268633ddb349,55990294220027808847544814445592012160997701568907136689254408463420417919108,1774568700,2026-03-27 01:04:12,1.0
7066e1b7,2026-03-27 01:08:51,ETH 5m UP,UP,5m,eth-5m-1774569900-up,0.99,1.0,20,0.2000,WIN,599.69,397.78,1.5076,0xda88a7983683862adfc30cc91229c1f0c560075ad49c22a2649d8d949b520da7,91841670023964750125540121397339759032579784904280015022801296738984133263217,1774569900,2026-03-27 01:16:11,1.0
de6681a2,2026-03-27 01:10:22,ETH 15m UP,UP,15m,eth-15m-1774569600-up,0.99,1.0,20,0.2000,WIN,148.0,70.63,2.0954,0xfbd0f8199b9e952beeb90b57a31c4182997a92acb1ce659e0bfe6c36267d3595,62081090463858225516985109778775117082538699648200486367944697431572622313613,1774569600,2026-03-27 01:19:10,1.0
7eaadfad,2026-03-27 01:23:01,BTC 5m DOWN,DOWN,5m,btc-5m-1774570800-down,0.99,1.0,20,0.2000,WIN,3550.79,2357.43,1.5062,0xcc4ab4c05ec2b1960040d57c12aa5c039a3a25a7f05f0d546baf9c40b43e7155,5210548876562897480574812092034538189572049696004003238673352012189417142020,1774570800,2026-03-27 01:29:10,1.0
2837f77f,2026-03-27 01:23:32,ETH 5m DOWN,DOWN,5m,eth-5m-1774570800-down,0.99,1.0,20,0.2000,WIN,396.69,173.23,2.2900,0xf4f5920dfa5b0e441a06dd0761089de0cfc1765113d7fe1019cec3bb97da5de6,15360569031899563229888772550995953007706094877707719280215431509819279145513,1774570800,2026-03-27 01:31:12,1.0
754c524c,2026-03-27 01:26:29,BTC 15m DOWN,DOWN,15m,btc-15m-1774570500-down,0.99,1.0,20,0.2000,WIN,2007.3,1131.84,1.7735,0x24f34c44a8e33517bd6a10175685d0117b65b64c542a8d9a27c9fcada1399067,82764724782297461416967945843231738769238878789786437724722347555246141116506,1774570500,2026-03-27 01:34:11,1.0
d9d6dc5e,2026-03-27 01:27:28,ETH 15m DOWN,DOWN,15m,eth-15m-1774570500-down,0.99,1.0,20,0.2000,WIN,615.39,291.89,2.1083,0x00c7db551c4d92aa40934eba82ea2221b4148f52d09f864ea2595f3f2dc712ab,13657759272947255355139692847875008889110396242856836105787476062195157725009,1774570500,2026-03-27 01:36:11,1.0
ac3d38c2,2026-03-27 01:37:54,BTC 5m DOWN,DOWN,5m,btc-5m-1774571700-down,0.99,1.0,20,0.2000,WIN,3223.87,1930.66,1.6698,0x6d43d5767dd93827a5a4b6ac6f941c0cb654a4463568e1c1358c3726f6c781d1,84342081160693149797891663277835114262079806016063821740840841851641717963654,1774571700,2026-03-27 01:42:11,1.0
568e579b,2026-03-27 01:39:31,ETH 5m DOWN,DOWN,5m,eth-5m-1774571700-down,0.99,1.0,20,0.2000,WIN,187.69,76.14,2.4651,0xa1822de3878a1a6d735e450099d1f387194123618138455e73a4e50e61dc7e00,313826754465301306375148032190183335319248808516866197570943826330110930115,1774571700,2026-03-27 01:44:11,1.0
06a185e6,2026-03-27 01:42:51,BTC 5m UP,UP,5m,btc-5m-1774572000-up,0.99,1.0,20,0.2000,WIN,6703.71,4425.86,1.5147,0x2c686e8b5cde023ca4980fd897760c56c97b97d2f5063c9144102f975c5daba4,55671459142982245592291197936424116980377565983181275522381454276976316356860,1774572000,2026-03-27 01:51:12,1.0
5f682ac7,2026-03-27 01:58:36,ETH 15m UP,UP,15m,eth-15m-1774572300-up,0.99,1.0,20,0.2000,WIN,25.0,8.14,3.0713,0x0b1ec01442c203287009e6c4ac12a78927bb235cbde2687247a3628bc40e89f1,33674302601408020955443648408275290430169933147514074340845373997052877565086,1774572300,2026-03-27 02:04:11,1.0
d1d2ba96,2026-03-27 01:59:35,BTC 15m UP,UP,15m,btc-15m-1774572300-up,0.99,1.0,20,0.2000,WIN,1468.68,798.44,1.8394,0x8ac3e5ef033aff7e1716b9365e291061a4d38499814b5d1e77aab59d27825032,49820080664704136108966099011520944181018161881583493209781340334980693298175,1774572300,2026-03-27 02:04:11,1.0
3845a64b,2026-03-27 02:13:08,ETH 15m UP,UP,15m,eth-15m-1774573200-up,0.99,1.0,20,0.2000,WIN,871.32,570.73,1.5267,0xd55ada57286a56ea21e2eb36f9fcaa15187403e000dda0fed036ccf5b315a097,108303910494162620206211536105473768324694097299447427274589604909998116127609,1774573200,2026-03-27 02:19:10,1.0
df9d9ab0,2026-03-27 02:13:52,BTC 15m UP,UP,15m,btc-15m-1774573200-up,0.99,1.0,20,0.2000,WIN,1755.7,1093.58,1.6055,0xfb83dba2e729dde57a2dad857735e62db0af3960c833c177649b0f4c246370de,112963517583206576928193395062875615040454632446774063717457828886276894677171,1774573200,2026-03-27 02:19:11,1.0
9c22779d,2026-03-27 02:14:43,ETH 5m UP,UP,5m,eth-5m-1774573800-up,0.99,1.0,20,0.2000,WIN,150.0,80.08,1.8731,0xcb1f0b54f1dbde518dae22b79d315898e7df0ef8bb48c238f72ea7bcdb680b95,14116397041034873541922872833247120686749287930858310394651391006972862499275,1774573800,2026-03-27 02:21:11,1.0
7a05c126,2026-03-27 02:14:46,BTC 5m UP,UP,5m,btc-5m-1774573800-up,0.99,1.0,20,0.2000,WIN,1752.35,864.98,2.0259,0x79042fa50738ce52fbd4418a987ee1434dd84f63be396edf4c3afea138871175,77920615304424216201097567093653990830076457950984026438435945097504369809401,1774573800,2026-03-27 02:19:11,1.0
6f0668b5,2026-03-27 02:28:46,ETH 15m UP,UP,15m,eth-15m-1774574100-up,0.99,1.0,20,0.2000,WIN,774.42,503.27,1.5388,0x9b978e792180b2cda6bc614ab604639430319edf67cec969d2ce09b26dcf4ab0,77545123985916565857140787220542969533207702021172861947562679825003850548459,1774574100,2026-03-27 02:32:11,1.0
48d35953,2026-03-27 02:29:25,BTC 15m UP,UP,15m,btc-15m-1774574100-up,0.99,1.0,20,0.2000,WIN,3027.74,1013.28,2.9881,0xd3157b32be19c06b6442251b7db4c40c317b26c2954790aeef75a14caff49868,69385837801131259370356519818294066260712304639058472975337182519021555036508,1774574100,2026-03-27 02:34:11,1.0
2ecd5cb1,2026-03-27 02:29:59,ETH 5m UP,UP,5m,eth-5m-1774574700-up,0.99,1.0,20,0.2000,WIN,10.0,0.81,12.3457,0x3f7367bbeae0cac90950e979d390edc472998b44f2809e4e89fd242af8211923,103614244803316835077232169185636696877767909516000696196914219576539564302865,1774574700,2026-03-27 02:34:11,1.0
ee24b5d0,2026-03-27 02:34:37,ETH 5m DOWN,DOWN,5m,eth-5m-1774575000-down,0.99,1.0,20,0.2000,WIN,139.44,35.02,3.9817,0x509a6084ecef3c4589888cb43cce7968ab2c393dfe200272b518f940af18cbb1,109558789929014303164315384396638000336450266301588860751694725952201844042018,1774575000,2026-03-27 02:39:11,1.0
69b54178,2026-03-27 02:34:53,BTC 5m DOWN,DOWN,5m,btc-5m-1774575000-down,0.99,1.0,20,0.2000,WIN,401.14,232.31,1.7267,0xd12f0adcb5302074b89e1550922968a4fea02793c0b85fe74cb2a7ff1476e255,72162289211940136930587107067095323250149680332304202437186814767522817538392,1774575000,2026-03-27 02:39:11,1.0
2983bf9a,2026-03-27 02:39:59,ETH 5m DOWN,DOWN,5m,eth-5m-1774575300-down,0.99,1.0,20,0.2000,WIN,13.0,6.68,1.9461,0xcb2da614c5a2a8e36f6cbadfa84c0c6ed2713563b5bda0f080b76335d5775f2c,78144141835658586097817702618872608319015598438646011956803356077428835332228,1774575300,2026-03-27 02:46:12,1.0
be6a0618,2026-03-27 02:44:48,BTC 5m UP,UP,5m,btc-5m-1774575600-up,0.99,1.0,20,0.2000,WIN,1501.24,856.02,1.7537,0x03324548e9dbd9772021290b4570cc39465383bb97cdceff508e015cd6ff4e48,82221582001960021187025501024028109285647027409294577454324192639509949478064,1774575600,2026-03-27 02:51:11,1.0
70dde3c9,2026-03-27 02:44:49,ETH 5m UP,UP,5m,eth-5m-1774575600-up,0.99,1.0,20,0.2000,WIN,118.4,66.63,1.7770,0x2f152f9a4bbb3c4c44a8e85789b0bc44de127ad5add00b5084c0fde9423e151c,96558860284514638331472193965901854440512853866694651425178087925277099086487,1774575600,2026-03-27 02:49:11,1.0
e80179b3,2026-03-27 02:56:40,BTC 15m UP,UP,15m,btc-15m-1774575900-up,0.99,1.0,20,0.2000,WIN,1764.2,1100.63,1.6029,0x61f15100e031a4e3b2fb1d34435b3809849083fd732435009b2961150684e8d5,81642594650065651525023596762988461198800950417850308246926140125587957792259,1774575900,2026-03-27 03:06:11,1.0
87d84312,2026-03-27 02:59:34,BTC 5m UP,UP,5m,btc-5m-1774576500-up,0.99,1.0,20,0.2000,WIN,1717.5,624.17,2.7517,0x46baaf91aca51e01d5c4c87b0e9ac8be7dae5b4ef48c7cb29df765169335a3cb,45013876013997980570885787385476944677231456877885182326951919852152631857856,1774576500,2026-03-27 03:04:11,1.0
8480d545,2026-03-27 03:14:15,ETH 5m DOWN,DOWN,5m,eth-5m-1774577400-down,0.99,1.0,20,0.2000,WIN,300.68,175.92,1.7092,0xc1134060d53a3135ae320607dfb9c48a153838d16e4fffae46e81f934aa167cb,15519393891620755062054948721211987338816922101217778130682793972274486655859,1774577400,2026-03-27 03:21:11,1.0
1e602b26,2026-03-27 03:14:30,BTC 5m DOWN,DOWN,5m,btc-5m-1774577400-down,0.99,1.0,20,0.2000,WIN,1775.88,855.53,2.0758,0xa9ae6037dae12cca07a2990be106c27f73c841a0b27623753a2f5eb2236688b0,113455993924203296926258166061656868834237149857621911502831503124355750527810,1774577400,2026-03-27 03:19:11,1.0
4fd511d4,2026-03-27 03:19:27,BTC 5m DOWN,DOWN,5m,btc-5m-1774577700-down,0.99,1.0,20,0.2000,WIN,1385.18,670.73,2.0652,0xd31134eca990d8651b2598b39bb5693569314f20d617c7ec60d38d24d28845a2,17035705577375048943555128361720713345060917033961546285085553254851036231732,1774577700,2026-03-27 03:24:11,1.0
a43a119a,2026-03-27 03:24:54,ETH 5m UP,UP,5m,eth-5m-1774578000-up,0.99,1.0,20,0.2000,WIN,25.0,4.95,5.0505,0x87f11e74f05a3003289b96ade6f14fc4c9f206d99958615b5bdc2f8906103af5,29603383381928807493384531402842279365646612690072642221166585575164035668473,1774578000,2026-03-27 03:29:12,1.0
2b52d58f,2026-03-27 03:28:22,BTC 15m DOWN,DOWN,15m,btc-15m-1774577700-down,0.99,1.0,20,0.2000,WIN,2037.05,768.0,2.6524,0x63d0b55bd70782526adbdca91b7fc0e365f400f78b7f0bb87e891d9459b14777,107930986832836550848603632691890468799423987535368913990810694550043459327312,1774577700,2026-03-27 03:34:11,1.0
3b6421c2,2026-03-27 03:39:06,ETH 5m DOWN,DOWN,5m,eth-5m-1774578900-down,0.99,1.0,20,0.2000,WIN,352.83,211.47,1.6685,0x35c0b25fe829217d12807f4d2cacd347dc89d0a9483b3b5cc33323a0771c410f,49948823708246040072795677177176705623836163891923264773261288779074085820776,1774578900,2026-03-27 03:44:10,1.0
dd7aeb97,2026-03-27 03:39:27,BTC 5m DOWN,DOWN,5m,btc-5m-1774578900-down,0.99,1.0,20,0.2000,WIN,1918.28,1265.37,1.5160,0x57c7b19a257ddba82a34fd193c20cf88b47a56917f4ef4bd9c1b253bc851cdb0,82456959907066988769646716072491254825108313923206815782551244198737065757215,1774578900,2026-03-27 03:44:11,1.0
edb6a57e,2026-03-27 03:41:19,BTC 15m DOWN,DOWN,15m,btc-15m-1774578600-down,0.99,1.0,20,0.2000,WIN,2486.75,944.54,2.6328,0x5373765e5286775c754890bf1b68c709f6c40324665f7a22cbff582458fef69b,34738418776884648243351530625573684727998207039721144799433307717583320138945,1774578600,2026-03-27 03:49:10,1.0
7006be4f,2026-03-27 03:41:30,ETH 15m DOWN,DOWN,15m,eth-15m-1774578600-down,0.99,1.0,20,0.2000,WIN,281.49,100.0,2.8149,0x572fd224c5ed08b21e5515862109a1700175e935380a809b92a26b5e837a160e,19456331678008598171308195201223782747450904558456017049718222406108997457509,1774578600,2026-03-27 03:49:11,1.0
4c6d829e,2026-03-27 03:54:56,BTC 5m UP,UP,5m,btc-5m-1774579800-up,0.99,1.0,20,0.2000,WIN,1457.35,686.28,2.1236,0x3f343e7c8d110d75eec7b9ab8f8922325c013d9411f69b2335a85eba5f573cad,59514129832404240219811732422737870448596681495886869723408912786557650065001,1774579800,2026-03-27 03:57:11,1.0
a1305235,2026-03-27 03:59:03,ETH 15m DOWN,DOWN,15m,eth-15m-1774579500-down,0.99,1.0,20,0.2000,WIN,752.94,345.65,2.1783,0x1f0ccfaa3f16f154caa14fcb6c4a5e2e2bde1c83ec029e532a003fa5b097a58a,93876870540093054210175418344110162091296005464777178570426931260946562422909,1774579500,2026-03-27 04:04:11,1.0
d7c4621b,2026-03-27 03:59:06,ETH 5m DOWN,DOWN,5m,eth-5m-1774580100-down,0.99,1.0,20,0.2000,WIN,744.16,59.44,12.5195,0xe13417be230736071467d1d7905b11e166a43c44576ce909eedfa3bceb940fa6,48142268043945651328854534743063218390646681764475619035494989615491444001155,1774580100,2026-03-27 04:04:11,1.0
7bddcde9,2026-03-27 04:07:31,ETH 5m DOWN,DOWN,5m,eth-5m-1774580700-down,0.99,1.0,20,0.2000,WIN,489.21,319.21,1.5326,0x280f4277e1adcafc1fcd308cd4df95bcd9e60385abca79a6123a353321b519a4,74491514349135437344353499678549123224426178459365629383554307709540218283079,1774580700,2026-03-27 04:16:11,1.0
f25eaec3,2026-03-27 04:08:10,BTC 5m DOWN,DOWN,5m,btc-5m-1774580700-down,0.99,1.0,20,0.2000,WIN,1743.51,1042.16,1.6730,0x3ac1f9615486f2fd79605b90459a3af37bcd68ef4bf13a14a009b5e55ec71f23,16310066701877278000917350479655938569286047448425802630935335169475928747294,1774580700,2026-03-27 04:14:11,1.0
09c8925c,2026-03-27 04:08:41,ETH 15m DOWN,DOWN,15m,eth-15m-1774580400-down,0.99,1.0,20,0.2000,WIN,518.12,320.13,1.6185,0x5b8a4bd7425a21980b2d9d9db6f9b0a005706d3045fb2145ee7f0a05ebf83041,102654564895882181609001590960292153770089949382702853181029155553500075342840,1774580400,2026-03-27 04:19:11,1.0
a4044e76,2026-03-27 04:08:45,BTC 15m DOWN,DOWN,15m,btc-15m-1774580400-down,0.99,1.0,20,0.2000,WIN,2138.48,1407.56,1.5193,0xf67ecd118054162ed501aa220badae799363fc801c344adabca8f0e33d2c21d7,72349359977206361379108300681872039406606327483916278143122092427604892486132,1774580400,2026-03-27 04:19:11,1.0
f73c02b0,2026-03-27 04:24:44,BTC 5m DOWN,DOWN,5m,btc-5m-1774581600-down,0.99,1.0,20,0.2000,WIN,2388.22,1056.9,2.2596,0xc28d090e1d9ba0c58a17437bf739aa0de1d270d130f113a9f5f7443be919eccb,90910703102873559038039945504920071342171705670804270484850621816276240188798,1774581600,2026-03-27 04:29:11,1.0
5c50bda8,2026-03-27 04:28:49,BTC 15m UP,UP,15m,btc-15m-1774581300-up,0.99,1.0,20,0.2000,WIN,1125.89,138.56,8.1256,0xf12ddc6839d827f1d6f86b57064bde1c1f6ddbf2a1a5e3e3e69942ee6610cd2e,101453287445466639655322940327461423148009873425270449829417288969577012306545,1774581300,2026-03-27 04:36:12,1.0
52eb5da6,2026-03-27 04:29:00,ETH 5m UP,UP,5m,eth-5m-1774581900-up,0.99,1.0,20,0.2000,WIN,143.86,15.47,9.2993,0xc8c3de8b998521eb461b23f43acd9e69403dbf19e75983e497c4247ad45694d1,86125391038196297863367371364851458017570995517765384677365819629308007703575,1774581900,2026-03-27 04:32:11,1.0
aebfd010,2026-03-27 04:29:02,BTC 5m UP,UP,5m,btc-5m-1774581900-up,0.99,1.0,20,0.2000,WIN,1930.36,1187.2,1.6260,0x81ecf8b41e3bb828950575d2c762b40ce29d4c560bfc4fa2ef30b0211dd86bed,18903582030956266980846957810808724200020037005818054239016950856521033341575,1774581900,2026-03-27 04:34:11,1.0
83b1944c,2026-03-27 04:29:10,ETH 15m UP,UP,15m,eth-15m-1774581300-up,0.99,1.0,20,0.2000,WIN,771.98,508.3,1.5187,0x2b24fba67ca7e05267983624b7c4a829934eb30a6d0417f63ed741cff9f73785,49436492285420197301660868490789325064741808537505964919401202887189932873271,1774581300,2026-03-27 04:34:11,1.0
007f7c24,2026-03-27 04:39:44,BTC 5m UP,UP,5m,btc-5m-1774582500-up,0.99,1.0,20,0.2000,WIN,2551.92,941.7,2.7099,0xa94ec24870a97534587d5fed96206ce796c3ad250e011694cb21234237fcb603,10814111748479366553981548981408334087213325045053796081503840724040840420382,1774582500,2026-03-27 04:44:11,1.0
79ec56fd,2026-03-27 04:39:55,ETH 5m UP,UP,5m,eth-5m-1774582500-up,0.99,1.0,20,0.2000,WIN,123.69,77.51,1.5958,0xb473548ee4f79d20890015a4864427a1c42b9e649245596f5ac3feb3f3fe4b3b,72045656610925248469886560082901369733152986337876682685498199982741890476242,1774582500,2026-03-27 04:46:12,1.0
751ca054,2026-03-27 04:44:06,BTC 15m UP,UP,15m,btc-15m-1774582200-up,0.99,1.0,20,0.2000,WIN,3097.21,1743.0,1.7769,0x9612873f93231103a44bcdf8c8a3cc449a7ee7fd5b22c25ef56b7b9ce1801427,93944003429427533708674210236348482019275307119175146806186284618330295671991,1774582200,2026-03-27 04:49:11,1.0
7a6c4a57,2026-03-27 04:44:54,BTC 5m DOWN,DOWN,5m,btc-5m-1774582800-down,0.99,1.0,20,0.2000,WIN,1845.78,1002.07,1.8420,0x0f85229a4f027a5fc9f5af2264cd6be058fdc58589cb34cf05fcdd07e53ecf01,97987758532314346863331680319607711694838937984814950023901315671390566048932,1774582800,2026-03-27 04:49:11,1.0
82dc13c8,2026-03-27 04:56:59,BTC 15m DOWN,DOWN,15m,btc-15m-1774583100-down,0.99,1.0,20,0.2000,WIN,2508.75,1652.2,1.5184,0xe94245ca7a0f02400c54a0bbba3bb60a8ac1677d2f266cd8d828802df9009f10,115579714461475377077117027229092194178362213581580802393519489245419563477535,1774583100,2026-03-27 05:06:12,1.0
85281377,2026-03-27 04:57:58,ETH 15m DOWN,DOWN,15m,eth-15m-1774583100-down,0.99,1.0,20,0.2000,WIN,748.0,152.06,4.9191,0x7f8665559d4db15af0901ca508510cae92869d1e24eb829898d12648db9c06c8,21740249682810290254972042701560501441627291720258333719308069471101497147544,1774583100,2026-03-27 05:04:11,1.0
a913955a,2026-03-27 04:59:12,BTC 5m DOWN,DOWN,5m,btc-5m-1774583700-down,0.99,1.0,20,0.2000,WIN,2831.01,1303.75,2.1714,0x5b650933f4b06742d8f25ab7213f412d1e819ae0a4bec5d8aa590d71f1b398bc,87364449090615014458061350397844783383275534275407990540014219677589537603485,1774583700,2026-03-27 05:04:11,1.0
d7a82a34,2026-03-27 04:59:27,ETH 5m DOWN,DOWN,5m,eth-5m-1774583700-down,0.99,1.0,20,0.2000,WIN,329.64,214.14,1.5394,0x46f866e599c81d8884f0331d82a2792baf8a2460c65cf1866ac91f5ec8ec453a,69671694640237559511110412848794246515216974533501240361505870971852895838992,1774583700,2026-03-27 05:04:12,1.0
98158175,2026-03-27 05:08:01,BTC 15m DOWN,DOWN,15m,btc-15m-1774584000-down,0.99,1.0,20,0.2000,WIN,3328.73,1209.95,2.7511,0x46719317120a10a47f9ae4835100e51b8f5c806c65c7cb6d00d921b63bd7dadb,15352018361645565010399752208006925377438044930448489946656936366562576788486,1774584000,2026-03-27 05:19:11,1.0
c1dfba6b,2026-03-27 05:08:34,BTC 5m DOWN,DOWN,5m,btc-5m-1774584300-down,0.99,1.0,20,0.2000,WIN,6138.28,3570.33,1.7192,0xc2104fd46dbbbe0b868f05beefa242f111956e428249461382e36be2af48042a,95972995389333992053270467007851841027093468133203261875562774120404291098175,1774584300,2026-03-27 05:16:12,1.0
390b44d4,2026-03-27 05:14:31,BTC 5m UP,UP,5m,btc-5m-1774584600-up,0.99,1.0,20,0.2000,WIN,1926.29,768.58,2.5063,0x448b1d114f762ff7874ca58fc99a57fb0a6ef1009fb534803c66845bdef4a4da,112037041995662119704764409944175080059436080166340973977818409812197560401070,1774584600,2026-03-27 05:19:11,1.0
0a308283,2026-03-27 05:24:32,ETH 5m UP,UP,5m,eth-5m-1774585200-up,0.99,1.0,20,0.2000,WIN,632.57,412.93,1.5319,0xccc180ff1ff7c987132c2b92687fd390c37df6a39088e3d86944ea83933291d0,61871101254768388842477720607786719900696884036735616084622206850299756852186,1774585200,2026-03-27 05:29:11,1.0
f5e5d42f,2026-03-27 05:26:13,ETH 15m UP,UP,15m,eth-15m-1774584900-up,0.99,1.0,20,0.2000,WIN,211.7,117.9,1.7956,0x59f0766f211289899b4c63fde6d0cb937ddd28e346412561973c6909d4ae2a6d,30520548316977857827467070461680134643965912991746688834542676672679250958822,1774584900,2026-03-27 05:34:11,1.0
9b967264,2026-03-27 05:27:56,BTC 15m UP,UP,15m,btc-15m-1774584900-up,0.99,1.0,20,0.2000,WIN,1425.47,815.71,1.7475,0xda6cc8cfd080bb2b2a7c1d45e20dc3983c531f5b0a780a421b564f855075ae30,22707659162650864500102439025154905815776037942250814748029747642662869234863,1774584900,2026-03-27 05:34:11,1.0
9e738178,2026-03-27 05:44:38,BTC 15m UP,UP,15m,btc-15m-1774585800-up,0.99,1.0,20,0.2000,WIN,1526.53,937.64,1.6281,0xd330a267b6e9386c77bec2d90cb9544e187a511a7530eb337655597efb1162d7,43317833770586833826217522175505887278430878881853539830970422315381671064635,1774585800,2026-03-27 05:51:12,1.0
3021d2f4,2026-03-27 05:54:52,ETH 5m DOWN,DOWN,5m,eth-5m-1774587000-down,0.99,1.0,20,0.2000,WIN,53.96,22.12,2.4394,0xd1cfdbb6008f7039da49abeee87f704556c1570cfd12866914d637c0aaa4cf01,57678774989755929854153905243956806984293295554849288958000455477275402453346,1774587000,2026-03-27 05:57:10,1.0
546b0d25,2026-03-27 05:59:57,BTC 5m DOWN,DOWN,5m,btc-5m-1774587300-down,0.99,1.0,20,0.2000,WIN,641.2,347.62,1.8445,0x66f7078638bce2a5b328618cec0d10e82e1a979b0084031bf6dfe70a7a1062d6,107026414187181111592070665450600374768823490453551765693829292344451048189803,1774587300,2026-03-27 06:04:11,1.0
8dfb4fc9,2026-03-27 05:59:58,BTC 15m DOWN,DOWN,15m,btc-15m-1774586700-down,0.99,1.0,20,0.2000,WIN,96.64,50.0,1.9328,0xc7ca7e2c8fd50ade4fe3e010708231097ec0daae879403fec168908f51da39ca,56728462518099972732652927331629288750386175529927340613902387244657963968626,1774586700,2026-03-27 06:04:11,1.0
61231cb5,2026-03-27 06:04:55,ETH 5m DOWN,DOWN,5m,eth-5m-1774587600-down,0.99,1.0,20,0.2000,WIN,101.0,11.11,9.0909,0x45797c8ec7427385872809621175b3de7f006fd984225eafc4c7a31204a57ae3,57679014680085155810871648291441949717218411479032962295942293706648362378468,1774587600,2026-03-27 06:09:11,1.0
8b7f99c5,2026-03-27 06:09:06,BTC 5m UP,UP,5m,btc-5m-1774587900-up,0.99,1.0,20,0.2000,WIN,737.45,342.54,2.1529,0x50f71baee0e6b3f81a136ca4496c50b0e933822819c03bddec2a58c92edc1061,35225372961282688416867892324164156985221771762608810125840556611716827718356,1774587900,2026-03-27 06:14:11,1.0
0f8e8b90,2026-03-27 06:09:48,ETH 15m UP,UP,15m,eth-15m-1774587600-up,0.99,1.0,20,0.2000,WIN,462.3,259.44,1.7819,0x01a1e517f1fa71d520daf4372c2f49e8700101391c160082ed3a2137ce0f42a7,30081977129800536607437662262314560762314547925065011223570706732779443810393,1774587600,2026-03-27 06:19:11,1.0
0606479f,2026-03-27 06:10:34,BTC 15m UP,UP,15m,btc-15m-1774587600-up,0.99,1.0,20,0.2000,WIN,2560.87,1701.6,1.5050,0x3bd9d58b9377db94c3fdb9ac81ff6965bfbd2d345bcfcf4c067ee68011c68baf,89678022729382853580839645680245248551616106003887455384185749107811912267773,1774587600,2026-03-27 06:19:11,1.0
e5198bcf,2026-03-27 06:19:53,ETH 5m UP,UP,5m,eth-5m-1774588500-up,0.99,1.0,20,0.2000,WIN,472.27,292.17,1.6164,0x6e18422763e0e15962e5d40e1713975be971d788a6b96de237a9cfc3aa85f41d,50826115879737485432644805967059175384490044068097684627967604448533821897517,1774588500,2026-03-27 06:24:11,1.0
0dc5cf04,2026-03-27 06:19:55,BTC 5m DOWN,DOWN,5m,btc-5m-1774588500-down,0.99,1.0,20,0.2000,WIN,1977.65,984.16,2.0095,0xa13e0af4c6d597310e780a97954845554270b8aea94398743da0d89cf9e42927,27617337559081899765609623452552035587184390522843663874963690310949979438067,1774588500,2026-03-27 06:24:11,1.0
68671ffa,2026-03-27 06:23:42,ETH 5m DOWN,DOWN,5m,eth-5m-1774588800-down,0.99,1.0,20,0.2000,WIN,296.43,196.47,1.5088,0x6e26510e4f07310822a38f9f42685f6fbca49e46a7b4930ff2926703397a0f83,86771538474496159073717132838277799027306298086456422399039505166980063179929,1774588800,2026-03-27 06:31:12,1.0
555189c5,2026-03-27 06:25:10,BTC 15m DOWN,DOWN,15m,btc-15m-1774588500-down,0.99,1.0,20,0.2000,WIN,1656.0,703.78,2.3530,0x70a52325ea8f994d747a8736ac4745477b892055373e0f85304ddc3244c3f710,94478771168792473240183268986593032914357915219135075101692823216471007174015,1774588500,2026-03-27 06:36:12,1.0
883e2202,2026-03-27 06:25:43,ETH 15m DOWN,DOWN,15m,eth-15m-1774588500-down,0.99,1.0,20,0.2000,WIN,148.3,13.61,10.8964,0xbf7b30b197f0774218e98b0dfe192b7e74aa4ff63909ec81110ff86cc756e6f0,67539795391658203790928632556383835938101041068899262967094706602222628834293,1774588500,2026-03-27 06:34:11,1.0
c1b19a9d,2026-03-27 06:29:10,BTC 5m DOWN,DOWN,5m,btc-5m-1774589100-down,0.99,1.0,20,0.2000,WIN,1267.16,726.69,1.7437,0xf6964d95c50a92c67c8444adcd51538f18c7971a9a8862892fdcd9f33fcf8784,40930452328873116184357515421087544420135565434430949854043068454175026267122,1774589100,2026-03-27 06:36:12,1.0
370418ef,2026-03-27 06:39:05,ETH 5m UP,UP,5m,eth-5m-1774589700-up,0.99,1.0,20,0.2000,WIN,209.69,128.63,1.6302,0x49bd3536ec53f37d1984358f5e401c345817d1ede5f6994414e278ebf5f29735,62146999160165939325036918554015892871079951979300481389632652752425096839341,1774589700,2026-03-27 06:44:11,1.0
9468f16d,2026-03-27 06:40:02,BTC 5m DOWN,DOWN,5m,btc-5m-1774589700-down,0.99,1.0,20,0.2000,WIN,9600.0,1161.27,8.2668,0x0f346810e1302c2204f64187e8f6734fc781c247e00a4dfd629a12ec427de582,112913275602308116987114976608077787496804240828253218040463306435896190373447,1774589700,2026-03-27 06:44:11,1.0
2469dd75,2026-03-27 06:44:41,BTC 5m UP,UP,5m,btc-5m-1774590000-up,0.99,1.0,20,0.2000,WIN,2694.51,1671.7,1.6118,0xa1f6d2f178b2e0d07c030e4a4429fd3d27127cb7f222536c468ae6ec56767bc5,108074804515255575822138364495721654666858801723157086911879388288977321178356,1774590000,2026-03-27 06:49:10,1.0
345cda86,2026-03-27 06:57:47,ETH 15m UP,UP,15m,eth-15m-1774590300-up,0.99,1.0,20,0.2000,WIN,194.96,117.09,1.6650,0xc878c8bd8c3def784ffce5da2ef1f61f067e5944b9e92d7f3762638613133be0,6424852176164017721048296479898084170472507094491468734666398927731805880794,1774590300,2026-03-27 07:04:11,1.0
04a8f010,2026-03-27 06:59:49,ETH 5m UP,UP,5m,eth-5m-1774590900-up,0.99,1.0,20,0.2000,WIN,26.0,7.73,3.3635,0x9c6483a7e664b9ee684885cb9a3f4a8b0658a55d2f6cc3c8b158f37cc79e5d78,34661729001695674730133879237829833608437273987673717785937243080467049155242,1774590900,2026-03-27 07:06:11,1.0
286c012a,2026-03-27 07:09:19,BTC 5m UP,UP,5m,btc-5m-1774591500-up,0.99,1.0,20,0.2000,WIN,2810.98,1472.09,1.9095,0xf3b0fb9b533c9bad0dbd883662e19e7e506fd9475c525f99e9e09fa7906ad1cc,38690079878078704341865269618301972678960910417235321056533267554204726313342,1774591500,2026-03-27 07:14:11,1.0
bbfea1ba,2026-03-27 07:09:40,ETH 5m UP,UP,5m,eth-5m-1774591500-up,0.99,1.0,20,0.2000,WIN,467.32,254.75,1.8344,0x9ef0c981ac6e35c0650910deb9302e1bb1f691674f751458180fbda26a8fd7c2,45637676214646379363635114874450460525420745864453850691683781126404650736266,1774591500,2026-03-27 07:16:12,1.0
efaf034f,2026-03-27 07:13:41,BTC 15m UP,UP,15m,btc-15m-1774591200-up,0.99,1.0,20,0.2000,WIN,1932.55,866.01,2.2316,0x93c154caad76e1d01a732fb29f82ed1b8405e7379654a46d568d073b1cb853dc,107912752971865562606067440079401296673136409489236975995715036499540113526016,1774591200,2026-03-27 07:17:11,1.0
2d9697db,2026-03-27 07:29:01,BTC 15m UP,UP,15m,btc-15m-1774592100-up,0.99,1.0,20,0.2000,WIN,1178.41,319.61,3.6870,0xc997ebd88d875af82ab6b188e581b3b0f514fb0c60c9b773fa0ca9133bb37645,73905876061913822534412188189042277716429822551273411987645814821054249470544,1774592100,2026-03-27 07:34:11,1.0
f6798354,2026-03-27 07:39:42,BTC 5m DOWN,DOWN,5m,btc-5m-1774593300-down,0.99,1.0,20,0.2000,WIN,2387.97,1270.71,1.8792,0xad550e77bd0d596e73cc871242a93f928f655bc969dd5941f716c7b535af466a,8222472582067214739697771921887527434022256321672692203969409144227320439520,1774593300,2026-03-27 07:44:11,1.0
2d4341fd,2026-03-27 07:44:30,BTC 15m DOWN,DOWN,15m,btc-15m-1774593000-down,0.99,1.0,20,0.2000,WIN,2313.35,1515.02,1.5269,0xad14b1ed155c367ac8812e043c572ad2165ceb6097613afed50be55303ae335e,12709541293773219126367157506256317198687403816046668762259419485060731140961,1774593000,2026-03-27 07:47:10,1.0
2f94b059,2026-03-27 07:54:52,ETH 5m UP,UP,5m,eth-5m-1774594200-up,0.99,1.0,20,0.2000,WIN,74.13,46.84,1.5826,0xcefc0cda66b9b771eebfb7c4efb47a8e2adb982c5206cea509a57e59230cbf6d,41817464367851810426910542468444165675570594524406543836542905981755014524522,1774594200,2026-03-27 07:59:11,1.0
d638357c,2026-03-27 07:54:57,BTC 5m UP,UP,5m,btc-5m-1774594200-up,0.99,1.0,20,0.2000,WIN,86.0,41.88,2.0535,0x3f3dd6e18200cb5e65f59174d583006e8c677ca4177dfcbc2c82d52f1595dc18,81903497333929033070988709476128150142456877259533698063694413110535016823313,1774594200,2026-03-27 07:59:11,1.0
9d895b16,2026-03-27 07:58:16,BTC 15m DOWN,DOWN,15m,btc-15m-1774593900-down,0.99,1.0,20,0.2000,WIN,2434.83,1560.15,1.5606,0x3df4350466eafce8ab3d8128880127cff8e8c90add08c55b1aaecffd00f0ffd2,44062088861015922908345061453794599344887743526719215479893187530906969609437,1774593900,2026-03-27 08:04:11,1.0
dee35a1f,2026-03-27 08:11:57,BTC 15m UP,UP,15m,btc-15m-1774594800-up,0.99,1.0,20,0.2000,WIN,2349.45,1538.38,1.5272,0x47308b173ed8a65df56840c092d3ea864170ea780fe2504ff9c47148a489a55a,987711784234715948520865900131579312730082954293364069283181345465032200990,1774594800,2026-03-27 08:19:11,1.0
110b29bf,2026-03-27 08:11:57,ETH 5m UP,UP,5m,eth-5m-1774595400-up,0.99,1.0,20,0.2000,WIN,527.78,301.67,1.7495,0x95fc78dfa20dd61b62d9e59605154be23d68231bdebfc4f0eac49a003cfd4460,85489655161908673742121571068318099008241767762197300466334874253700443234588,1774595400,2026-03-27 08:21:12,1.0
a7a41ee5,2026-03-27 08:11:58,ETH 15m UP,UP,15m,eth-15m-1774594800-up,0.99,1.0,20,0.2000,WIN,174.2,44.03,3.9564,0xdd5fa941969995c31421a4c394edb161b194c097457914c82225508f2cc3e234,68514889499192261430108408981664010488375917175416127536610646584187760764854,1774594800,2026-03-27 08:19:11,1.0
5164f3d0,2026-03-27 08:12:01,BTC 5m UP,UP,5m,btc-5m-1774595400-up,0.99,1.0,20,0.2000,WIN,2066.33,1284.29,1.6089,0x8d511ffe4f68f5ac35764f13cc24b0efd1ed22eed10d46bca0888a090f347dd4,8896339683639214879487788109323454670634768316001164797534875492575871565144,1774595400,2026-03-27 08:21:11,1.0
3551b849,2026-03-27 08:28:47,BTC 15m UP,UP,15m,btc-15m-1774595700-up,0.99,1.0,20,0.2000,WIN,2287.36,1030.61,2.2194,0xf71ac0b019712a857f4e51d438204955fa598adb1069118e59e3d7beb0c877f5,35474149010009225786357398220138541414243566131920126934368138248763784862118,1774595700,2026-03-27 08:36:11,1.0
97ea04da,2026-03-27 08:29:02,ETH 15m UP,UP,15m,eth-15m-1774595700-up,0.99,1.0,20,0.2000,WIN,251.96,89.6,2.8121,0x7475da3ea704473e71866c9ac147fd8fad20862fc96afd2ffb96e16c8491cdf1,50597428375603890894447286069227427633117620674290690843649519575909001296748,1774595700,2026-03-27 08:36:12,1.0
98fc3595,2026-03-27 08:41:25,ETH 15m DOWN,DOWN,15m,eth-15m-1774596600-down,0.99,,20,,,55.0,23.88,2.3032,0x8dbe0b6312c248b7f2ba078edc97459e54736c447a5d9064186a23458b1bbf0c,77116651494954297487767101146422158972242348009620879530601640737000778432048,1774596600,,
afc98a45,2026-03-27 08:44:18,BTC 5m DOWN,DOWN,5m,btc-5m-1774597200-down,0.99,,20,,,1804.51,1169.26,1.5433,0xc183d855a1156b20b6af1f50dde12545ed8e7a1522cc0229b3f7f2ed937d199f,10548533301650804854459238376148842420021695312088806447357203256507337149897,1774597200,,
beb24a48,2026-03-27 08:55:00,BTC 5m UP,UP,5m,btc-5m-1774597800-up,0.99,1.0,100,1.0000,WIN,58.0,35.0,1.6571,0xb21545a154a56f2f0519835fca03cae24e8114ad616ab3f84287649fcf3f8096,11776522405198447037477254894921001598596713645187117178689031415394369844128,1774597800,2026-03-27 08:59:10,1.0
fe008c5f,2026-03-27 08:58:06,ETH 5m DOWN,DOWN,5m,eth-5m-1774598100-down,0.99,1.0,100,1.0000,WIN,685.69,391.36,1.7521,0xbe58e4a5ad46dd8eef0ff461cad54c36b95a3083b1754a6adccb34b068179a5b,58545616588264351179311109000504905937944937011755027224091876150238493252657,1774598100,2026-03-27 09:04:11,1.0
84720a2d,2026-03-27 08:58:28,BTC 5m DOWN,DOWN,5m,btc-5m-1774598100-down,0.99,1.0,100,1.0000,WIN,2321.04,1497.22,1.5502,0x90174a4cf25778a2c5119c1dd0684b19ec801a4d14bdf8948a0147bb242c7ddb,53026334523306022771523858619564196213490297858387310649449100310737532999709,1774598100,2026-03-27 09:02:10,1.0
f08b201e,2026-03-27 08:58:42,ETH 15m DOWN,DOWN,15m,eth-15m-1774597500-down,0.99,1.0,100,1.0000,WIN,737.29,145.54,5.0659,0x27aa095b9e17c289fe7ff91aee726addfb15d867a6381bdc8df13612d1bae06b,47129369410414657350992557149751013906923988046970313620737379658918614656658,1774597500,2026-03-27 09:06:11,1.0
9996ce4f,2026-03-27 09:12:16,ETH 15m DOWN,DOWN,15m,eth-15m-1774598400-down,0.99,1.0,100,1.0000,WIN,309.64,146.66,2.1113,0x9b2ceff4a412ee799ecf791e9806b75d80a0ce3b8c0ab863a6466a948e195ef2,20983734941393588208653597415015163028068159896151712335999921212923494938594,1774598400,2026-03-27 09:19:10,1.0
d7d0410d,2026-03-27 09:14:29,BTC 15m DOWN,DOWN,15m,btc-15m-1774598400-down,0.99,1.0,100,1.0000,WIN,2215.5,1211.34,1.8290,0x5abe2fe824eae908af5bc8e0d58fd3f9e0de2f16ca174549586edf34b3ebe4e8,57811290018045302588445509798394595304445621589414962674550524056708345717311,1774598400,2026-03-27 09:21:11,1.0
bbc8f5e4,2026-03-27 09:14:59,BTC 5m DOWN,DOWN,5m,btc-5m-1774599000-down,0.99,1.0,100,1.0000,WIN,680.37,347.13,1.9600,0x62137a41604660745955f0f038286755794333f6226598602e8b4149b8f8f9da,31320849834360064263219874242124538529763936075695603881844949191504053212715,1774599000,2026-03-27 09:19:11,1.0
76c06f89,2026-03-27 09:19:15,BTC 5m DOWN,DOWN,5m,btc-5m-1774599300-down,0.99,1.0,100,1.0000,WIN,2124.84,1373.38,1.5472,0x6d5194a30683a5854cdaab089b1d424fade69c62e54b089dde327be6837b4eb0,104707851249366315704141686162182504787921465947749142670704063216720275967093,1774599300,2026-03-27 09:26:12,1.0
023d75c9,2026-03-27 09:25:51,ETH 15m DOWN,DOWN,15m,eth-15m-1774599300-down,0.99,1.0,100,1.0000,WIN,95.0,28.0,3.3929,0x9b8b2497dedfd805518c0884c1954766915747c0050b9ff2c6f8c3937ff3375f,102863302247640938686310680350383964265015630334749713747088922336672203797027,1774599300,2026-03-27 09:34:11,1.0
c638c556,2026-03-27 09:27:31,BTC 15m DOWN,DOWN,15m,btc-15m-1774599300-down,0.99,1.0,100,1.0000,WIN,2030.65,1098.69,1.8482,0xad30c01f850aaeec052599ac1e75097bf15857ac58d55dfb63f4700f465cafac,97538369839569219103057127746803451127266141267906035346011688980175552483578,1774599300,2026-03-27 09:36:11,1.0
7ea906ee,2026-03-27 09:29:02,BTC 5m DOWN,DOWN,5m,btc-5m-1774599900-down,0.99,1.0,100,1.0000,WIN,2346.86,1386.35,1.6928,0x43b6f8ffc0f8b2b81b5d051620d576b1b2dfd652441440c282592d26446f8aeb,40660958451127443052759559705128010919964147944407691868929627703537841141694,1774599900,2026-03-27 09:34:11,1.0
5c5614d9,2026-03-27 09:36:31,BTC 5m DOWN,DOWN,5m,btc-5m-1774600500-down,0.99,1.0,100,1.0000,WIN,1162.15,725.69,1.6014,0x1a761adf4811ac3a65042e725214caf453e34242c1c79e2f323ed85f01c4fc1c,114246500569539890161773748901738733252974434716180282398708685190896614375759,1774600500,2026-03-27 09:44:10,1.0
022db8c3,2026-03-27 09:37:01,ETH 5m DOWN,DOWN,5m,eth-5m-1774600500-down,0.99,1.0,100,1.0000,WIN,224.0,59.98,3.7346,0x7416f992f6905d4bbf783c016edecb68f01fab34847aebbe0d3268653c020cec,70078327719900100573742227696391916850265387000912773448457800620289729195530,1774600500,2026-03-27 09:44:11,1.0
8833c8da,2026-03-27 09:37:22,BTC 15m DOWN,DOWN,15m,btc-15m-1774600200-down,0.99,1.0,100,1.0000,WIN,3268.78,1993.1,1.6400,0xdc0fc23477a14dff1f7dc0177dbae495a2f35b6fbf0ea27cbbe900b45bb9acd9,107016742816007063660855940279127923275643776665069663466182551442767693535564,1774600200,2026-03-27 09:51:11,1.0
444f44b0,2026-03-27 09:40:01,ETH 15m DOWN,DOWN,15m,eth-15m-1774600200-down,0.99,1.0,100,1.0000,WIN,99.28,35.06,2.8317,0x7d910356e6cc71ffac9976c40f9d11020ca24b54d4d2f99f2b519e590b03527d,93527368340855293461785864060197992492956174756723277107276849211085609056536,1774600200,2026-03-27 09:49:11,1.0
5209bcc5,2026-03-27 09:44:00,BTC 5m UP,UP,5m,btc-5m-1774600800-up,0.99,1.0,100,1.0000,WIN,1908.3,761.1,2.5073,0x774f6869dd5819dcf47a316c54f1e0cbc9d145e5a51b4e39ee36d6e2ffbccc03,98304036090062701029920846169125024104374782646618479194855332426380880942135,1774600800,2026-03-27 09:51:11,1.0
51c6c4af,2026-03-27 09:52:16,ETH 5m UP,UP,5m,eth-5m-1774601400-up,0.99,1.0,100,1.0000,WIN,303.9,114.23,2.6604,0x666097847206ff47d8b2240dbc358be238a00df82b0c6c19e5ccf70a16b7650f,12036522734404914089064596627185183420887379274282722218677688650782305483061,1774601400,2026-03-27 09:57:11,1.0
dbef6a08,2026-03-27 09:57:05,BTC 15m UP,UP,15m,btc-15m-1774601100-up,0.99,1.0,100,1.0000,WIN,817.3,531.51,1.5377,0xcf3c8070ceb21693802fb2cf82df956d563ab25b50caf99bcf106d6d1e1754eb,35674669545850642455217612991324016480829609121982330472733371682085235769525,1774601100,2026-03-27 10:06:12,1.0
4ac1464a,2026-03-27 09:59:55,ETH 5m DOWN,DOWN,5m,eth-5m-1774601700-down,0.99,1.0,100,1.0000,WIN,127.32,31.59,4.0304,0x7827c411cd6ac327beec6db14cb88a6051c8522fd2e898209d25eef2f7ab194c,72025700775141621657425343452295481666393715359190463749097758442253021659586,1774601700,2026-03-27 10:02:11,1.0
2beee996,2026-03-27 10:04:14,BTC 5m DOWN,DOWN,5m,btc-5m-1774602000-down,0.99,1.0,100,1.0000,WIN,1937.84,336.49,5.7590,0xb020a5491ea02165ddd44f9dcf79d9cca1f922d2ca0d0a035f9b0b5dece19e17,66680540398830241893905429645350597187768065678095452723942486157191258939176,1774602000,2026-03-27 10:07:11,1.0
84c792c7,2026-03-27 10:09:14,BTC 5m DOWN,DOWN,5m,btc-5m-1774602300-down,0.99,1.0,100,1.0000,WIN,2706.58,686.23,3.9441,0xbbcc2c0a09a5fa976b9aa519bc2ad79dcb868e272eb3ea482b275317cada006f,50741496196046945995471101106197192427815974564398121384635324029191453095596,1774602300,2026-03-27 10:14:11,1.0
c1249c5e,2026-03-27 10:11:12,ETH 15m DOWN,DOWN,15m,eth-15m-1774602000-down,0.99,1.0,100,1.0000,WIN,1157.24,743.11,1.5573,0x06b2fd978b9078206b6e73d7a0881e0df9283e07143ce3dcbfad10a9a57d2f90,30758277816820624161801359370712858069876723854266513927707476472317905309965,1774602000,2026-03-27 10:19:11,1.0
9920e313,2026-03-27 10:14:07,BTC 5m UP,UP,5m,btc-5m-1774602600-up,0.99,1.0,100,1.0000,WIN,1598.06,1064.62,1.5011,0xdd473418a85e039d8bab9825be300c839691b92ddc2bb8c35dddebff28c2e4bf,100098115361114626540763710445760132510410060734297999478638296722348581998740,1774602600,2026-03-27 10:19:12,1.0
e0302fee,2026-03-27 10:14:49,ETH 5m DOWN,DOWN,5m,eth-5m-1774602600-down,0.99,1.0,100,1.0000,WIN,345.45,206.71,1.6712,0x9a4b27abb279a8df98d37765b93aa7ab1f63da83f3e771726814e4fbb4120d11,71672170452891339658893804049894687059191601734064986811121425291240699045258,1774602600,2026-03-27 10:19:12,1.0
a878a4d9,2026-03-27 10:19:09,BTC 5m UP,UP,5m,btc-5m-1774602900-up,0.99,1.0,100,1.0000,WIN,2731.24,1799.22,1.5180,0xe239d2b975387364e4ea407f4ba15ccd53bdb6902d401696498293a86e44f82e,113504055748668878641037228371000109096614987907628647577934984597192293152167,1774602900,2026-03-27 10:26:12,1.0
4751e626,2026-03-27 10:19:10,ETH 5m UP,UP,5m,eth-5m-1774602900-up,0.99,1.0,100,1.0000,WIN,773.48,397.23,1.9472,0x273db906655da67a29f42bbd067fc313dbf699463a0d803073aa28bee0347018,81336468641953286913302365014355071806513444170429419370352378201458489690023,1774602900,2026-03-27 10:26:12,1.0
4dba62cb,2026-03-27 10:26:28,BTC 15m UP,UP,15m,btc-15m-1774602900-up,0.99,1.0,100,1.0000,WIN,2524.14,1236.04,2.0421,0xc143c474f496dbbc95ee74a0a64f36a394a0ad44e31d6b57f580625222ad7ef4,89807082220862541016237138337727036198898152746246113689676135970166176296019,1774602900,2026-03-27 10:34:11,1.0
67ae604e,2026-03-27 10:28:06,ETH 5m UP,UP,5m,eth-5m-1774603500-up,0.99,1.0,100,1.0000,WIN,222.02,99.21,2.2379,0xdc1db8277f1040b9293d51172f9acc2e813d07b47f535e9b194939c106d3a77b,63451002767455011174798264651837317084636441965899829615870605866137398930028,1774603500,2026-03-27 10:34:11,1.0
4f0f899a,2026-03-27 10:29:29,BTC 5m UP,UP,5m,btc-5m-1774603500-up,0.99,1.0,100,1.0000,WIN,357.96,237.85,1.5050,0xde23b6997a17cc1a7619217e9e1bb8ece4664f2b6eaaa205c2afd86907f38aae,45768895280795759093739117638008561035212038030614037562508616158473255959747,1774603500,2026-03-27 10:34:11,1.0
91ba97be,2026-03-27 10:34:16,ETH 5m DOWN,DOWN,5m,eth-5m-1774603800-down,0.99,1.0,100,1.0000,WIN,914.19,584.02,1.5653,0xcbcd2ef1c76b0b0e1c9694dba79e8d84cfcb92790ce8e3d7a2e981a5082cc4fd,108196552371844286059762181837103255574453247332860525362138650369964140726928,1774603800,2026-03-27 10:39:11,1.0
8f947674,2026-03-27 10:40:34,ETH 15m DOWN,DOWN,15m,eth-15m-1774603800-down,0.99,1.0,100,1.0000,WIN,988.96,613.37,1.6123,0x2ef78a9ef7177eabd4434a0ecfa67ced1fbddcc1f15c3fdff027bfa78a1ac0d5,6719205708795967036379999174681353040255650738755321672041114199392750710530,1774603800,2026-03-27 10:49:11,1.0
c899d5e6,2026-03-27 10:44:35,BTC 5m DOWN,DOWN,5m,btc-5m-1774604400-down,0.99,1.0,100,1.0000,WIN,2110.49,674.36,3.1296,0x3c850583aa84433003a53b86d722bc438e46b7e3ec7365edab0f58cb2e3280b8,35496924239893893774196939989250655004286272717242404217558240233364742886930,1774604400,2026-03-27 10:51:11,1.0
a3bcdd20,2026-03-27 10:49:06,BTC 5m UP,UP,5m,btc-5m-1774604700-up,0.99,1.0,100,1.0000,WIN,3118.66,2055.66,1.5171,0x570011f46149c29c02b2c63bc19125e7115e6ea6dc9d15d0757adde9e20d1462,71866624139693749063287356245590271060923173008714358353180702793675145097349,1774604700,2026-03-27 10:54:12,1.0
66ee0efd,2026-03-27 10:54:56,BTC 5m UP,UP,5m,btc-5m-1774605000-up,0.99,1.0,100,1.0000,WIN,903.41,574.69,1.5720,0xac65076d5607828012297488648f0f148cb71f391ff9adb771ec2c627304b621,66644773504930392886332545415768175471549818101775531823893114193277876914042,1774605000,2026-03-27 11:01:11,1.0
f8059013,2026-03-27 10:57:59,BTC 5m DOWN,DOWN,5m,btc-5m-1774605300-down,0.99,1.0,100,1.0000,WIN,6260.27,4141.04,1.5118,0x351446507f6083bd60a465fe66adc799d82202c5ef96d0b90fa79411a3597755,36302352469528573765316920480569612873047761417195833652391075829054370554435,1774605300,2026-03-27 11:04:11,1.0
74e21770,2026-03-27 10:59:13,ETH 15m DOWN,DOWN,15m,eth-15m-1774604700-down,0.99,1.0,100,1.0000,WIN,335.94,117.69,2.8544,0xd2cc3e623d894d14661eb9177c5d7602b0379d95d22a0ce999247fe8b5472258,40898237847320387189245480759116358359179788380794474850349933801897624187568,1774604700,2026-03-27 11:04:11,1.0
bd83a1c4,2026-03-27 11:09:43,BTC 5m UP,UP,5m,btc-5m-1774605900-up,0.99,1.0,100,1.0000,WIN,2228.03,1460.72,1.5253,0x563ea0db98bac36e90129d2d7d9ef96011f2b1cfde3dda230c5918f6378c2248,30710560202714069843361941488992950886799598081571934592281194155833730527649,1774605900,2026-03-27 11:14:11,1.0
3a6e3180,2026-03-27 11:14:46,BTC 5m DOWN,DOWN,5m,btc-5m-1774606200-down,0.99,1.0,100,1.0000,WIN,3736.9,1440.91,2.5934,0x456779a36282c63baa8dd5483ee4d644491492b5b41fefcf7bcdf2833c423042,73259661894539555893790522969657268496686866359478258845917985120322723070800,1774606200,2026-03-27 11:19:11,1.0
ea7e246d,2026-03-27 11:14:50,ETH 15m DOWN,DOWN,15m,eth-15m-1774605600-down,0.99,1.0,100,1.0000,WIN,146.0,84.73,1.7231,0x8b2179d75d95e9a5b2d07349503db187d0efa85b48c4c624a6fd762aa0c799db,27212273238182125996580145948838350799303702648440448568887634794750439315822,1774605600,2026-03-27 11:19:12,1.0
3fc2468b,2026-03-27 11:19:57,BTC 5m UP,UP,5m,btc-5m-1774606500-up,0.99,1.0,100,1.0000,WIN,1654.32,991.38,1.6687,0x81931edc43af4f4b7160c2d8ac8c2456e75c486155170ed24222726a85409103,35372977330683951456615887918851611332544498387417121470897957145050287035340,1774606500,2026-03-27 11:24:10,1.0
97ecdef1,2026-03-27 11:24:13,ETH 5m UP,UP,5m,eth-5m-1774606800-up,0.99,1.0,100,1.0000,WIN,633.28,378.09,1.6749,0x4f5e3a6526f813a25bef3f173b4a2d0d3c0a87ea01624c6ddd8fa20acf81968b,57369754762869343756921952406892616380945634128141919697915644075125579722349,1774606800,2026-03-27 11:27:11,1.0
8404dc72,2026-03-27 11:28:32,BTC 15m UP,UP,15m,btc-15m-1774606500-up,0.99,1.0,100,1.0000,WIN,2119.82,1412.59,1.5007,0x60268b2000654200388192023b8593286786b690b84d0c98f5c1942c1092da64,69052712373478237995611656871132243289388475208607455145938608797883619864597,1774606500,2026-03-27 11:36:11,1.0
e3e6ba2b,2026-03-27 11:28:45,ETH 15m UP,UP,15m,eth-15m-1774606500-up,0.99,1.0,100,1.0000,WIN,769.08,426.42,1.8036,0x128ea9f562603048be660db39895b9abf89e2b65a9c6f7ec92d16e17c09ee48e,32670166171719352529310868372971283395729603265518198628136932596396939430930,1774606500,2026-03-27 11:34:11,1.0
e105aa84,2026-03-27 11:29:47,ETH 5m UP,UP,5m,eth-5m-1774607100-up,0.99,1.0,100,1.0000,WIN,173.35,99.7,1.7387,0x12103de121d10e2034e018ca5dd979cf294897b3f978833e31e299a88c65b81a,68498280748173289841641176785089677521446764856410175506239484093600377830945,1774607100,2026-03-27 11:34:11,1.0
75408e4f,2026-03-27 11:34:26,BTC 5m DOWN,DOWN,5m,btc-5m-1774607400-down,0.99,1.0,100,1.0000,WIN,2719.96,485.44,5.6031,0x0aef536a4824b9a20f985d961504053c2e3f3fe22aa318d74ce13f2b93f6c51f,92048566828482553586629656038006694211356433722319262362060115839374532458521,1774607400,2026-03-27 11:41:12,1.0
985ae2b3,2026-03-27 11:44:55,BTC 5m DOWN,DOWN,5m,btc-5m-1774608000-down,0.99,1.0,100,1.0000,WIN,1460.08,946.9,1.5420,0xcf02457970b63acea20bb2a1eaefc9ed17c44d81acbc40fbc45ae5e86306a0a3,58452736308579429477139669054211945426746001901581293589674496485122978761528,1774608000,2026-03-27 11:51:11,1.0
8e2174ee,2026-03-27 11:55:25,ETH 15m DOWN,DOWN,15m,eth-15m-1774608300-down,0.99,1.0,100,1.0000,WIN,188.95,79.31,2.3824,0xe4e6ed8a33de5f5d4524876d48510dac77a827d43fca706488aa4985ef8c11ac,78855437670579324696225817560611596673511290303987393479964990975740091686759,1774608300,2026-03-27 12:06:12,1.0
40a69950,2026-03-27 11:55:33,BTC 15m DOWN,DOWN,15m,btc-15m-1774608300-down,0.99,1.0,100,1.0000,WIN,1943.0,1226.84,1.5837,0xa360849931a247c4248ed2a1d7b8a93bcc4cee0cfa4cfec34c99e5c37c62a5eb,64250288568219042049758694681062245281681430099501961626786598154635874250247,1774608300,2026-03-27 12:04:11,1.0
2b394cf7,2026-03-27 11:59:18,BTC 5m DOWN,DOWN,5m,btc-5m-1774608900-down,0.99,1.0,100,1.0000,WIN,2987.1,1959.62,1.5243,0x92cc2bbd9a7f062f6caa8202b32d33eb73fb44777b32ea16a3d3dce95ced527f,34449183036796975354713585274819468989715790273559762466813856364696965639123,1774608900,2026-03-27 12:04:11,1.0
61254fc9,2026-03-27 11:59:54,ETH 5m DOWN,DOWN,5m,eth-5m-1774608900-down,0.99,1.0,100,1.0000,WIN,240.6,76.25,3.1554,0xfdeed7b1a65f4173cd35a204697ce7658a74130568de840b0ac2c3a9fd39dce8,48026581117415366092569820464987475082072491654045020384542293464711250466143,1774608900,2026-03-27 12:04:11,1.0
3fb372cc,2026-03-27 12:04:52,BTC 5m DOWN,DOWN,5m,btc-5m-1774609200-down,0.99,1.0,100,1.0000,WIN,1748.26,1064.67,1.6421,0xb89f56e8d1ceec3abd6dcbf1a37786f738031f7abb1a47009dcf401147dc1867,15044938495452658089784420119742755365752712371533217485209342410774194793784,1774609200,2026-03-27 12:09:11,1.0
a7a7d6dc,2026-03-27 12:13:22,BTC 5m UP,UP,5m,btc-5m-1774609800-up,0.99,1.0,100,1.0000,WIN,3570.69,695.35,5.1351,0xbab631af2f4170fd278c03b9f6e5641621823ad3ca3a8b33672a6b93d8ae6e14,9014394909153867923695392140200311816578436019111608791271626609955813176085,1774609800,2026-03-27 12:19:11,1.0
5d2b6d84,2026-03-27 12:14:16,ETH 5m UP,UP,5m,eth-5m-1774609800-up,0.99,1.0,100,1.0000,WIN,195.93,90.9,2.1554,0x31962776c1b1fe569b724d8dcee6b5048f0896986c28647d1bd10694f6fb07b3,50480317538959661003680351170677247760556416451777937995856084381336838488683,1774609800,2026-03-27 12:19:11,1.0
47a39823,2026-03-27 12:14:37,ETH 15m UP,UP,15m,eth-15m-1774609200-up,0.99,1.0,100,1.0000,WIN,288.13,175.32,1.6435,0x60438245d6d48a840a0cdb1c0adcfeb8f7cbdea7f7c040622b9a4fa87b1f0bae,19856767624194909475183418065091583753508627302201681548403392876027560648652,1774609200,2026-03-27 12:19:11,1.0
9b6e7b1f,2026-03-27 12:24:38,BTC 5m DOWN,DOWN,5m,btc-5m-1774610400-down,0.99,1.0,100,1.0000,WIN,2101.88,579.0,3.6302,0xecfe10e1c8905cbba1cedf7b14eb8cfedb5a47652936710aa0cc9fa98ed733ad,41792774364566186391981804656154980736078119069924114955140103110362364532170,1774610400,2026-03-27 12:27:11,1.0
fa30ee50,2026-03-27 12:29:10,BTC 15m UP,UP,15m,btc-15m-1774610100-up,0.99,1.0,100,1.0000,WIN,2932.75,1363.2,2.1514,0x56143d4fd5948733b024c64108a8e55645b353599204c2d02e744f6e4c9f8382,10082256767971190391215690840222637940020327146739130113188632510695607925343,1774610100,2026-03-27 12:34:11,1.0
59983352,2026-03-27 12:29:20,ETH 15m UP,UP,15m,eth-15m-1774610100-up,0.99,1.0,100,1.0000,WIN,376.13,131.21,2.8666,0xb76af37c197482b38e65564508f5a03ba2ac05d67a36f1325de0b566aefbb34a,86237468553050442849184619944216767692328039654185044127763909819400968935536,1774610100,2026-03-27 12:34:11,1.0
db7e8828,2026-03-27 12:29:22,ETH 5m UP,UP,5m,eth-5m-1774610700-up,0.99,1.0,100,1.0000,WIN,948.89,584.69,1.6229,0x55d7a3b96adf7faafa5614ef475186f5c8e6e15422a74c3bd47347fa7613a59f,13021679052526399822966135313100051498340172077703784896046206831353314027223,1774610700,2026-03-27 12:34:11,1.0
d4c0ebbe,2026-03-27 12:29:27,BTC 5m UP,UP,5m,btc-5m-1774610700-up,0.99,1.0,100,1.0000,WIN,3476.34,2218.32,1.5671,0xf38e3ec08d1630358b23f1663e59eae13b44b5cd980b933786709d85d3809caf,14916764379209185026080854340585909289228950322366358524221989114203610999737,1774610700,2026-03-27 12:34:11,1.0
154456f8,2026-03-27 12:44:20,BTC 5m UP,UP,5m,btc-5m-1774611600-up,0.99,1.0,100,1.0000,WIN,2306.41,1319.96,1.7473,0xa85d21b92a84400dfd331470afbd7a308ff8238e269800a409eba41a6519f4f6,33219965984683031388927633167275528579045123784440958088396865594065757143765,1774611600,2026-03-27 12:49:11,1.0
657e3569,2026-03-27 12:44:33,ETH 15m DOWN,DOWN,15m,eth-15m-1774611000-down,0.99,1.0,100,1.0000,WIN,767.28,270.76,2.8338,0x024b4770b6891cff05894a32d1adf41734a226733b5fa9826847bc38a29e68e4,111837487245357579425959631736484160245135209961983271022004181662352295955441,1774611000,2026-03-27 12:49:11,1.0
8934a900,2026-03-27 12:44:51,BTC 15m UP,UP,15m,btc-15m-1774611000-up,0.99,1.0,100,1.0000,WIN,1771.56,1148.97,1.5419,0xd41406d1dfcf843d559b4eb5574aab9d924bafb032f066c72ed1e248f49a95a4,70885658185808399393246427259923941269154635988157529842639505543255362173672,1774611000,2026-03-27 12:49:11,1.0
c18e8cd8,2026-03-27 12:49:57,BTC 5m UP,UP,5m,btc-5m-1774611900-up,0.99,1.0,100,1.0000,WIN,1746.33,798.03,2.1883,0x4b425019d49b180b383daf7b5dc398abcebac31ddaeeb2edb00b2841a2d2024e,10637963678690944473286370547405190800445243654195785883380731276871427188958,1774611900,2026-03-27 12:54:11,1.0
58d7852a,2026-03-27 12:53:49,BTC 5m DOWN,DOWN,5m,btc-5m-1774612200-down,0.99,1.0,100,1.0000,WIN,6496.02,4318.19,1.5043,0x3e06afacee87b4bf325aaabbb2d1f6880f004d4df7ccab4dbd686adca1f5ba1f,29271377836959266681101714039570167982936008578007006143525871223810008141046,1774612200,2026-03-27 12:59:10,1.0
ff799a0c,2026-03-27 12:54:35,ETH 5m DOWN,DOWN,5m,eth-5m-1774612200-down,0.99,1.0,100,1.0000,WIN,402.33,202.75,1.9844,0x76c41bd9a577c74e0475a4c917e2d25aaa139787e16f2b0c8149c08fc0deea43,65149201814179625965727963392468633410384733269597870297917147210289085914325,1774612200,2026-03-27 13:01:12,1.0
a98ca90e,2026-03-27 12:58:36,ETH 15m DOWN,DOWN,15m,eth-15m-1774611900-down,0.99,1.0,100,1.0000,WIN,148.26,83.21,1.7818,0x9751901ace3ff42951339a3312b6e4cdebb5b5c5c708a05a00c88059721cd611,92966284393365914456672402114704985743419477661544666958640595159687484451602,1774611900,2026-03-27 13:04:11,1.0
8bb45029,2026-03-27 12:59:23,BTC 15m DOWN,DOWN,15m,btc-15m-1774611900-down,0.99,1.0,100,1.0000,WIN,1634.46,971.19,1.6829,0xbf2833c2b70f3cfd8199c6b5e564cc5f25c3414460b508c05b8e920975d0a28a,596437296589801738280035021965339377799643519182642819932561713381289513130,1774611900,2026-03-27 13:04:11,1.0
61cdfb68,2026-03-27 12:59:42,BTC 5m DOWN,DOWN,5m,btc-5m-1774612500-down,0.99,1.0,100,1.0000,WIN,2617.89,1663.39,1.5738,0xaaba35fb562fad053b060ec15c5adeb0a43cf7e9e8ea8c755d2d04ff501c1976,54968485773355736957737699326027070124019925088377483496967590402520459315754,1774612500,2026-03-27 13:02:10,1.0
44a824fc,2026-03-27 13:14:43,BTC 15m DOWN,DOWN,15m,btc-15m-1774612800-down,0.99,1.0,100,1.0000,WIN,1925.39,642.29,2.9977,0x1aa049143501e3ed59bef187e6ab0bf6fe9f1b07617a61cbbcb7fee53de2e81e,12277154784659879878454675757378335473005734893590976853408538618474741953013,1774612800,2026-03-27 13:19:11,1.0
193b197b,2026-03-27 13:14:45,BTC 5m DOWN,DOWN,5m,btc-5m-1774613400-down,0.99,1.0,100,1.0000,WIN,883.75,207.97,4.2494,0x65d966c600d87e70d6ce67b49a84b2e07bb4fa47ab891600b3b73f956a2583f7,92775180746025326555719072144105109466053026916565003368686973530558958100202,1774613400,2026-03-27 13:21:11,1.0
aeea936f,2026-03-27 13:14:58,ETH 15m DOWN,DOWN,15m,eth-15m-1774612800-down,0.99,1.0,100,1.0000,WIN,30.88,2.31,13.3680,0x0b557e05d280eb380621c79c25e04efeb97894074996bc2554283e5fd068051f,14423592926712629190078762648977592350762259697195184110978919766346520115495,1774612800,2026-03-27 13:21:11,1.0
eb02d2f0,2026-03-27 13:19:50,BTC 5m UP,UP,5m,btc-5m-1774613700-up,0.99,1.0,100,1.0000,WIN,1540.49,1017.7,1.5137,0xe8bb82bd591cf932621b8cd1889f6a6514e4101b4abbe944c62f4c2d1fe486ec,4128885642379518933406823316615612663497782117360643065066625700505715222342,1774613700,2026-03-27 13:24:11,1.0
a4f861dd,2026-03-27 13:24:11,BTC 5m DOWN,DOWN,5m,btc-5m-1774614000-down,0.99,1.0,100,1.0000,WIN,1541.19,748.38,2.0594,0x21d96132cea7efc3ed05298bc601c9c9e013b370f97a0588a45440ad401e249e,70077591350568808524841637377102231092402052353664986371228788933532963967861,1774614000,2026-03-27 13:29:11,1.0
6e56364f,2026-03-27 13:24:12,ETH 5m DOWN,DOWN,5m,eth-5m-1774614000-down,0.99,1.0,100,1.0000,WIN,230.0,127.5,1.8039,0xa2deaf496a9a08d657cb22c27724f45edbf0dce1b1a9aa0333a3d8fe51066787,10654750968549021198190284708176952135549444179072497310255492315801168528722,1774614000,2026-03-27 13:29:11,1.0
7b74ebc3,2026-03-27 13:28:11,ETH 15m DOWN,DOWN,15m,eth-15m-1774613700-down,0.99,1.0,100,1.0000,WIN,333.0,207.04,1.6084,0x7bb6b8cce6e5a403056272cd1ec5d1f682a8eb43f5d33076cb7e75a7b52df570,20631848192733794536985180956879610180144679905033713699371952959175906887772,1774613700,2026-03-27 13:34:11,1.0
5170d2b9,2026-03-27 13:28:11,BTC 15m DOWN,DOWN,15m,btc-15m-1774613700-down,0.99,1.0,100,1.0000,WIN,3744.94,2344.71,1.5972,0xd79957082158b3fa0894168338d6afb2b983cf51e1349e7bbe716bb072d6dc12,105572508644652028597787309463941125871269620845961434630169594252649087972061,1774613700,2026-03-27 13:34:11,1.0
f80ed510,2026-03-27 13:29:16,BTC 5m DOWN,DOWN,5m,btc-5m-1774614300-down,0.99,1.0,100,1.0000,WIN,2314.87,1470.24,1.5745,0x38fc5c8ba183ac90476f0fa784f71f8f55d51a934a29f15d6705a9452cfea345,28571783563813905463861473084824322301500479457215234491415506262855892317616,1774614300,2026-03-27 13:34:11,1.0
c2ef0743,2026-03-27 13:34:35,BTC 5m DOWN,DOWN,5m,btc-5m-1774614600-down,0.99,1.0,100,1.0000,WIN,1491.27,911.09,1.6368,0xff8afe78f6748a76cce43fb5f22b90476b98a10f7938591cb2568d34f69bcd67,37804839373366956145482185192134208810722374155147440755981248348648914089572,1774614600,2026-03-27 13:39:11,1.0
90d242d9,2026-03-27 13:39:06,ETH 5m UP,UP,5m,eth-5m-1774614900-up,0.99,1.0,100,1.0000,WIN,447.55,200.64,2.2306,0xc2bf1626c604c0a3b5d1d5383555c460629d93022e80f9e5e5af3fedcf40af34,101198354134763333867133799347118939050833888344867163909102114514749720986126,1774614900,2026-03-27 13:44:12,1.0
7da5ee08,2026-03-27 13:44:59,BTC 5m UP,UP,5m,btc-5m-1774615200-up,0.99,1.0,100,1.0000,WIN,18.0,3.99,4.5113,0x226eb326bd9f462ae4e228c043c13f5bb33612cef8c723ea08d0ce4d809f1dc0,42106451031609976361602162103534623146705748366932760800355809690169744240718,1774615200,2026-03-27 13:49:10,1.0
140888c6,2026-03-27 13:49:00,BTC 5m DOWN,DOWN,5m,btc-5m-1774615500-down,0.99,1.0,100,1.0000,WIN,4641.66,640.45,7.2475,0x2e9eda8cff5a1107cbb1da722ea5398fee5a9218850596110974ee2ba035b42a,64145966601442816840518081660454583152205534926398861075778884996141602210911,1774615500,2026-03-27 13:56:12,1.0
8e6584fd,2026-03-27 13:54:01,BTC 5m UP,UP,5m,btc-5m-1774615800-up,0.99,1.0,100,1.0000,WIN,2926.73,1039.92,2.8144,0x7c9bee178ae9fcda616b307d886142063d78748fa64ec3517e4b796ef075fcea,37506938114326273455788028799461552444944922101199665813868853426561762197580,1774615800,2026-03-27 14:01:12,1.0
78d731f3,2026-03-27 13:54:19,ETH 5m UP,UP,5m,eth-5m-1774615800-up,0.99,1.0,100,1.0000,WIN,192.42,62.0,3.1035,0x50f5c1d31ecbf68808e993230653fb042fde7ee02e7c0393d6789f98145f275c,87464137159314251362885867948791054024835052328640162422972227367487589520784,1774615800,2026-03-27 13:59:11,1.0
590d9549,2026-03-27 13:59:19,ETH 15m UP,UP,15m,eth-15m-1774615500-up,0.99,1.0,100,1.0000,WIN,226.0,100.5,2.2488,0xbfa4baa5d317a28c02be3cbdceab8458a0f3ac0a5ba3f8fac87eac1da8eeeeb5,111852824492635251080033570127984834623526885764544051393951570572392707907059,1774615500,2026-03-27 14:04:11,1.0
5035894b,2026-03-27 13:59:48,ETH 5m UP,UP,5m,eth-5m-1774616100-up,0.99,1.0,100,1.0000,WIN,169.27,65.39,2.5886,0x073e4269af5ea345c178cfe833af0d4341bb267ca71e53c05f4818fbb899664f,88633250743402959166484508251864013750700336921347069459439703870053863327039,1774616100,2026-03-27 14:02:11,1.0
f94d26e3,2026-03-27 13:59:56,BTC 5m UP,UP,5m,btc-5m-1774616100-up,0.99,1.0,100,1.0000,WIN,1094.53,702.61,1.5578,0xb0ada91c73b03ec86f58805294a1a17b8bcc2e0a759e6685526cb89cc830b2e9,17591883699046080453962015540966076525405404192728893634211627559666316187320,1774616100,2026-03-27 14:04:11,1.0
c1325dee,2026-03-27 14:14:02,BTC 15m DOWN,DOWN,15m,btc-15m-1774616400-down,0.99,1.0,100,1.0000,WIN,845.84,459.02,1.8427,0x01132165f26f42d799026f5700558dc46488cb1d99a3ecd168d0768d5c5f836d,48485897574189651952182773217134962701635352654609497306438052943074812945423,1774616400,2026-03-27 14:19:11,1.0
4da9cfc5,2026-03-27 14:14:50,BTC 5m DOWN,DOWN,5m,btc-5m-1774617000-down,0.99,1.0,100,1.0000,WIN,2113.38,1211.25,1.7448,0x05d614d72d360adc92f2955d29c82d01bd04ad806eaeb92e058f082d3e44e8da,113518783276050022821678685341577642710320309536729509687268152542673379679193,1774617000,2026-03-27 14:19:11,1.0
372e8b8a,2026-03-27 14:14:53,ETH 5m UP,UP,5m,eth-5m-1774617000-up,0.99,1.0,100,1.0000,WIN,178.29,112.75,1.5813,0x6cab4077022b472e771e560afdf9e3a2d53c30e40479d8a5c0042ed9519ca027,36741852373611812255786599120355597130352550207929387582808709144267976300473,1774617000,2026-03-27 14:19:11,1.0
9a39822f,2026-03-27 14:24:13,ETH 5m UP,UP,5m,eth-5m-1774617600-up,0.99,1.0,100,1.0000,WIN,567.67,178.33,3.1833,0x41d825d752d55f3426ff4004daf8159934a658f3b00f0da039ffa3ac2aee25b4,14968013064461357721341182024072776234110826840363232791313879441913406805603,1774617600,2026-03-27 14:29:11,1.0
fb9affcb,2026-03-27 14:24:15,BTC 5m UP,UP,5m,btc-5m-1774617600-up,0.99,1.0,100,1.0000,WIN,3144.66,2080.96,1.5112,0x8eb05f4cc71d41ec594cfdeb590fd2bef0096e9b8c4657ed9c3ee641b8bf3ba2,110030127747805324992163559990138367840232626365579923540972850301323109777674,1774617600,2026-03-27 14:29:11,1.0
41a5c4a3,2026-03-27 14:26:49,BTC 15m UP,UP,15m,btc-15m-1774617300-up,0.99,1.0,100,1.0000,WIN,4582.93,3000.38,1.5274,0x59fc96fd4a54353deab9115544c7f52b68c593a03b61a0a67141df8dc5963310,39296100557396843216264172346146375278313908260955215795033696223567507370926,1774617300,2026-03-27 14:34:11,1.0
c6e0a78c,2026-03-27 14:29:52,BTC 5m UP,UP,5m,btc-5m-1774617900-up,0.99,1.0,100,1.0000,WIN,555.39,132.47,4.1926,0xb9bc83f51632f1559195271072cc3ac10e8c6682c22d869e074a1005ccd8fc95,106842523059795905472295339968884328435737917360581643072993012031751459790847,1774617900,2026-03-27 14:34:11,1.0
96f7bb2b,2026-03-27 14:32:03,ETH 5m DOWN,DOWN,5m,eth-5m-1774618200-down,0.99,1.0,100,1.0000,WIN,607.83,369.71,1.6441,0xf9e63aa457ac89ef82ce922358666edca183a53c231478c395c169b62f18289a,72929335090871050497816147188902831134792783679605386835975825805582023034070,1774618200,2026-03-27 14:41:12,1.0
84726b6c,2026-03-27 14:32:07,BTC 5m DOWN,DOWN,5m,btc-5m-1774618200-down,0.99,1.0,100,1.0000,WIN,5841.64,3851.87,1.5166,0x43d31a479a57361ffb9fa976dbf6b459a97591e9ce3f28ad235de991bcac72fb,57548240318442525497063832551552514499750029883471182686676352331693849232859,1774618200,2026-03-27 14:39:11,1.0
01c101f8,2026-03-27 14:39:44,BTC 5m UP,UP,5m,btc-5m-1774618500-up,0.99,1.0,100,1.0000,WIN,417.54,166.06,2.5144,0x5e5fea77e1ab93fa5b61db41858f59658072c9c400393f396e36b6c80b15291a,36767391102746497569671007915176077506448454660635094779733184036606939346557,1774618500,2026-03-27 14:46:11,1.0
bc2d69a1,2026-03-27 14:43:52,BTC 5m UP,UP,5m,btc-5m-1774618800-up,0.99,1.0,100,1.0000,WIN,2891.43,232.38,12.4427,0x7ddcdb86564d2944218520433cf8ce03946a87884db71a97589aa4396df98778,43696490855708561015571937532094530018747444219093989785032117816951479608618,1774618800,2026-03-27 14:49:11,1.0
a7ab5a36,2026-03-27 14:44:19,ETH 5m UP,UP,5m,eth-5m-1774618800-up,0.99,1.0,100,1.0000,WIN,249.2,35.48,7.0237,0xf9c02061cd7d2c3184eb20fa343f4d255970a906e17e3426e6e02e159238bb61,13258564729439179864147242739722807216847823472588062917278140320654617716500,1774618800,2026-03-27 14:49:11,1.0
1187bb6c,2026-03-27 14:44:27,BTC 15m DOWN,DOWN,15m,btc-15m-1774618200-down,0.99,1.0,100,1.0000,WIN,3430.24,2244.74,1.5281,0x9bcc4129a2e020d0cb96ba982e06f01a206cd951bf4342417b4dd47ab671a6cb,32179933777675963077479840944389853432477235710338772945008200498150785769836,1774618200,2026-03-27 14:49:11,1.0
e74175d1,2026-03-27 14:49:47,ETH 5m DOWN,DOWN,5m,eth-5m-1774619100-down,0.99,1.0,100,1.0000,WIN,150.0,86.94,1.7253,0x359bf58973439e901e067974ea66296d6858a7ed2b6123dcad3b8d76526d2aaf,91029169586908825691791619693894691007400068956716083257951844701566651511824,1774619100,2026-03-27 14:54:11,1.0
812b1643,2026-03-27 14:53:33,BTC 5m DOWN,DOWN,5m,btc-5m-1774619400-down,0.99,1.0,100,1.0000,WIN,9374.0,5242.47,1.7881,0xd184da913c1622fa4341602cbd978f98344b2883409847cb3e54d0637a8e328f,88942471044375132879539841900514623542025591674489020179655903991865697288652,1774619400,2026-03-27 15:01:12,1.0
79fd5fd0,2026-03-27 15:04:20,ETH 5m UP,UP,5m,eth-5m-1774620000-up,0.99,1.0,100,1.0000,WIN,1383.12,909.91,1.5201,0x4859547fbed38ca377f7d46334c6e499e2b1b8708828d9f1a097ffeef01fc3a5,34608282885465276535545485683117174003494466407490164632673335377692781727673,1774620000,2026-03-27 15:09:11,1.0
9638f27b,2026-03-27 15:04:24,BTC 5m UP,UP,5m,btc-5m-1774620000-up,0.99,1.0,100,1.0000,WIN,3611.66,349.69,10.3282,0x37b69dac505acd7432672dcc560b2f2b5c2005ff0de818b020239087aace218b,74616227519059227117667995524570615061258043509369236655496783220172292691003,1774620000,2026-03-27 15:09:11,1.0
a032bb63,2026-03-27 15:09:52,ETH 5m UP,UP,5m,eth-5m-1774620300-up,0.99,1.0,100,1.0000,WIN,94.0,36.8,2.5543,0x2b0cfa0356549ed756769f0f8f7be23b7ac92726e70def89e6031441a9f53c11,81557778790955547553399205652053016074578928697610227301876376590503251429629,1774620300,2026-03-27 15:12:10,1.0
d24fbc6d,2026-03-27 15:12:01,ETH 15m UP,UP,15m,eth-15m-1774620000-up,0.99,1.0,100,1.0000,WIN,744.3,423.87,1.7560,0x1997bde6350ce991319011125d132ba480dd43b0c794e7235697a870efe7e46a,100165311165413103120137152872146567462659235801509561466960981450537651075228,1774620000,2026-03-27 15:19:11,1.0
b7d70f24,2026-03-27 15:12:26,BTC 15m UP,UP,15m,btc-15m-1774620000-up,0.99,1.0,100,1.0000,WIN,4218.54,2678.03,1.5752,0xd3becbb9b77a9c23d7af701536c9b42e0cc180181f121a8f527d0feb09ff924e,44891378565587991111083838371056993200058243916340838521555278393730919791327,1774620000,2026-03-27 15:19:11,1.0
5d039a13,2026-03-27 15:14:04,BTC 5m DOWN,DOWN,5m,btc-5m-1774620600-down,0.99,0.0,100,-99.0000,LOSS,2936.61,1062.76,2.7632,0xd3dc83af6af35f71aaea06f478fe8da3583fd822f36d1f2e93b2011555096c18,14436325049675421487820369985422048609922275717039543459359908550370534883864,1774620600,2026-03-27 15:19:11,0.0
417ccef1,2026-03-27 15:18:44,BTC 5m DOWN,DOWN,5m,btc-5m-1774620900-down,0.99,1.0,100,1.0000,WIN,1984.4,534.64,3.7117,0x4c612ee36d61e9b31a383137b80de424e6c7636c6a8ec6961d25591f33f33dc3,84936347226133272283795185048652236663382717012056378178965060024647438377069,1774620900,2026-03-27 15:24:11,1.0
4cb36317,2026-03-27 15:19:24,ETH 5m DOWN,DOWN,5m,eth-5m-1774620900-down,0.99,1.0,100,1.0000,WIN,296.77,140.59,2.1109,0xd134098168aaacac7c2c8c4c873ca741ce3b1151666ca04ed17426ff95d75291,80852066072454320426014874595804099002441238346816212160866998824643267904139,1774620900,2026-03-27 15:26:12,1.0
643f131a,2026-03-27 15:25:01,BTC 15m DOWN,DOWN,15m,btc-15m-1774620900-down,0.99,1.0,100,1.0000,WIN,156.39,74.18,2.1083,0x1a6da7deaca24bfe5897d3a3ddd4c332b5afb19bf5a2c3486f2f75a80cf6ab33,26040238924418209925035246741616688803953221444518533400107759957213952396731,1774620900,2026-03-27 15:34:11,1.0
fc050b8a,2026-03-27 15:25:01,ETH 15m DOWN,DOWN,15m,eth-15m-1774620900-down,0.99,1.0,100,1.0000,WIN,120.0,31.63,3.7939,0x5b22be8416a4cacc249cb68fad679bc23b8bfe4de1193638d31cdccb4548fdd2,11479080053117074153625144529892801738799744174119884687594397365456501132541,1774620900,2026-03-27 15:36:12,1.0
401384f0,2026-03-27 15:28:31,BTC 5m DOWN,DOWN,5m,btc-5m-1774621500-down,0.99,1.0,100,1.0000,WIN,5009.82,3312.31,1.5125,0xc27072755b0a95352f36de68d998a099c702f02220b9ad0b1107f42af92809ff,46873063062817480623101559200729932180859793517788315245064800247868697750034,1774621500,2026-03-27 15:34:11,1.0
9d6bcbc9,2026-03-27 15:33:56,BTC 5m UP,UP,5m,btc-5m-1774621800-up,0.99,1.0,100,1.0000,WIN,3008.71,1831.44,1.6428,0xc2ce7dae7e7c78b66ddcc166d6cd3cee2a8d859fd60619e5dd649ca3c1bb0356,45954859797001279208198291515561985788872669164038787972304273052725716809092,1774621800,2026-03-27 15:41:11,1.0
12144755,2026-03-27 15:39:36,BTC 5m DOWN,DOWN,5m,btc-5m-1774622100-down,0.99,1.0,100,1.0000,WIN,1244.11,789.1,1.5766,0x3a4e75592459753056f6e450785732236cb715525b38759070d2ed14eba5717e,56554216338141673203097724129169366778518053644359020337610537866585242465215,1774622100,2026-03-27 15:44:11,1.0
526db8d4,2026-03-27 15:39:54,ETH 5m UP,UP,5m,eth-5m-1774622100-up,0.99,1.0,100,1.0000,WIN,101.0,54.0,1.8704,0x9904a51aada0932e08774d551c2e6a022d9465e8649942908b1e47b2ca44ceba,107679260459094694857081433054795045844066106235157147508575864077632080227865,1774622100,2026-03-27 15:44:10,1.0
2a64141e,2026-03-27 15:43:51,BTC 15m UP,UP,15m,btc-15m-1774621800-up,0.99,1.0,100,1.0000,WIN,3649.53,2218.56,1.6450,0xfcdd1ff849fb9b39ab90f31d606822e2510ef4199e061709d1d5ba9b17f0961c,108043451131627018129451536020012322537459931387561381168452077351539917299767,1774621800,2026-03-27 15:51:11,1.0
8f522b7f,2026-03-27 15:44:21,BTC 5m UP,UP,5m,btc-5m-1774622400-up,0.99,1.0,100,1.0000,WIN,1844.63,985.89,1.8710,0x5ce813681f6e922f046dbd5b26417b188f51be719408ad49a56371005121d538,69666839119804035367051093861043739941524987558045790360260757870992432896012,1774622400,2026-03-27 15:47:11,1.0
4e11f66b,2026-03-27 15:49:53,BTC 5m UP,UP,5m,btc-5m-1774622700-up,0.99,1.0,100,1.0000,WIN,2252.58,713.01,3.1593,0x7eb9f6d5bd102e107c7126170ceae72931ac901649628f9a9fbeab1fd62a3bac,8119515811131016175212364948028524778335952945079859492010826981720958172734,1774622700,2026-03-27 15:54:11,1.0
3859d0af,2026-03-27 15:54:30,ETH 5m UP,UP,5m,eth-5m-1774623000-up,0.99,1.0,100,1.0000,WIN,349.69,172.06,2.0324,0xb354f5b14881c07ce1b4a898c696a54396effdfc822b0d8b13a5cf7f45e8696a,109428746461170214333749846746278387594772151621391966108885537078550192154981,1774623000,2026-03-27 15:59:11,1.0
3936804b,2026-03-27 15:54:35,BTC 5m UP,UP,5m,btc-5m-1774623000-up,0.99,1.0,100,1.0000,WIN,2572.84,646.67,3.9786,0xbc3385729e461b9ffc67cb9661b8547d837f052e37568ea457324715c0099a18,64863873857522213804826829709482687719086405424547696217471315764508437565628,1774623000,2026-03-27 16:01:12,1.0
be3448f8,2026-03-27 16:04:33,ETH 5m UP,UP,5m,eth-5m-1774623600-up,0.99,1.0,100,1.0000,WIN,141.0,34.18,4.1252,0xa2d4f8f515d16eeeac4cde5963a3e63169fb7bfa260bd4fb34e2167c361a29f6,14864256338069542567281323481047760228183561601041378313837798064662914312549,1774623600,2026-03-27 16:09:11,1.0
b45559ef,2026-03-27 16:04:52,BTC 5m UP,UP,5m,btc-5m-1774623600-up,0.99,1.0,100,1.0000,WIN,1994.48,1302.79,1.5309,0x96ded5db03f8063860e57d7f0e79c80137fa23213f7ca1f8bd5ef357960af04a,89950458128641471450254365864868679966968493893874387131767648790588367876915,1774623600,2026-03-27 16:11:11,1.0
17c23ce5,2026-03-27 16:09:56,BTC 5m DOWN,DOWN,5m,btc-5m-1774623900-down,0.99,1.0,100,1.0000,WIN,829.98,485.7,1.7088,0xe3e78a2039e695a8d8313ecf202d4b9fbcf558e01479cdb6f9b6b1157a3538a7,20868993361611362003168879457767418763636494194577141667949411494593088034292,1774623900,2026-03-27 16:14:11,1.0
3dda268d,2026-03-27 16:14:28,BTC 15m UP,UP,15m,btc-15m-1774623600-up,0.99,1.0,100,1.0000,WIN,483.22,263.16,1.8362,0xa3f2598d83f96c3bb801425024d431f0406341251706789dfd041689c13c4c3a,54565058223897263103051037869955828276705741080720815671890531038526722630915,1774623600,2026-03-27 16:19:11,1.0
c51b5954,2026-03-27 16:19:43,BTC 5m DOWN,DOWN,5m,btc-5m-1774624500-down,0.99,1.0,100,1.0000,WIN,1856.13,663.01,2.7996,0x3f1f1b5067ebbb4fad443d31249de703e482605f3394fa2d4b43df4207c31185,70846192925807828055161795747893529739134884571644517883519397343742133972558,1774624500,2026-03-27 16:24:11,1.0
ff4af15b,2026-03-27 16:23:10,BTC 15m DOWN,DOWN,15m,btc-15m-1774624500-down,0.99,0.0,100,-99.0000,LOSS,3707.23,431.19,8.5977,0x233d6dc4d487d00e3fe60f3f74a7250cbe2b11e8e89f15f72c124c49b28175e8,65426550102123807420054573049725385093775618651183258140697184593732548298146,1774624500,2026-03-27 16:34:11,0.0
c67756d2,2026-03-27 16:24:04,ETH 5m UP,UP,5m,eth-5m-1774624800-up,0.99,1.0,100,1.0000,WIN,15.0,9.0,1.6667,0x7fc62ff721f5d47e0d866af3d424ba10d0d84225c4890baa9045671d0d3dd49b,12219043581481167290945181596526119864865023017263061172471902061925663915512,1774624800,2026-03-27 16:29:11,1.0
cab70c9f,2026-03-27 16:24:11,BTC 5m UP,UP,5m,btc-5m-1774624800-up,0.99,1.0,100,1.0000,WIN,837.41,443.74,1.8872,0x5e7d9ea87d071fc92a23ad5612aa1ade190186167b158fd20a75ac34e2c624c5,22877296587391790035294841358627825587969425961980412399061994705473820173215,1774624800,2026-03-27 16:33:11,1.0
66253232,2026-03-27 16:28:39,ETH 15m UP,UP,15m,eth-15m-1774624500-up,0.99,1.0,100,1.0000,WIN,172.19,80.63,2.1356,0xb038c04d2451feb1cbd2f6ab37728f1e1d05f24aeb1c40a183f38082385dc541,81809953707495310715434947041985441048370557968246516901918339195671176417082,1774624500,2026-03-27 16:34:11,1.0
7caf982f,2026-03-27 16:29:39,BTC 5m UP,UP,5m,btc-5m-1774625100-up,0.99,1.0,100,1.0000,WIN,1627.7,414.24,3.9294,0x798a9cf7bbfd7be46d89dc196604d74a9bd7fde4722b07bb0ea488a9f7aa67a5,7484515944190668610588986291074191253710814258676952426900806737283525380686,1774625100,2026-03-27 16:40:12,1.0
87780a82,2026-03-27 16:33:56,BTC 5m UP,UP,5m,btc-5m-1774625400-up,0.99,1.0,100,1.0000,WIN,2758.4,1333.94,2.0679,0x6ab97e8c692a7c590f2d6706d450e63a23186f72dc9c2dbeddab987ec401b4e8,89049808726931115596253550925961559743106545614018416253251638631441566276608,1774625400,2026-03-27 16:41:11,1.0
19714b90,2026-03-27 16:34:06,ETH 5m UP,UP,5m,eth-5m-1774625400-up,0.99,1.0,100,1.0000,WIN,220.03,86.93,2.5311,0x9b5cc54f85b5a0c4bbfb2ab876f7b4830ec56b380ffbf4c048af7cf10b874cee,17250976726072619811481883688112145087727794752040341426510892996614045653325,1774625400,2026-03-27 16:39:11,1.0
b7f4dfb5,2026-03-27 16:43:36,ETH 15m UP,UP,15m,eth-15m-1774625400-up,0.99,1.0,100,1.0000,WIN,175.45,100.0,1.7545,0xad7c765dbaf232d8ec8ba05de98540b6af401920205f3d4aa2c5a2b8ea2c1716,54833854154552758606703997253766197549690203493662472354928880621615463442065,1774625400,2026-03-27 16:49:12,1.0
a85ac900,2026-03-27 16:44:07,ETH 5m DOWN,DOWN,5m,eth-5m-1774626000-down,0.99,1.0,100,1.0000,WIN,173.2,83.88,2.0649,0x1d0ef005908f40801ad7b0d41f58213a96000af4e52a50b9363dc29943652410,37668355308359076975400994121004557478616556320304081515999155778125819671296,1774626000,2026-03-27 16:49:11,1.0
af4c59f4,2026-03-27 16:44:28,BTC 15m UP,UP,15m,btc-15m-1774625400-up,0.99,1.0,100,1.0000,WIN,1416.68,603.68,2.3467,0x80a61c40fa86ea92ed5f77a34d5c8ea99de75618e226f3212eba22d388997f25,91017396774000485856485941718620014303979376945518864758308672061115931420026,1774625400,2026-03-27 16:49:12,1.0
cc7a58d9,2026-03-27 16:49:40,ETH 5m DOWN,DOWN,5m,eth-5m-1774626300-down,0.99,1.0,100,1.0000,WIN,221.19,133.92,1.6517,0xf7508e00cbde01ae468fb44d6813ed6417ea95a2efaa04aa66f20aff42199010,46314149709786709841494341946739618754152716964397769615121251411200869901641,1774626300,2026-03-27 16:54:10,1.0
f14ef5eb,2026-03-27 16:49:44,BTC 5m DOWN,DOWN,5m,btc-5m-1774626300-down,0.99,1.0,100,1.0000,WIN,2844.34,1739.33,1.6353,0x4719ead86a9352aec3d037c03b1514ad312f71bab5b3694b8cfabebd130df4d9,100102770608434625528428537832601143956827075449542799075136286701355081295159,1774626300,2026-03-27 16:54:11,1.0
7983e1bd,2026-03-27 16:53:45,ETH 5m DOWN,DOWN,5m,eth-5m-1774626600-down,0.99,1.0,100,1.0000,WIN,960.17,602.09,1.5947,0xb582c23ebe0693c3c91e35a4753cdae95e44f56fda2c7f76885f8845bcc8551a,71412281540732241776551520383665541534553822049821980652825494248220434281384,1774626600,2026-03-27 16:59:11,1.0
2ff9a97f,2026-03-27 16:59:18,BTC 5m DOWN,DOWN,5m,btc-5m-1774626900-down,0.99,1.0,100,1.0000,WIN,2352.84,191.52,12.2851,0xe8cd102bfae2a9e07e67ab7c51c296e84224fdc4a61e252209eb44c73fbf3af8,11733312449458161755910648731020324934670977672260152620542731097613411421738,1774626900,2026-03-27 17:06:11,1.0
20656d0d,2026-03-27 17:04:09,ETH 5m DOWN,DOWN,5m,eth-5m-1774627200-down,0.99,1.0,100,1.0000,WIN,1169.16,753.97,1.5507,0x5e1a7b99cf98ddda6faaf03ef5196599dc81a89c8f715727e2b58118e7d3d955,8445948330725732857398613337127380307594530400205332756586428037361360235629,1774627200,2026-03-27 17:09:11,1.0
3054e2ad,2026-03-27 17:04:13,BTC 5m DOWN,DOWN,5m,btc-5m-1774627200-down,0.99,1.0,100,1.0000,WIN,4248.28,2809.66,1.5120,0xa1e94e74bc60bfcebfd7db6e90180c42033da809f662f1acfa371d6c112e8df3,48681319475608533855595626136761084917675081976755369472419885117651758684715,1774627200,2026-03-27 17:09:11,1.0
659b16e4,2026-03-27 17:09:04,BTC 5m DOWN,DOWN,5m,btc-5m-1774627500-down,0.99,1.0,100,1.0000,WIN,3554.49,2325.9,1.5282,0xa29ee2908d9bcd5ee0397de0bc064c3d19f9108d833bb512e5da681d5b1bacf6,52887264593798515951584786789087500840387024205295889739761083111729609320472,1774627500,2026-03-27 17:12:11,1.0
9c646c7a,2026-03-27 17:14:10,BTC 5m UP,UP,5m,btc-5m-1774627800-up,0.99,1.0,100,1.0000,WIN,2629.6,808.57,3.2522,0x60dc9ae3dfb5b4b85c07bf350315d8a096106f604433112166ba38e93feb78ef,15901226657239785167606346697105759076834707565247792739482444459788553059559,1774627800,2026-03-27 17:19:11,1.0
e6ff779c,2026-03-27 17:14:27,ETH 5m UP,UP,5m,eth-5m-1774627800-up,0.99,1.0,100,1.0000,WIN,239.99,33.57,7.1489,0xb308688381c501a0c4315d842fa68458f645469ac10e12831d1dfbc6cdc96977,86120289645487762917280748990910461899308477350689886662312173421592650579481,1774627800,2026-03-27 17:21:11,1.0
d24cdcbb,2026-03-27 17:24:17,ETH 5m DOWN,DOWN,5m,eth-5m-1774628400-down,0.99,1.0,100,1.0000,WIN,97.19,40.54,2.3974,0xe20c8dfe8ec60090074850ae743b8e2c1ed53784eadca197af33b99a8a670c3d,80166555398607533196832090592978364139355035213343382676348277914623398270068,1774628400,2026-03-27 17:29:11,1.0
3e4c249e,2026-03-27 17:24:22,BTC 5m DOWN,DOWN,5m,btc-5m-1774628400-down,0.99,1.0,100,1.0000,WIN,2499.74,1618.65,1.5443,0x612d0a1f9ecfa82f7575c61dc9010e25964e31dc8d122508f2dd8cd3e6c226da,9033119158238422053786384130728623912390921366942789413131584963573256219011,1774628400,2026-03-27 17:29:11,1.0
2b1800ed,2026-03-27 17:29:30,ETH 5m UP,UP,5m,eth-5m-1774628700-up,0.99,1.0,100,1.0000,WIN,20.15,4.19,4.8091,0x744c15117ad3c128769b12df03fdb52a63d8c4ba5b0372213e5f56c39078c900,17437020925930077693679902255263485788072137180675971048717009646222915621968,1774628700,2026-03-27 17:34:11,1.0
57f88b70,2026-03-27 17:29:44,ETH 15m DOWN,DOWN,15m,eth-15m-1774628100-down,0.99,1.0,100,1.0000,WIN,200.37,85.2,2.3518,0xb97e12e5281f25359d717fd53df3288f55628357886a974cb78e95a978ab8f30,24221648805480275706212022800223357447543996815548249820131431542349150333812,1774628100,2026-03-27 17:34:11,1.0
3c480e3d,2026-03-27 17:38:56,BTC 5m DOWN,DOWN,5m,btc-5m-1774629300-down,0.99,1.0,100,1.0000,WIN,3083.13,2013.67,1.5311,0xde9dfb45d7361a7be59cc9b2cb268c65b1c0bd5910b4d48765d668252f6b6a12,63796420823878274359849121672954933292498846632508084865052833605948123485292,1774629300,2026-03-27 17:46:11,1.0
f6e5fa40,2026-03-27 17:43:38,ETH 5m UP,UP,5m,eth-5m-1774629600-up,0.99,1.0,100,1.0000,WIN,646.62,224.67,2.8781,0xbdce67b7ad493824343e2361437d0f6fbb4204e14c2f000de607995f0dd2b39f,52044789945074034352646655848602216649487418767049043980826977243799615237700,1774629600,2026-03-27 17:49:11,1.0
b07aac65,2026-03-27 17:43:44,BTC 5m UP,UP,5m,btc-5m-1774629600-up,0.99,1.0,100,1.0000,WIN,4991.69,3288.63,1.5179,0x86623aef7e25e1549d8dda148ad59236a543e6f374044eba50d865cf0c2732e4,94879347138751968309355672676886256126607138164718041345993888203490661355162,1774629600,2026-03-27 17:49:12,1.0
f985d7d7,2026-03-27 17:49:29,ETH 5m UP,UP,5m,eth-5m-1774629900-up,0.99,1.0,100,1.0000,WIN,1128.27,730.24,1.5451,0x04264a51f1920936e407a21ea566ee828abdc98a3e72cef090948416ecb8dc54,78939438190769731281541972072130963291848224948416659135955284159175092397021,1774629900,2026-03-27 17:56:12,1.0
ec305e74,2026-03-27 17:49:42,BTC 5m UP,UP,5m,btc-5m-1774629900-up,0.99,1.0,100,1.0000,WIN,1506.98,982.17,1.5343,0x1e3caa8e603435d5bb1544217faef7f742e6ac1a4e58b96ea7bf35739394cc3b,27711468718221951266376420684552478226502164920828696731621587484934023522457,1774629900,2026-03-27 17:54:11,1.0
e3b5c22f,2026-03-27 17:53:10,BTC 5m DOWN,DOWN,5m,btc-5m-1774630200-down,0.99,1.0,100,1.0000,WIN,3283.47,1918.21,1.7117,0x4b44f4ad549f38d63697ee42631950ffdf54b0499ab5ec5884fd0aa73372a84c,20235702150558496517092804442664649249254942340305065671408119476570103999893,1774630200,2026-03-27 17:59:11,1.0
61059e9b,2026-03-27 17:59:46,BTC 15m DOWN,DOWN,15m,btc-15m-1774629900-down,0.99,1.0,100,1.0000,WIN,3225.11,1864.74,1.7295,0x64015d4b11d25f29e21a71062896c3e68a774e2e9340724e4fca2c6bd98a89d7,8230854145753186557453853437024926226120352118851634807943444795760904506873,1774629900,2026-03-27 18:06:11,1.0
b61b5c32,2026-03-27 17:59:55,BTC 5m UP,UP,5m,btc-5m-1774630500-up,0.99,1.0,100,1.0000,WIN,712.63,281.71,2.5297,0x12a420ec1e3b6d387b83b8723a2fef58f311f4570cca55c5886b9413d8ca8035,26845872683683872171473307334744254129830949768550041403798881635547166395960,1774630500,2026-03-27 18:04:11,1.0
93196b60,2026-03-27 17:59:57,ETH 5m DOWN,DOWN,5m,eth-5m-1774630500-down,0.99,1.0,100,1.0000,WIN,35.0,15.84,2.2096,0x9b8c50ca4f753fe9af5deb64e3bfb345f9296737483ad72813b1bff94ff01b77,48434203872368335362584470637636444735518460592933293245600629201203801038507,1774630500,2026-03-27 18:04:11,1.0
dfa1b6ab,2026-03-27 18:04:37,ETH 5m UP,UP,5m,eth-5m-1774630800-up,0.99,1.0,100,1.0000,WIN,865.46,510.85,1.6942,0x736e793f70e20ff5754e1e91ea69825e50658d8a7c86b93c4e3072e874809f5c,34398524382705697117121665458116020629763725162108621909198173385979033977882,1774630800,2026-03-27 18:09:11,1.0
6faa9ae9,2026-03-27 18:04:38,BTC 5m UP,UP,5m,btc-5m-1774630800-up,0.99,1.0,100,1.0000,WIN,2483.89,1498.34,1.6578,0x673a048b65155384a7f73c5bdec9802dca48547e9fb2bd93677f094aaf88e989,19603332865602120729592200978406785652627854609651740884536777335103236366609,1774630800,2026-03-27 18:11:11,1.0
608ce13e,2026-03-27 18:09:12,ETH 5m UP,UP,5m,eth-5m-1774631100-up,0.99,1.0,100,1.0000,WIN,1099.69,652.49,1.6854,0xaa1a8a1608f8908f5c10f614e501f6f60f1552ec8175ab7ccc7d1f75f9dedad6,80956049016719470697260089201759884095093784274604374918575719659972497659499,1774631100,2026-03-27 18:14:11,1.0
189d3854,2026-03-27 18:11:07,BTC 15m UP,UP,15m,btc-15m-1774630800-up,0.99,1.0,100,1.0000,WIN,4572.18,485.2,9.4233,0x91185a549ce2afc402535e5902cc5f2a8264cca4028280a611dc7fc74fcdf8d6,70271612950301528313307329013059720473503317158726560783136983466864863502504,1774630800,2026-03-27 18:19:11,1.0
66c0e8bb,2026-03-27 18:19:02,ETH 5m DOWN,DOWN,5m,eth-5m-1774631700-down,0.99,1.0,100,1.0000,WIN,1279.69,817.22,1.5659,0x9602ccc7b91b3c0b9ebaed1cb594cbc65cdfe72d795e581efa6f2d074cea855d,91203389020621469724064133832655483569912689751443412157019758839826782092320,1774631700,2026-03-27 18:24:11,1.0
e55977c8,2026-03-27 18:19:26,BTC 5m DOWN,DOWN,5m,btc-5m-1774631700-down,0.99,1.0,100,1.0000,WIN,2715.94,1512.94,1.7951,0xde8b1c97f58cd2a463e7a4307c058637bfb7c8c9d62e29bb78f9787d16f7cad8,109310710494615754515513599252307378629557548529172857554038673057240803889881,1774631700,2026-03-27 18:24:11,1.0
965ffc5d,2026-03-27 18:24:01,BTC 5m DOWN,DOWN,5m,btc-5m-1774632000-down,0.99,1.0,100,1.0000,WIN,3448.18,2124.66,1.6229,0xb47fed90e80c20a1aa6bf7c8f87e28b0847bbf629b4b95a187e30ab3c82368c7,49557012135915042360762021489785876108214072801947195002416330101654680359482,1774632000,2026-03-27 18:29:11,1.0
5a7094da,2026-03-27 18:29:44,ETH 5m DOWN,DOWN,5m,eth-5m-1774632300-down,0.99,1.0,100,1.0000,WIN,742.6,394.48,1.8825,0x1e8462a1c4a23ee9d389d8a75b4b6a8fdfb14155f1432e4c902be071a77ed404,89488496359480948192829307430378678697345582479565689511407509058089453576818,1774632300,2026-03-27 18:34:11,1.0
f942b6fa,2026-03-27 18:34:55,BTC 5m UP,UP,5m,btc-5m-1774632600-up,0.99,1.0,100,1.0000,WIN,673.74,391.3,1.7218,0xb975f524f6e1c9a0cfaf549b0ed136e68b956a5c759d4b5db6ed82da3b3e34eb,91504163507398520254028647763564527200036183207410258136869557776953531704377,1774632600,2026-03-27 18:37:11,1.0
bc0e156f,2026-03-27 18:39:49,BTC 5m DOWN,DOWN,5m,btc-5m-1774632900-down,0.99,1.0,100,1.0000,WIN,582.9,337.86,1.7253,0xf6674a822f33d912bd5531cb897947f2cf9fa3a41afd26f238895beef2031b48,6115815673558490998491206630831750153836594842976631953551388555262949861800,1774632900,2026-03-27 18:44:11,1.0
4c4736cc,2026-03-27 18:43:37,BTC 15m DOWN,DOWN,15m,btc-15m-1774632600-down,0.99,1.0,100,1.0000,WIN,2021.33,1305.41,1.5484,0x799bb6f98d35a30db92647e9c6cbf9cc2e70e67879d50ec26a73393914a61129,70627001770814247478473503790125535328238268683166955057738554185146224575399,1774632600,2026-03-27 18:49:11,1.0
51cf13f1,2026-03-27 18:49:39,ETH 5m UP,UP,5m,eth-5m-1774633500-up,0.99,,100,,,372.0,47.62,7.8118,0x1d3ea63d4e07d132f356c07b62a58545e85c281a00175ce8c493c656cd2ee0b1,47435104525496560399600427842923758305993906568496052425208589710444369924186,1774633500,,
ca868690,2026-03-27 18:54:39,BTC 5m UP,UP,5m,btc-5m-1774633800-up,0.99,1.0,180,1.8000,WIN,2642.96,251.53,10.5075,0xfde800fcdee522b0f67cca782620d0ac64dd769b5ce624951b5395d4c2295d7e,36234941304336725619024098317852536676322132349187427621529656042999190710566,1774633800,2026-03-27 19:01:11,1.0
2beb4b71,2026-03-27 18:59:51,BTC 5m DOWN,DOWN,5m,btc-5m-1774634100-down,0.99,1.0,180,1.8000,WIN,1511.7,797.67,1.8951,0xa1f0df5944410008f567a4ee161d49321daf5d53ce0cb16a9645f376090ea598,78753165258142408052782657762360699949927306404921744112800397271286579758493,1774634100,2026-03-27 19:04:11,1.0
0626ba75,2026-03-27 19:04:27,BTC 5m UP,UP,5m,btc-5m-1774634400-up,0.99,1.0,180,1.8000,WIN,1227.41,233.52,5.2561,0xc9984e446f926c677d69f4bf14124820b880a7f4d4a2d1bd3c2035a9ae137a82,46293826994627544530250758125056354179942233131784601190351440486678531937327,1774634400,2026-03-27 19:11:11,1.0
95c13251,2026-03-27 19:09:50,ETH 5m UP,UP,5m,eth-5m-1774634700-up,0.99,1.0,180,1.8000,WIN,246.11,161.65,1.5225,0xcd12c21e50856d923979ff62b59c0bde2d929a3f6f9e392f0015891650c3393a,51557441201122300132055511817909038286010615452844598188984657981752185810010,1774634700,2026-03-27 19:14:11,1.0
fb6029c1,2026-03-27 19:13:00,ETH 15m UP,UP,15m,eth-15m-1774634400-up,0.99,1.0,180,1.8000,WIN,199.3,106.79,1.8663,0x534b6991f1429c58ce6e60deba721b938aaf4b2af07cb8daf576a4368de6f9b8,79121938122081095227745540471045680308933896343615362744861157736924836990578,1774634400,2026-03-27 19:21:12,1.0
7dd0bbd9,2026-03-27 19:14:14,BTC 5m DOWN,DOWN,5m,btc-5m-1774635000-down,0.99,1.0,180,1.8000,WIN,2040.67,1016.03,2.0085,0x3680c961b6d8414a8026a73350439ce1de684c9d40f005217383fc1e126d963c,85999476212021786529503841078066760679339460683459246757822466345679702937470,1774635000,2026-03-27 19:19:11,1.0
2fa2faac,2026-03-27 19:14:27,ETH 5m DOWN,DOWN,5m,eth-5m-1774635000-down,0.99,1.0,180,1.8000,WIN,79.17,51.72,1.5307,0x836b612d41e881814956398945a6b2253e8e87c30d046bcbd01adf13e0ba7f8d,67474013308530818786614059218329146903948903587018030713099101571939838016760,1774635000,2026-03-27 19:17:10,1.0
e72080d0,2026-03-27 19:18:24,ETH 5m UP,UP,5m,eth-5m-1774635300-up,0.99,1.0,180,1.8000,WIN,396.51,200.63,1.9763,0xf8b36ae5abbcc0e2fc3c421030cd6d176216bce55a4f0460e12234b5221f2304,105706347253510483650349948532516579819051423119702694229020770005634267141425,1774635300,2026-03-27 19:24:11,1.0
99594cba,2026-03-27 19:18:29,BTC 5m UP,UP,5m,btc-5m-1774635300-up,0.99,1.0,180,1.8000,WIN,3056.65,2036.46,1.5010,0xe5ccf28d8108a22c2c14936c53fe3e24efbb3fa33125467522ae7aa8fc7dd942,33430840305489998374094303967990447862127824068188712963171540250891420490828,1774635300,2026-03-27 19:24:11,1.0
28b40661,2026-03-27 19:23:56,ETH 5m DOWN,DOWN,5m,eth-5m-1774635600-down,0.99,1.0,180,1.8000,WIN,377.54,127.69,2.9567,0xa69eab09fb5df8e800a9730424d0d4048a25b52297813d99c403541dbb072e3c,104167600692522582056739805080168659792860806937171321964290780009905159100837,1774635600,2026-03-27 19:31:11,1.0
71a6f691,2026-03-27 19:24:17,BTC 5m DOWN,DOWN,5m,btc-5m-1774635600-down,0.99,1.0,180,1.8000,WIN,3445.05,2118.07,1.6265,0xf2dea00068e1ab813789b5138be3a7061ed697a21f781b744e00cdd9906423ac,82574921620582532613827823225593806527999415117818071565662676923122092392548,1774635600,2026-03-27 19:31:11,1.0
7bb3e78a,2026-03-27 19:28:35,BTC 15m UP,UP,15m,btc-15m-1774635300-up,0.99,1.0,180,1.8000,WIN,3718.08,2202.31,1.6883,0x70c86d201053ec311172d4bb7ba201819d832c78a9ec4da6bd677f450b6163f8,7155872962261400882213111137440135723138134388636261983624347108374454185576,1774635300,2026-03-27 19:36:11,1.0
cebe1752,2026-03-27 19:28:38,BTC 5m UP,UP,5m,btc-5m-1774635900-up,0.99,1.0,180,1.8000,WIN,2583.28,1712.35,1.5086,0x43413809968b8b2c4f24f1fdb601f79b4df463a0bb393dca049b4c2aedf413a0,5273587242264756802536253066445855145381532696555466499577445325020638591754,1774635900,2026-03-27 19:34:11,1.0
f9fec0b3,2026-03-27 19:34:26,ETH 5m UP,UP,5m,eth-5m-1774636200-up,0.99,1.0,180,1.8000,WIN,231.02,85.3,2.7083,0xf1ad3f6c57f4117df52b318d1ddd5588ecbdedb98da1571bf1622588c2a4d43a,44799468405712109955794261278293302450640096051388230834194038843782504092535,1774636200,2026-03-27 19:39:11,1.0
79347ff4,2026-03-27 19:43:31,ETH 15m UP,UP,15m,eth-15m-1774636200-up,0.99,1.0,180,1.8000,WIN,891.69,542.69,1.6431,0xb8446b4e8dd0bae9f032b18594b0d98f9cba86372b06ebdb49d63f874d828b78,92443825196668822347598240178985914113733944445879851066609070778592626219242,1774636200,2026-03-27 19:49:11,1.0
3b674a0c,2026-03-27 19:43:47,BTC 15m UP,UP,15m,btc-15m-1774636200-up,0.99,1.0,180,1.8000,WIN,941.0,615.93,1.5278,0x38a909ef6c71f1b80b238db5d19a6cfded81411762914f65ad3808538cfbda66,54288182741550793538495768095878251401045042118461249832027665977724408779635,1774636200,2026-03-27 19:49:11,1.0
ae3dd4ec,2026-03-27 19:49:34,ETH 5m UP,UP,5m,eth-5m-1774637100-up,0.99,1.0,180,1.8000,WIN,694.59,280.78,2.4738,0x014b2e30e95d2f5a68cc291d4fc9a8628e82ad67b0e4afc6383a2dbe10cfc85b,29478985494720556532586016871821976749727665412306792565224116411577271535996,1774637100,2026-03-27 19:54:11,1.0
c49384a7,2026-03-27 20:13:55,BTC 15m DOWN,DOWN,15m,btc-15m-1774638000-down,0.99,1.0,180,1.8000,WIN,3206.81,1985.87,1.6148,0x6c97f81ec4c0ea1e5c7ddbfd5b56c90f5ac4389da347d0f800df755c22a0cee2,2495097532939814346493505210240796815554526750098626226387100690188804262224,1774638000,2026-03-27 20:19:10,1.0
11258fad,2026-03-27 20:13:56,ETH 15m DOWN,DOWN,15m,eth-15m-1774638000-down,0.99,1.0,180,1.8000,WIN,839.0,318.3,2.6359,0x3b0e3bd36d5bc49e76428678215558b67c8c38f788573924169eb1f04e87c91b,109773358370459061931668122263768785697347340169090753325124581968459268578342,1774638000,2026-03-27 20:19:11,1.0
200d1f78,2026-03-27 20:18:12,ETH 5m UP,UP,5m,eth-5m-1774638900-up,0.99,1.0,180,1.8000,WIN,973.79,232.8,4.1829,0x0ee90dfd15ccd74a35b776bc61507d3481a1d88596c2e41ffee3986e5aff667a,102104046733558405019033004351998868980812445646364778470570940161784375282506,1774638900,2026-03-27 20:24:11,1.0
01e7b551,2026-03-27 20:18:17,BTC 5m UP,UP,5m,btc-5m-1774638900-up,0.99,1.0,180,1.8000,WIN,4598.01,2830.39,1.6245,0x178cae93ffb9fffb9cf85c4a89e0645f8292b03fdd86b82e713e1f713626bfb3,93942588332363860324077341624737620399885885545302984401217368374246070358258,1774638900,2026-03-27 20:24:10,1.0
c468b693,2026-03-27 20:24:54,ETH 5m UP,UP,5m,eth-5m-1774639200-up,0.99,1.0,180,1.8000,WIN,266.21,171.68,1.5506,0x7e06d838e42a9bb0ee6d5b38dd8d78ec8ea6f2963000467dbcfe3e75e70a02a1,39823815360134125506475689193221075071376480220776705269915655652162870742035,1774639200,2026-03-27 20:31:12,1.0
4163fc57,2026-03-27 20:25:35,ETH 15m UP,UP,15m,eth-15m-1774638900-up,0.99,1.0,180,1.8000,WIN,506.64,282.57,1.7930,0x6d27cb21498588319cbab7ccf0010d8a97e967368981e73e9382fa408f7772ad,28577373980806943648024960373338869977317403948806234871939091688488858526077,1774638900,2026-03-27 20:36:11,1.0
2fc5bb26,2026-03-27 20:29:47,BTC 5m UP,UP,5m,btc-5m-1774639500-up,0.99,1.0,180,1.8000,WIN,3130.84,2077.73,1.5069,0x1bb33bb01c25f4c4e73d04318479d9fdd4d72b7099b1d072bfb19372e16a2732,70172478264648914944860912826609900494127925838463086237342032941809546272040,1774639500,2026-03-27 20:36:11,1.0
dc42d670,2026-03-27 20:34:19,BTC 5m UP,UP,5m,btc-5m-1774639800-up,0.99,1.0,180,1.8000,WIN,481.61,317.31,1.5178,0xdbe896e8adbc002acb28f29e39bbefa4f8d20457bb1a7349514f20dd27d4b0b0,96118594244743760480707051813823567597434643941437382186287767009860827335829,1774639800,2026-03-27 20:39:10,1.0
e4bb7c20,2026-03-27 20:39:50,ETH 5m DOWN,DOWN,5m,eth-5m-1774640100-down,0.99,1.0,180,1.8000,WIN,224.48,99.77,2.2500,0x2a6fbc3776545808a59aca0a58500de3d9735ed16457ff335361a675d3ec8fc5,78561060795324042311118487586476878091406579951029168656892280860882413920384,1774640100,2026-03-27 20:44:11,1.0
7a6f5c15,2026-03-27 20:43:54,ETH 5m DOWN,DOWN,5m,eth-5m-1774640400-down,0.99,1.0,180,1.8000,WIN,132.69,16.11,8.2365,0xa171dd4ad960cb700e723794262c30e0e320e54c9e6e1722454a0b5d7f84a22e,106637361414007003055961021754253435943685241048441104432170985258150372444535,1774640400,2026-03-27 20:49:11,1.0
f808bc00,2026-03-27 20:44:24,BTC 5m DOWN,DOWN,5m,btc-5m-1774640400-down,0.99,1.0,180,1.8000,WIN,2523.69,1664.53,1.5162,0x87a499e0df43d19815a0dba1ab8e7ca41b562192e8ac61c23c0ef28e564a5b03,86619817377614966002020012030231299932295488817024744146840830550595613643263,1774640400,2026-03-27 20:49:11,1.0
a7622a6c,2026-03-27 20:49:49,BTC 5m UP,UP,5m,btc-5m-1774640700-up,0.99,1.0,180,1.8000,WIN,2263.16,1453.72,1.5568,0x45125198e291eb905a12da1856b5a7fe44950f5b98523cddf54f3193667af267,43568810143699840302257247679087980898911708445377413110264906673360536536604,1774640700,2026-03-27 20:56:11,1.0
9508aa40,2026-03-27 20:57:36,BTC 15m UP,UP,15m,btc-15m-1774640700-up,0.99,1.0,180,1.8000,WIN,2081.98,1384.81,1.5034,0x57397c356f5b8b1d7ab5f8fe5ee9bad6ffdd62e8a55baa7e0503fec09ca604d3,32007132614755017588954976256389452913836260124035209489886653902695736159993,1774640700,2026-03-27 21:04:11,1.0
68431ce5,2026-03-27 20:58:10,ETH 15m UP,UP,15m,eth-15m-1774640700-up,0.99,1.0,180,1.8000,WIN,909.6,550.59,1.6520,0xa3948cb8b4b90ab7f662267afda71d1328c1e23bee8ee4508582f46deaf946ed,31578541209631790482979033397666873122857099213206218091087062607604893759317,1774640700,2026-03-27 21:06:11,1.0
95281b06,2026-03-27 20:58:37,BTC 5m UP,UP,5m,btc-5m-1774641300-up,0.99,1.0,180,1.8000,WIN,2664.99,1567.22,1.7005,0x2ad42935427f9954e07360f46dd49368c4216d4e02dd1d62a5a1afff15b735a9,24272481688131605738346734924378700371613248040395680293405480205086367509813,1774641300,2026-03-27 21:06:12,1.0
3764244e,2026-03-27 20:59:50,ETH 5m UP,UP,5m,eth-5m-1774641300-up,0.99,1.0,180,1.8000,WIN,17.0,10.0,1.7000,0x0c7eb0f57851691f4c470fa7663cec76627a2c00e78c209a9b5728e4fdb6f93d,10858668002520116102626311710558694802017708166843568533776184827977070898855,1774641300,2026-03-27 21:04:11,1.0
dd1c0e6c,2026-03-27 21:04:38,ETH 5m UP,UP,5m,eth-5m-1774641600-up,0.99,1.0,180,1.8000,WIN,554.4,285.67,1.9407,0xce71b9c4a380c894e3aefd7c94e677e76883ad93f6cecf7e4b3cedeadbee08dd,73950265097937703851861027431069533608342369326713454302528713224677907670511,1774641600,2026-03-27 21:09:10,1.0
b549f38e,2026-03-27 21:14:26,ETH 15m UP,UP,15m,eth-15m-1774641600-up,0.99,1.0,180,1.8000,WIN,818.15,530.13,1.5433,0x06b745330e796ebcafda69ca64734027ae41286eee1e7893443c2dc00e5f3c9a,15922313248151688515277297835956185371883965882931727453025898047251246274739,1774641600,2026-03-27 21:21:11,1.0
4e19f826,2026-03-27 21:14:42,BTC 15m DOWN,DOWN,15m,btc-15m-1774641600-down,0.99,1.0,180,1.8000,WIN,432.41,262.17,1.6493,0xcf6d6ac7c13ea7216d0891a4dddcfab0fd1d937d52132742e4c69cee676f54dc,61356661160403975950003140378552168329221915916361949011008176586403827872586,1774641600,2026-03-27 21:19:11,1.0
a4a7a8c9,2026-03-27 21:14:51,BTC 5m DOWN,DOWN,5m,btc-5m-1774642200-down,0.99,1.0,180,1.8000,WIN,1749.51,1060.73,1.6493,0xd62724e11e985b0be8dd00f6c75b9aa56dcfa95f537daebd9c7df65633a41715,106668873172482210770729534154673297735185086284660475321401627064326904983881,1774642200,2026-03-27 21:21:12,1.0
153e40ae,2026-03-27 21:19:36,ETH 5m DOWN,DOWN,5m,eth-5m-1774642500-down,0.99,1.0,180,1.8000,WIN,366.0,230.56,1.5874,0x52d515e3e4ba753a9f7c7c9410d84c4cd7da4ac618dcf66c284df92bb50d35f4,111614597742663532383398305578558483085151005501106682980068796269783296257123,1774642500,2026-03-27 21:24:11,1.0
472cde19,2026-03-27 21:19:45,BTC 5m UP,UP,5m,btc-5m-1774642500-up,0.99,1.0,180,1.8000,WIN,2072.09,1322.9,1.5663,0x0b3f65b72bca266437841cece529993fe570f89168f7f5df926244484518d54a,9311282645172937824632624656349274111695198710252062703924421183549505981729,1774642500,2026-03-27 21:24:11,1.0
ca5e69f2,2026-03-27 21:28:24,ETH 5m DOWN,DOWN,5m,eth-5m-1774643100-down,0.99,1.0,180,1.8000,WIN,749.69,377.29,1.9870,0x8578333f34739e7479f13887b9991fcf23c71f2e5844499306d864fd8bc8ce52,41557057764327379140402185301604707342800236187100889404197377499427759826357,1774643100,2026-03-27 21:34:11,1.0
51e8859f,2026-03-27 21:28:25,BTC 5m DOWN,DOWN,5m,btc-5m-1774643100-down,0.99,1.0,180,1.8000,WIN,3323.64,1547.02,2.1484,0x9035e9704dd7663293d9e2a40c565197e405e8a287710b4672a215bb6bb4e1e4,34932140441667159264535268270754135492483631410315106962198689155788004832338,1774643100,2026-03-27 21:32:10,1.0
6f303a3e,2026-03-27 21:34:53,ETH 5m DOWN,DOWN,5m,eth-5m-1774643400-down,0.99,1.0,180,1.8000,WIN,450.78,208.0,2.1672,0x4f28263c0a16b6203ff97ab5780cb9753db9dd7e7ed727c64f7e574c9be07d2a,102428334613883677328758822395069577901661015320841210685924453996840997667322,1774643400,2026-03-27 21:37:11,1.0
8d78ea09,2026-03-27 21:39:25,ETH 5m UP,UP,5m,eth-5m-1774643700-up,0.99,1.0,180,1.8000,WIN,404.69,141.78,2.8544,0x991e23189c92d1cbf9f0c6c07a0e4aef7ea78ebaff47feb0571d7dc70eef27d0,53788759720075576406396129948824623001766647788104132301832694800639109428684,1774643700,2026-03-27 21:46:11,1.0
ddecf2dd,2026-03-27 21:44:39,ETH 5m DOWN,DOWN,5m,eth-5m-1774644000-down,0.99,1.0,180,1.8000,WIN,257.46,119.01,2.1633,0x1c2edcac33522fb422037a7d3b8c74218abc7e37c9da27ffb28a5677531ab24b,91450951276086456915127212773162520083826868456431982665611690719000201002313,1774644000,2026-03-27 21:49:11,1.0
07b9162d,2026-03-27 21:44:44,BTC 5m DOWN,DOWN,5m,btc-5m-1774644000-down,0.99,1.0,180,1.8000,WIN,2592.73,1160.14,2.2348,0xa02d335690c61cd2c8e4c1b44296824df29ab0015db919fb918fb024d3507a89,99527342945976794620161114123560644267995123100767736339538957866982114794415,1774644000,2026-03-27 21:49:11,1.0
4a074978,2026-03-27 21:48:59,BTC 5m UP,UP,5m,btc-5m-1774644300-up,0.99,1.0,180,1.8000,WIN,1820.23,750.45,2.4255,0xde2d3c7d58c075458fb403196995a4f85b0a7f78dadb1bb0ad11ca168632bed8,97077190561475174089837989395174303314768242790985518794483626289004622238503,1774644300,2026-03-27 21:54:11,1.0
31bb2ecc,2026-03-27 21:49:14,ETH 5m UP,UP,5m,eth-5m-1774644300-up,0.99,1.0,180,1.8000,WIN,609.58,393.8,1.5479,0x91f258c0dbd24756031b90a953b8778513cd43ee2c1b7c02b9a0bfc017b7a91b,64976858249641574266847988122320243428999128762985415060705593163430942597474,1774644300,2026-03-27 21:54:11,1.0
aec7a5c5,2026-03-27 21:54:19,ETH 5m UP,UP,5m,eth-5m-1774644600-up,0.99,1.0,180,1.8000,WIN,534.91,223.45,2.3939,0xffa5b5d972552c38cb7314fb9e11f28293785755b1a7acb6b7e918b369171204,25581627895198486318738596819007255087478961964663418548770339371168684817679,1774644600,2026-03-27 21:59:11,1.0
e96a71fa,2026-03-27 21:54:42,BTC 5m UP,UP,5m,btc-5m-1774644600-up,0.99,1.0,180,1.8000,WIN,2344.05,1499.76,1.5630,0xd4d6d90334ea3460ef4ee67e9a91b167a11106c6e700d35870bc99b1b44f9a23,60868205197770512538858650811877684028095945431645560800919866327582137955923,1774644600,2026-03-27 21:59:11,1.0
502e4bdc,2026-03-27 22:03:44,ETH 5m UP,UP,5m,eth-5m-1774645200-up,0.99,1.0,180,1.8000,WIN,518.73,246.98,2.1003,0x4802ade8c49fd71f8c678c4f778ce9b7a1a6f7380fb4cbde4ab20ac10ac7057c,84917984613847990054175228753621044133482807863576605798021433405401430692608,1774645200,2026-03-27 22:07:11,1.0
63f4946a,2026-03-27 22:04:10,BTC 5m UP,UP,5m,btc-5m-1774645200-up,0.99,1.0,180,1.8000,WIN,1232.12,773.65,1.5926,0xff8b5b704d88330ed1beb57a38a126c3eb7300faee87b2c719124d57d2d959cc,94780226084723211423389454368156079960474268087431027673339202852823731455760,1774645200,2026-03-27 22:11:12,1.0
5f241873,2026-03-27 22:12:00,ETH 15m UP,UP,15m,eth-15m-1774645200-up,0.99,1.0,180,1.8000,WIN,145.0,74.0,1.9595,0xdec5ffff0a5c3f141b0d461a6ae69fb886c585e780d76d3bacf2acff13007d67,72036201588699073780691844116025856706972658927686170326715124230409215787071,1774645200,2026-03-27 22:19:11,1.0
daef67f1,2026-03-27 22:12:05,BTC 15m UP,UP,15m,btc-15m-1774645200-up,0.99,1.0,180,1.8000,WIN,2504.03,1577.76,1.5871,0x567f18eda40b8c0e6af62bf6b2087f261ab5396f5993a59303fe7708951595f6,62485265119775317774446198969637527101734352847463135194099946128896456261744,1774645200,2026-03-27 22:19:11,1.0
e4df3d7a,2026-03-27 22:14:49,BTC 5m UP,UP,5m,btc-5m-1774645800-up,0.99,1.0,180,1.8000,WIN,2592.21,1361.23,1.9043,0x7535f4ebe2b1ab5340253f1c9ff3716798a77abda7ba068dcdf5ef7346297c49,113153523731065798827312193652916366716716123497009156862052987703660911165281,1774645800,2026-03-27 22:19:11,1.0
e9d78c61,2026-03-27 22:19:06,ETH 5m DOWN,DOWN,5m,eth-5m-1774646100-down,0.99,1.0,180,1.8000,WIN,415.6,264.86,1.5691,0x0e9128ae58ab697a1a5f85dda3ffee61d81269a847a82ae27cfcfef2d23214ac,86619633927222214339012639268969824168700499424072961179784452002039085422706,1774646100,2026-03-27 22:24:11,1.0
ae7edb7b,2026-03-27 22:24:59,ETH 5m DOWN,DOWN,5m,eth-5m-1774646400-down,0.99,1.0,180,1.8000,WIN,12.06,7.88,1.5305,0x1b5f1e230a37264415a12690875131516d93ceb25c3cf0a54a40dc4f3bda5870,36144681056565528661693531425907984942840143738933795727464630993131150744625,1774646400,2026-03-27 22:31:12,1.0
8bd1ba3d,2026-03-27 22:29:23,ETH 15m DOWN,DOWN,15m,eth-15m-1774646100-down,0.99,1.0,180,1.8000,WIN,828.71,358.18,2.3137,0xd5b4ffd6935dfe38166f76f7081ce45c124fca5e8f699739cdc7dafdae1ac85e,10078056789594682944830406343102019201613986579122036197616290486144975390684,1774646100,2026-03-27 22:36:11,1.0
e7500ab6,2026-03-27 22:34:57,BTC 5m DOWN,DOWN,5m,btc-5m-1774647000-down,0.99,1.0,180,1.8000,WIN,20.06,5.0,4.0120,0x1c8c5a1305e43ebff11a6a2f9cc9392c7560106d82980cb7456c8cb9110cb35e,36713166092163878013319880348250081315050749489946241253264212190470803195159,1774647000,2026-03-27 22:41:12,1.0
c62011ec,2026-03-27 22:41:10,BTC 15m DOWN,DOWN,15m,btc-15m-1774647000-down,0.99,1.0,180,1.8000,WIN,2566.51,1035.53,2.4785,0x208335c6c353820ad18d93805a2e8cb4eff2e91b7b957a7d75f3ce16e68f2ab4,78492370980463529825824220211786273529584591897937382101451013162642316499996,1774647000,2026-03-27 22:49:11,1.0
41645cb0,2026-03-27 22:44:33,BTC 5m UP,UP,5m,btc-5m-1774647600-up,0.99,1.0,180,1.8000,WIN,2428.11,928.39,2.6154,0x3a6637fa7b9e19979e2efbe2426f67ea4c1750dfb680eaaefaff60d97f084dd4,99596293132467075181279432130619815540755919021949293380143117681750572026778,1774647600,2026-03-27 22:51:12,1.0
174a715b,2026-03-27 22:44:37,ETH 15m DOWN,DOWN,15m,eth-15m-1774647000-down,0.99,1.0,180,1.8000,WIN,20.0,5.0,4.0000,0x4efde98980a4e3f1a1039a09cad1cc893f85b24869709897c9e1acd5857675bd,44665857363198513535866507533891338313582836537428661994989049950921880007179,1774647000,2026-03-27 22:49:11,1.0
7d3f5e05,2026-03-27 22:54:58,BTC 5m DOWN,DOWN,5m,btc-5m-1774648200-down,0.99,1.0,180,1.8000,WIN,205.55,32.75,6.2763,0x975fa7e83318fed16e2063857b0c5972f76acf936be9d158f733e1ab7f081a23,87506165230961140624866204990748636187266347329132636020779998901248050106648,1774648200,2026-03-27 22:59:11,1.0
3b50dc4d,2026-03-27 22:59:02,BTC 15m DOWN,DOWN,15m,btc-15m-1774647900-down,0.99,1.0,180,1.8000,WIN,1527.15,358.06,4.2651,0xc43eff1bcc1e3c96dfac6bbd919d25d77608bfda74b011f5d0a2e7a091c2ac96,38272458846994672926430327553540825696207317354700465729762937583643724229874,1774647900,2026-03-27 23:04:11,1.0
eccfcd4c,2026-03-27 23:04:38,BTC 5m DOWN,DOWN,5m,btc-5m-1774648800-down,0.99,1.0,180,1.8000,WIN,636.33,346.91,1.8343,0xa1a17674867b6f079a5ce59faa99d995025088ece3796d61b16b616ecb3ec8a6,62074991114888917863134267915670107389024597963952113106933184254750511286925,1774648800,2026-03-27 23:11:12,1.0
47349fda,2026-03-27 23:12:37,BTC 15m DOWN,DOWN,15m,btc-15m-1774648800-down,0.99,1.0,180,1.8000,WIN,1030.99,618.46,1.6670,0xe2a8a8ce45e9aa69480dafb5c5b9b2446ab37f83b459575573fbc11617be7e18,57918549328149902015382301115011660827262208852058200032911077997520460853527,1774648800,2026-03-27 23:19:11,1.0
84a3207c,2026-03-27 23:19:31,ETH 5m UP,UP,5m,eth-5m-1774649700-up,0.99,1.0,180,1.8000,WIN,327.09,190.86,1.7138,0x57bf381662f1a6c8eb5186e87ec5d84b86162b61688d6ef91eb0a24552cd74d9,34828785754221809292633968345592449536742640183588245916048726820336129056611,1774649700,2026-03-27 23:24:11,1.0
986960df,2026-03-27 23:29:10,ETH 5m DOWN,DOWN,5m,eth-5m-1774650300-down,0.99,1.0,180,1.8000,WIN,577.69,383.76,1.5053,0x057a6c2fabaf843de2238d936538f2d0d3d5d2a099589a9406ef5dbfa1f8659f,44213724224786396004218614309056424940729627981985270103289123869747371719708,1774650300,2026-03-27 23:36:11,1.0
876d7261,2026-03-27 23:39:15,ETH 5m DOWN,DOWN,5m,eth-5m-1774650900-down,0.99,1.0,180,1.8000,WIN,567.69,353.58,1.6055,0x8f088a231210305b14a1040bb07bf45bbcafe282eba8bfac503545d374b481af,7046983517017150746933301394849434246214766868764440044073763556614523833796,1774650900,2026-03-27 23:44:11,1.0
87683e8b,2026-03-27 23:43:52,BTC 5m UP,UP,5m,btc-5m-1774651200-up,0.99,1.0,180,1.8000,WIN,4388.3,2375.61,1.8472,0x81276dd409d1ae3a6ed18519be531fdc11c3f61ff2e10f3382a424758e961488,85515005123445423889120202102100797804297252798990882189142726417677421944392,1774651200,2026-03-27 23:47:11,1.0
1ab5f721,2026-03-27 23:44:51,ETH 15m UP,UP,15m,eth-15m-1774650600-up,0.99,1.0,180,1.8000,WIN,211.0,114.89,1.8365,0x3e162e07255501cd6d3a45ff94d621411602d0c91cb8d9b401223ec9b6d050cd,115723438758506187237059112471514577026132502938574970805807361784357483651915,1774650600,2026-03-27 23:51:11,1.0
bcb69602,2026-03-27 23:44:52,BTC 15m UP,UP,15m,btc-15m-1774650600-up,0.99,1.0,180,1.8000,WIN,955.71,489.51,1.9524,0x4b92fcb1531c7fcdbfdcb5676614208a2d7bccebeaa1fc2b0fc7f21d4d5ae8fb,57685156660019063422075475089548573945987525269191400871585358757714161172568,1774650600,2026-03-27 23:49:11,1.0
e5884bf3,2026-03-27 23:54:55,BTC 5m DOWN,DOWN,5m,btc-5m-1774651800-down,0.99,1.0,180,1.8000,WIN,1040.28,641.12,1.6226,0xbce0e9f595e28395db4884027339eef6370982f667c48681bf3e0b20dd3b655d,109743435422723575126523147767732459372827724160487115812442440951217330564357,1774651800,2026-03-27 23:59:11,1.0
e90b88f7,2026-03-27 23:59:57,BTC 15m DOWN,DOWN,15m,btc-15m-1774651500-down,0.99,1.0,180,1.8000,WIN,107.12,63.05,1.6990,0x26439218ac96b5cb2310d4aa138458022dafa4755c0d640dadcf29d7c0089bee,79705607073343016609889298837300318291317164515856109717502796125542247394085,1774651500,2026-03-28 00:06:11,1.0
70ddd11e,2026-03-28 00:08:47,ETH 5m DOWN,DOWN,5m,eth-5m-1774652700-down,0.99,1.0,180,1.8000,WIN,42.52,6.15,6.9138,0xff08dbb1ef7dfabbd2fc9279ef7bac838f5fcb3c04aadcc1ce77ed87ac84151a,59877074607513193021976428184387856529061755356942855215618677008736741270498,1774652700,2026-03-28 00:14:11,1.0
e14d6d65,2026-03-28 00:14:05,BTC 15m UP,UP,15m,btc-15m-1774652400-up,0.99,1.0,180,1.8000,WIN,1337.32,720.82,1.8553,0x7aed7a2d19a52ec1bbaaecc1f300b52490ba0aeea8ad5170d3f9911105973b14,82516847879731558233936616975849420483903435213547756136289144996503321846000,1774652400,2026-03-28 00:19:10,1.0
f74e414a,2026-03-28 00:14:09,BTC 5m UP,UP,5m,btc-5m-1774653000-up,0.99,1.0,180,1.8000,WIN,3003.62,483.73,6.2093,0xb1f5fc4e0b6049dde7ac5603ff331abd0be34ccd7015357eb183bfb4034056b7,87921931484655939370181763577524054879422793636660320481778941246805664038960,1774653000,2026-03-28 00:19:11,1.0
a8d2bfb7,2026-03-28 00:19:59,BTC 5m UP,UP,5m,btc-5m-1774653300-up,0.99,1.0,180,1.8000,WIN,39.0,2.98,13.0872,0x7cae13b8135361230e864654a738139c8b88d3fea1e7e3d456d4eaa8e607c72a,29208380838441482323250482593073502436005176490994801839827238482625255448095,1774653300,2026-03-28 00:26:12,1.0
b31fb45c,2026-03-28 00:27:03,BTC 15m UP,UP,15m,btc-15m-1774653300-up,0.99,1.0,180,1.8000,WIN,483.35,158.64,3.0468,0x9f845f33a4aeed5a7a13567a9a8ffc7ff63de804cdbf1bef4dbd47ea20e7cdf6,55123058181999001925617976318997152533495892241884466017399831375950196142348,1774653300,2026-03-28 00:34:11,1.0
9a74d194,2026-03-28 00:28:37,ETH 15m UP,UP,15m,eth-15m-1774653300-up,0.99,1.0,180,1.8000,WIN,221.25,29.25,7.5641,0xdf1d8cc353c007004198d3badbd0d83b0762eaae363661a63f8e7a936d519195,61994593459895133385992135667665881718489474009753483268485426522555320148390,1774653300,2026-03-28 00:36:12,1.0
5570198a,2026-03-28 00:39:53,BTC 5m UP,UP,5m,btc-5m-1774654500-up,0.99,1.0,180,1.8000,WIN,1063.63,667.23,1.5941,0x8239e8b18ce291e012706d783e4e5681cf476afdc77d4360fd81c15afd8a097b,55739609060957939950025196001634684471914735690855642571821752853847845204423,1774654500,2026-03-28 00:44:11,1.0
370f34ea,2026-03-28 00:43:20,ETH 15m UP,UP,15m,eth-15m-1774654200-up,0.99,1.0,180,1.8000,WIN,381.01,206.11,1.8486,0x9eb97965c80b9fce6abc9b0f2e2b386e8e71c90db3148a2e5197f0d380a9f6b0,96197161809195620429469576966348280272163937465542601017043177521054671630886,1774654200,2026-03-28 00:49:11,1.0
63df198a,2026-03-28 00:43:31,BTC 15m UP,UP,15m,btc-15m-1774654200-up,0.99,1.0,180,1.8000,WIN,1651.02,602.97,2.7381,0xdcceeea46c274f41826e99a33f9d96ad930fde79a43b0365f13010b144dbd5d1,84914715913038041294623889888497709952885334518948260332903982338210317558608,1774654200,2026-03-28 00:49:11,1.0
bc6f90fd,2026-03-28 00:44:39,BTC 5m UP,UP,5m,btc-5m-1774654800-up,0.99,1.0,180,1.8000,WIN,1168.54,601.84,1.9416,0xad8527187d1f862505105fd26bc1b47073e44d983a0f5e9d3e5831a85bb13075,23795742035800218747373820462398795057659811323342274778925915356901155481558,1774654800,2026-03-28 00:49:11,1.0
f9c8535b,2026-03-28 00:48:56,BTC 5m UP,UP,5m,btc-5m-1774655100-up,0.99,1.0,180,1.8000,WIN,2113.28,1327.02,1.5925,0xc382d838526e9e53144ed34d045c5f4473f50315c5075d507c1ea0b259dc1b3b,80922479542052226276136681316757838529186102459721251256664127703618617515787,1774655100,2026-03-28 00:56:12,1.0
9daa7244,2026-03-28 00:59:56,BTC 5m UP,UP,5m,btc-5m-1774655700-up,0.99,1.0,180,1.8000,WIN,956.93,588.19,1.6269,0xdc160f97b4d4d07d50f25c4054c8a38c9f427cc49ff476c2b4101c7274612711,12721635468770290479118084950148312846649317857631264426709726038033350208829,1774655700,2026-03-28 01:06:11,1.0
e3aca87d,2026-03-28 01:04:48,BTC 5m UP,UP,5m,btc-5m-1774656000-up,0.99,1.0,180,1.8000,WIN,2256.96,1378.48,1.6373,0xf0986b4340910ceaa1b337459dc94572f6787ec664efb21c9718f353eedfc811,53281772452415443963318330821802828751323980990154182789851785562546228453645,1774656000,2026-03-28 01:09:11,1.0
e0bd864a,2026-03-28 01:09:35,ETH 5m DOWN,DOWN,5m,eth-5m-1774656300-down,0.99,1.0,180,1.8000,WIN,72.0,41.0,1.7561,0xeec0ca6ee2a81133fa74b6d4f379aeaaed119508c48941c8cb5eca8434d80ecc,266244210116671530866469415399887813652738407333508958372227877221458549217,1774656300,2026-03-28 01:14:11,1.0
dd332a57,2026-03-28 01:09:42,BTC 5m DOWN,DOWN,5m,btc-5m-1774656300-down,0.99,1.0,180,1.8000,WIN,1809.73,1187.59,1.5239,0x473b817a407d85992825bc72a2fb0ed477086d72e2795083146854ca708ebd1d,95032992065633518809350505859947851401984326996889656373713130575794692443465,1774656300,2026-03-28 01:14:11,1.0
16d1b4c0,2026-03-28 01:12:56,ETH 15m DOWN,DOWN,15m,eth-15m-1774656000-down,0.99,1.0,180,1.8000,WIN,442.3,122.55,3.6091,0x4e7b46f20bc155069632a5b35e0b33be1b90ad9d01f0479400f4d069512d9797,69409944151340764791777094880861416426651402545002868406138564069798662237692,1774656000,2026-03-28 01:21:11,1.0
365a4eb3,2026-03-28 01:13:01,BTC 15m DOWN,DOWN,15m,btc-15m-1774656000-down,0.99,1.0,180,1.8000,WIN,2869.29,1825.06,1.5722,0x803c383bb5ad0f9cc1e1fe564a311321f09cc0e8d3df9992fc355d5cdbf7e327,71030145571329479986652522470527804347891093038105301503127515946966519354636,1774656000,2026-03-28 01:19:11,1.0
2741e044,2026-03-28 01:19:15,ETH 5m UP,UP,5m,eth-5m-1774656900-up,0.99,1.0,180,1.8000,WIN,357.98,210.91,1.6973,0xf30425b141aa3a7184cdac4ffbe5387aa398c91854513bcc47d279897c29e114,10020040032810655023518140962719090498920308430379574680040445699407081476218,1774656900,2026-03-28 01:24:11,1.0
3dc2e197,2026-03-28 01:24:52,BTC 5m UP,UP,5m,btc-5m-1774657200-up,0.99,1.0,180,1.8000,WIN,795.38,140.11,5.6768,0x60de2451bb2993f6389ec4a223031868251191c039bc5e524c16bd8c80eb9cb5,30059398343565982675247925877443766531630097161168483002929869738357398390725,1774657200,2026-03-28 01:29:11,1.0
d5e76f90,2026-03-28 01:29:12,BTC 15m UP,UP,15m,btc-15m-1774656900-up,0.99,1.0,180,1.8000,WIN,832.88,149.07,5.5872,0x126c06b071ab2a1138e0bd34fa73024f2ea6f93946225099251fda48a6bba59e,36893309907995397427251937623270815216671666102691301951494943343480820909307,1774656900,2026-03-28 01:34:11,1.0
0d9f65d4,2026-03-28 01:44:34,ETH 5m DOWN,DOWN,5m,eth-5m-1774658400-down,0.99,1.0,180,1.8000,WIN,139.69,48.18,2.8993,0xba2bc4c8cb1457c31f74a540b21b84bb6082beeb9763e5caf0336ef34267294f,100179878975653805464034067975275830615482067174418857339492384503918510895407,1774658400,2026-03-28 01:51:11,1.0
1c75dc39,2026-03-28 01:44:59,BTC 5m UP,UP,5m,btc-5m-1774658400-up,0.99,1.0,180,1.8000,WIN,25.0,2.98,8.3893,0x58d5f6aeeeaa6c2a9474a33518267ce0fa348dfe69a0a1c870dd4f0500039b21,86533490493905874827088700381472735457710474674947585175262357406362615085943,1774658400,2026-03-28 01:49:11,1.0
7cabe18b,2026-03-28 01:49:40,BTC 5m DOWN,DOWN,5m,btc-5m-1774658700-down,0.99,1.0,180,1.8000,WIN,2055.36,1118.42,1.8377,0x8aeea7af9b9fa2d3a5abe4b8eabd0a4f127a8bc7354d0269187cf77916bc52e5,6818481631043143731402809716907929543834216347287922779608277826427000182944,1774658700,2026-03-28 01:54:11,1.0
5940de55,2026-03-28 01:54:56,ETH 5m UP,UP,5m,eth-5m-1774659000-up,0.99,1.0,180,1.8000,WIN,50.0,6.92,7.2254,0x596cb7f6eee61b278b60888dea0e6679b2346764bb3522df23af135988791082,58073072578807178828322252665516499576550844732931221529193541863800795214832,1774659000,2026-03-28 02:01:12,1.0
67575549,2026-03-28 01:59:01,ETH 15m DOWN,DOWN,15m,eth-15m-1774658700-down,0.99,1.0,180,1.8000,WIN,442.76,274.97,1.6102,0x77ee38c5da311fa132308cba0f823a68517e5c77beb22c12e53373b8611c8fdd,31456515525150080262141039400108543998690771346225989608321783113288641668590,1774658700,2026-03-28 02:06:11,1.0
14c93fd2,2026-03-28 02:08:54,ETH 5m DOWN,DOWN,5m,eth-5m-1774659900-down,0.99,1.0,180,1.8000,WIN,427.69,267.97,1.5960,0x89fff9efa010eb370be52eed8248b247952a678297fedc62f22b5f61f33e37ce,41526286901797338541088701108870568204118009547210336556978674393356141939606,1774659900,2026-03-28 02:14:11,1.0
267a1a26,2026-03-28 02:09:50,BTC 5m DOWN,DOWN,5m,btc-5m-1774659900-down,0.99,1.0,180,1.8000,WIN,2958.17,1919.38,1.5412,0xe4d915b1aa0bf531cefbb76489d6304ece19d9e13a839c0915c301f2d1050465,113268725399796729094749892485984507275466249017462350439550836984716183069672,1774659900,2026-03-28 02:14:11,1.0
0d07ef00,2026-03-28 02:10:14,BTC 15m DOWN,DOWN,15m,btc-15m-1774659600-down,0.99,1.0,180,1.8000,WIN,1028.39,471.55,2.1809,0x7e55d06d55698b00ae453d9a585f8facbc795a78f8ce2588143955fd8b243802,49260571339580759581072218348168682963823752627923271274999014685158492420392,1774659600,2026-03-28 02:19:11,1.0
0aaf179d,2026-03-28 02:10:28,ETH 15m DOWN,DOWN,15m,eth-15m-1774659600-down,0.99,1.0,180,1.8000,WIN,159.83,11.87,13.4650,0xfd12d22d2e2cdec098dc982ff4f3e42a99ca985548d02d21910580939cfddf0a,95360224010778838851580307330520895601248189505084142707957010022240216462216,1774659600,2026-03-28 02:21:11,1.0
82d8b7bb,2026-03-28 02:19:24,ETH 5m UP,UP,5m,eth-5m-1774660500-up,0.99,1.0,180,1.8000,WIN,276.08,158.52,1.7416,0x503cc51639e676d1ee1d6c05121d9e3d7e26b582e0da2701c73632664bdb8f56,25155796404662316085728104081167312830879300119985617343774366701178194363818,1774660500,2026-03-28 02:26:11,1.0
b197dff2,2026-03-28 02:19:39,BTC 5m UP,UP,5m,btc-5m-1774660500-up,0.99,1.0,180,1.8000,WIN,262.62,170.32,1.5419,0x6006f152cec99eef6975d1455a222fdb5662b8df4fa4d44e1656866aae5e0381,92523308641779535867597697066215089459377467991144471908165301118028405418422,1774660500,2026-03-28 02:24:11,1.0
69ee7c48,2026-03-28 02:26:30,BTC 15m UP,UP,15m,btc-15m-1774660500-up,0.99,1.0,180,1.8000,WIN,2057.87,1332.59,1.5443,0xeeb36bfd64a2e08ba226cbe4775e38e53eea13d7dcc32cdb3dff3a74f41c90fd,88202442033558738725132260633629157804353919602922597275604427348336648736471,1774660500,2026-03-28 02:36:11,1.0
3ad2bd5f,2026-03-28 02:34:02,ETH 5m UP,UP,5m,eth-5m-1774661400-up,0.99,1.0,180,1.8000,WIN,79.89,14.07,5.6780,0x839de883c17d17f3507cb3944d648984e64f9f20a563f68ea95451236f5b4c80,29625409627786156983294282534341809331877191615113607496615242279359249260137,1774661400,2026-03-28 02:39:11,1.0
74c069d2,2026-03-28 02:39:36,BTC 5m DOWN,DOWN,5m,btc-5m-1774661700-down,0.99,1.0,180,1.8000,WIN,1469.42,614.57,2.3910,0xa9bf3fc761107701194b10d8fb9517ab63aa1cbf3d395119fd97c4c00cdc87c7,56687125339127362573944064088636827549144139983959858977313683882792242376317,1774661700,2026-03-28 02:44:11,1.0
3e5336ba,2026-03-28 02:44:45,BTC 5m UP,UP,5m,btc-5m-1774662000-up,0.99,1.0,180,1.8000,WIN,2928.51,225.59,12.9816,0xbd199a55d2f61aff2c7fde9d2836cc6a6403b28c168ff421012e0cdf1a3dd34d,63895423937409158048604377166721253535952155707983160382199700547792856736373,1774662000,2026-03-28 02:51:11,1.0
5a81e2a5,2026-03-28 02:59:34,ETH 15m UP,UP,15m,eth-15m-1774662300-up,0.99,1.0,180,1.8000,WIN,93.3,58.86,1.5851,0x658191ddc99aa2d04d60ed591af6a339db5575de0cc7003b90e6b4b785718d54,22846407709904070555409937858674468931874025232545057755244199344510781356716,1774662300,2026-03-28 03:04:11,1.0
72dbedf6,2026-03-28 03:04:17,ETH 5m UP,UP,5m,eth-5m-1774663200-up,0.99,1.0,180,1.8000,WIN,573.21,380.76,1.5054,0xea2346f8d246104000e142ffab98e098101c0b862eda426324009e008b1b3331,112902230573293034541337841894176788391748846399309015018008867475967006993113,1774663200,2026-03-28 03:09:11,1.0
0853570f,2026-03-28 03:09:19,ETH 5m DOWN,DOWN,5m,eth-5m-1774663500-down,0.99,1.0,180,1.8000,WIN,225.23,74.41,3.0269,0xa5f5bfec2e5c407b3b589305f6e421509fe54bfd1833cfe8378e81398768e9ff,88172535888895576361618473314863790266662673717390494402359628720097825802415,1774663500,2026-03-28 03:14:11,1.0
8faa1b22,2026-03-28 03:14:12,BTC 15m UP,UP,15m,btc-15m-1774663200-up,0.99,1.0,180,1.8000,WIN,1290.68,392.99,3.2843,0x32490fce42e55a41732135338da6fc3a871cf2e1294ded0c5485f82f04eedd74,41982772856401927158722428500844834595604585468660087095529126062640224340901,1774663200,2026-03-28 03:19:11,1.0
d2eec1b2,2026-03-28 03:14:48,ETH 15m UP,UP,15m,eth-15m-1774663200-up,0.99,1.0,180,1.8000,WIN,173.55,71.49,2.4276,0x527c03f2d6253564ae716077a2fe9fb2e6531af85ead01bcecfcfedbe0a35846,8476223749323089350025115154137784420688584966620982977422738413838342290511,1774663200,2026-03-28 03:19:11,1.0
e2914ee2,2026-03-28 03:14:57,ETH 5m DOWN,DOWN,5m,eth-5m-1774663800-down,0.99,1.0,180,1.8000,WIN,15.0,8.23,1.8226,0xbb58b31a64947c38eb8557955ca3a5664b0f261fa3974636a844b4140ea630eb,81617050002210527694996836772737491377447566719197299223382934760412363084036,1774663800,2026-03-28 03:19:11,1.0
9a471737,2026-03-28 03:17:55,ETH 5m DOWN,DOWN,5m,eth-5m-1774664100-down,0.99,1.0,180,1.8000,WIN,408.59,264.43,1.5452,0x081433aac0b03ae25fcd34552a51ab17bfe0078235a21373c9da3c57dde90674,45059918575366419311727028583369054501961582537372257509484287424640855766827,1774664100,2026-03-28 03:26:12,1.0
0179efe0,2026-03-28 03:19:10,BTC 5m DOWN,DOWN,5m,btc-5m-1774664100-down,0.99,1.0,180,1.8000,WIN,4296.65,1155.93,3.7171,0xbf3aec4883b228858d9d2c7c5eb15460aac88d3c231e9398c482d26b41b2b0e4,87378607754950372354541948837222562385177630510298022902373200933033235404985,1774664100,2026-03-28 03:24:11,1.0
2d86ec0c,2026-03-28 03:24:50,BTC 5m UP,UP,5m,btc-5m-1774664400-up,0.99,1.0,180,1.8000,WIN,1261.45,746.04,1.6909,0x0e197b3a4993e53ff1e00a93221fc415c88dc48c02693f4444f9a6cd219dd389,42668110273991037065301198374151212487153160774017304916027839132209139006164,1774664400,2026-03-28 03:29:11,1.0
f4340632,2026-03-28 03:34:52,BTC 5m DOWN,DOWN,5m,btc-5m-1774665000-down,0.99,1.0,180,1.8000,WIN,2589.85,1505.25,1.7205,0x70aa0e9da75ccd34a4c32b8b5c5fea19425fa87f330d43a7b131ded1775828bb,38934368254706556565958148708262751496993525812834445376921387714958653966298,1774665000,2026-03-28 03:39:11,1.0
d9431858,2026-03-28 03:44:34,ETH 5m UP,UP,5m,eth-5m-1774665600-up,0.99,1.0,180,1.8000,WIN,147.58,70.0,2.1083,0xef649263dd547ad55a4d8cd703e1e2c21a2833a5cf83ecbb8c7ea34f84593006,92283468845024239956098072189128744608120892115171973790377459492564263197241,1774665600,2026-03-28 03:51:11,1.0
a8ed3af2,2026-03-28 03:44:51,ETH 15m UP,UP,15m,eth-15m-1774665000-up,0.99,1.0,180,1.8000,WIN,150.0,79.74,1.8811,0xf4f3f3adca535a6915f7f960bb5d1edf515f33dd592359f2a7aaff3b6e306d2b,100352635955684266779473896273672349008904163111257686427505699768803533894545,1774665000,2026-03-28 03:49:11,1.0
86e2b22b,2026-03-28 03:49:59,BTC 5m DOWN,DOWN,5m,btc-5m-1774665900-down,0.99,1.0,180,1.8000,WIN,25.16,11.87,2.1196,0x6e170ddc62101cc838ac23eafdb31ac466976988ef4830fa29c274c9a1489fdd,30461918264973202983502148467029641059679564403837713151176734334836199599493,1774665900,2026-03-28 03:54:11,1.0
50ef7d76,2026-03-28 03:59:55,BTC 5m UP,UP,5m,btc-5m-1774666500-up,0.99,1.0,180,1.8000,WIN,2225.9,1352.41,1.6459,0x36235bd950d442884bdd6b5f9747ea7392f6705b6064cba3df4a8cb6868fb316,70203927148367601426456292983893585449972200483768843462093402511784986769695,1774666500,2026-03-28 04:04:11,1.0
a571d878,2026-03-28 03:59:56,ETH 5m UP,UP,5m,eth-5m-1774666500-up,0.99,1.0,180,1.8000,WIN,15.0,1.94,7.7320,0x6a74c45db5493587fc520c6c7890b985b8ea4ab3a3b4145c40b9de2107a78ee3,102448045157679266105315439061869971564959318232138383883245525889881248742062,1774666500,2026-03-28 04:04:11,1.0
19eb0d63,2026-03-28 04:04:46,BTC 5m UP,UP,5m,btc-5m-1774666800-up,0.99,1.0,180,1.8000,WIN,2433.96,1609.13,1.5126,0x4f476f7d69c41fd6d4f62645eb385baf0e6d5a9c82ffd7bead5806e454a35974,108658924075681995156891274843221293750413222540768363295477758641556470731700,1774666800,2026-03-28 04:09:11,1.0
e02d92a0,2026-03-28 04:09:50,BTC 5m UP,UP,5m,btc-5m-1774667100-up,0.99,1.0,180,1.8000,WIN,2438.94,212.88,11.4569,0x860daa1a1aaf09322ff2c4f357f27bfcfa3be93d24d7aa98391dab4a0d2c597f,88508771262357723586285453745134464584294897473668223811768955090861001321549,1774667100,2026-03-28 04:14:11,1.0
67045966,2026-03-28 04:09:50,ETH 5m UP,UP,5m,eth-5m-1774667100-up,0.99,1.0,180,1.8000,WIN,138.69,71.63,1.9362,0x538bf6f6ab04914c3da0173542e8130231635cface61a464c7571a7cd6581433,25629843911445967413367637561436457927518394854045697149736431223838910811480,1774667100,2026-03-28 04:14:11,1.0
c25cef99,2026-03-28 04:11:34,BTC 15m UP,UP,15m,btc-15m-1774666800-up,0.99,1.0,180,1.8000,WIN,2654.36,1637.7,1.6208,0xa68d7ce2c1ca25c5a754df0f1868ec5557c3b4433deb4dcc6683406507319ce7,12602444975157782750147334834546161522201006143881421532549157711437102428333,1774666800,2026-03-28 04:21:12,1.0
b1e383c1,2026-03-28 04:14:44,ETH 15m UP,UP,15m,eth-15m-1774666800-up,0.99,1.0,180,1.8000,WIN,224.08,136.53,1.6413,0x7fc8f73bf4466b7c161cbc0c7d49d3fbbed4c3188bb3ab563a5637b2de721222,88991438822098371384034623014245084992410511334836543250329823154273581479516,1774666800,2026-03-28 04:19:11,1.0
5ee8e832,2026-03-28 04:19:15,ETH 5m UP,UP,5m,eth-5m-1774667700-up,0.99,1.0,180,1.8000,WIN,453.31,299.63,1.5129,0x6b097cc23623ea1b8aa4ded4bafcc2692e711b09e2e90784bc0101146023ca16,76378058940753108314107737533333763527092255426774323282649693246591720774297,1774667700,2026-03-28 04:24:11,1.0
ee8015ae,2026-03-28 04:19:47,BTC 5m UP,UP,5m,btc-5m-1774667700-up,0.99,1.0,180,1.8000,WIN,2532.33,1279.92,1.9785,0x6cf8c59b9a1ef0b63966361a4dc0bfbdbadb134d2fa548f4b4b15f9db5be1e66,45651332184388226375039893981482232849769126199714222900299384501583154000242,1774667700,2026-03-28 04:26:12,1.0
cb09243a,2026-03-28 04:29:22,ETH 15m UP,UP,15m,eth-15m-1774667700-up,0.99,1.0,180,1.8000,WIN,459.3,157.07,2.9242,0xba61cfe19b53772f68e2f05a4651e4d9acec0209055ad3a4eda9f08c56074dd0,21612666541850507430710634640132350738478861885884069291242128599567715855361,1774667700,2026-03-28 04:34:11,1.0
4bd1e46a,2026-03-28 04:29:58,ETH 5m UP,UP,5m,eth-5m-1774668300-up,0.99,1.0,180,1.8000,WIN,40.0,24.51,1.6320,0x9e15a90e4bafba8eaa7ac29ae70e1e00c0b22bed4a9ae009749463dca9e57f9b,50906335744525738143823909934935238106574075541936440669256394537968782748580,1774668300,2026-03-28 04:34:10,1.0
1f768fcd,2026-03-28 04:34:23,ETH 5m DOWN,DOWN,5m,eth-5m-1774668600-down,0.99,1.0,180,1.8000,WIN,400.44,218.48,1.8328,0x5e2d4815e18c1564a704b3e568af16f08059ca7100970d7ec3138c4892f89058,24318680411267035970220945265874962008215236339842694859148078694289941213089,1774668600,2026-03-28 04:39:11,1.0
4c08756c,2026-03-28 04:39:20,ETH 5m UP,UP,5m,eth-5m-1774668900-up,0.99,1.0,180,1.8000,WIN,317.69,164.75,1.9283,0x0bb7626b8fe1cfb91f5e9e249a0b39b17d62847fb8b6c4131816adc709c57506,29654444540369913951887507900536459617608139788461560861352958066894394008627,1774668900,2026-03-28 04:44:11,1.0
346f3bd1,2026-03-28 04:44:05,BTC 15m UP,UP,15m,btc-15m-1774668600-up,0.99,1.0,180,1.8000,WIN,1563.16,699.35,2.2352,0x3e6eaed0aab8361123ee0222a50a5c5454a0cf8586db13edae6d4f4ab9afa819,26003161344340198442916403961748058199711587234774663854124492039576643509195,1774668600,2026-03-28 04:51:11,1.0
7910e016,2026-03-28 04:44:22,BTC 5m UP,UP,5m,btc-5m-1774669200-up,0.99,1.0,180,1.8000,WIN,2369.75,1018.81,2.3260,0x4ef5dfd37d0ea1d6101926424c8878f895dbe66fdb37b9b1cca6e1c86b7f5e4f,836295977552430508355297953306419599219807677851087628664758147575314823616,1774669200,2026-03-28 04:51:12,1.0
d1ceeb45,2026-03-28 04:44:56,ETH 15m UP,UP,15m,eth-15m-1774668600-up,0.99,1.0,180,1.8000,WIN,212.92,140.43,1.5162,0x3a3996d3b480dd36f831a7ca59f3e722ca95dc6ed56fe19df70e1d4d08bcebc8,59688778170802547400064487787058266923678562446834801896862644894125541956402,1774668600,2026-03-28 04:49:11,1.0
97d2dc0d,2026-03-28 04:49:11,ETH 5m DOWN,DOWN,5m,eth-5m-1774669500-down,0.99,1.0,180,1.8000,WIN,321.48,178.07,1.8054,0x844ff017dc49ddc2f404c920d59e82079ba9b91cb03503863d1aab45b2fe545f,45473851761133961973163555488338614857801726529711722429472612474469451695779,1774669500,2026-03-28 04:54:11,1.0
8cccb5f9,2026-03-28 04:54:45,BTC 5m DOWN,DOWN,5m,btc-5m-1774669800-down,0.99,1.0,180,1.8000,WIN,2638.25,1637.84,1.6108,0xc153df5524cfaa0dc6e8ef8a6221a2ddfd098f6b03e115397182edfe9db5b708,56671544842168012915454743505868339194857252458847853318472076293442239681868,1774669800,2026-03-28 04:59:11,1.0
28308713,2026-03-28 05:09:10,ETH 5m DOWN,DOWN,5m,eth-5m-1774670700-down,0.99,1.0,180,1.8000,WIN,331.89,175.97,1.8861,0x832fd68dc01fc6e7114c5b0017b4fdaf6f30f887cd7c53ec8531d05f32663d05,44585395395089436045270614214946416384178896874812302177308519106683706776821,1774670700,2026-03-28 05:14:11,1.0
87ec45f2,2026-03-28 05:09:44,BTC 5m DOWN,DOWN,5m,btc-5m-1774670700-down,0.99,1.0,180,1.8000,WIN,261.45,167.55,1.5604,0x89b3b511a74c78bdf8c0c74df49ee7331d5b92f39d00f18a8571e2695080a5fe,103968000444268018573376136285768395519507354556435276130453873673098345374146,1774670700,2026-03-28 05:16:11,1.0
169147dd,2026-03-28 05:10:43,BTC 15m DOWN,DOWN,15m,btc-15m-1774670400-down,0.99,1.0,180,1.8000,WIN,1682.8,1119.42,1.5033,0xd2e1d5069e7eaa7a21e21d02938005af119cac83759c419136444574809093a5,15555954171502854034216618895984811832771293133314928313480828419393852102814,1774670400,2026-03-28 05:19:11,1.0
1076b58e,2026-03-28 05:18:10,ETH 5m UP,UP,5m,eth-5m-1774671300-up,0.99,1.0,180,1.8000,WIN,838.92,554.39,1.5132,0xe72d7e69c0b69976428742110bd447eb9b12bcf21515e43f6a0e4e2d31b2cdf9,56142559696163907501531639539413597630083789912541003955050617601790021603422,1774671300,2026-03-28 05:24:11,1.0
9452198e,2026-03-28 05:18:11,BTC 5m UP,UP,5m,btc-5m-1774671300-up,0.99,1.0,180,1.8000,WIN,2658.01,1577.2,1.6853,0xfc3f3ca41e69a3319c1202d89b7ffe0cfaa337196373a18a7be4e88eaf3cb059,94551989814298219546922420262373508606846045734332850859117748056636920718856,1774671300,2026-03-28 05:24:11,1.0
0f4c161f,2026-03-28 05:24:04,BTC 15m UP,UP,15m,btc-15m-1774671300-up,0.99,1.0,180,1.8000,WIN,1263.51,743.78,1.6988,0xeb514eb3a48e518213973fd26a2284dceffbf18b4dfebfa174c83aef871906f4,32902519827918617246181110301762277017105304286579303099938775529900659739285,1774671300,2026-03-28 05:34:11,1.0
a411218a,2026-03-28 05:24:50,BTC 5m UP,UP,5m,btc-5m-1774671600-up,0.99,1.0,180,1.8000,WIN,2261.19,1489.14,1.5185,0x2e5bd8abf5e0f529a43e40f0d5b7579998713b16212d8e74767b5d2534e3302a,64661372574883745392303798474262678529087340829399411597066331422874790748452,1774671600,2026-03-28 05:29:10,1.0
7979eb67,2026-03-28 05:26:39,ETH 15m UP,UP,15m,eth-15m-1774671300-up,0.99,1.0,180,1.8000,WIN,214.08,50.0,4.2816,0xb19bfb67df4804ec3f147ff1a733f27153b2efdc8ec7a1b80f969ee6884f24b7,25645757039604931294760380895095838184710368032971589590801225379557469570811,1774671300,2026-03-28 05:34:11,1.0
c387c0e2,2026-03-28 05:44:57,BTC 15m UP,UP,15m,btc-15m-1774672200-up,0.99,1.0,180,1.8000,WIN,75.77,20.25,3.7417,0x6fd4d32c5683e24801e7bcdb5b838a9191abb1327358405de4828f2cf788d696,8581038450922092198167910083936370018476295091886080553319187464454294856398,1774672200,2026-03-28 05:49:11,1.0
f9902fb9,2026-03-28 05:45:01,BTC 5m UP,UP,5m,btc-5m-1774672800-up,0.99,1.0,180,1.8000,WIN,22000.0,3220.91,6.8304,0x6eafe860e281740f317b4b6c27db30dafc9910b18b0a47501d42bcc8e9ba9019,63562929158436813591192633037394950846286780881552359223546077955883058996841,1774672800,2026-03-28 05:49:11,1.0
2368ba7d,2026-03-28 05:49:57,BTC 5m DOWN,DOWN,5m,btc-5m-1774673100-down,0.99,1.0,180,1.8000,WIN,374.29,240.49,1.5564,0x6c6dbab346c3f47a4331bd69326ecbe9fb74c4a3b7f0e0ec01828ae169102e58,14681469969802269407665244584694381975286472769958830787041730662725011619695,1774673100,2026-03-28 05:54:11,1.0
a774b667,2026-03-28 05:58:08,ETH 15m DOWN,DOWN,15m,eth-15m-1774673100-down,0.99,1.0,180,1.8000,WIN,441.65,149.86,2.9471,0x0fa8c802379d7e457bcb3a7d643f7c12c94ec00f32f7a818ca10082f04c287da,45955136484221920014018748184661374305423946873280261119733461711973293790863,1774673100,2026-03-28 06:04:11,1.0
da1c12fd,2026-03-28 05:59:45,BTC 15m DOWN,DOWN,15m,btc-15m-1774673100-down,0.99,1.0,180,1.8000,WIN,1024.83,612.24,1.6739,0x7310a083bede062b6c24d938cdc5aaf993e5ecf593df0d15d75c8d063438de6c,81690718082748992700273572943981748100241200326650448685198285332961257864479,1774673100,2026-03-28 06:02:11,1.0
9aa06b0b,2026-03-28 06:04:46,BTC 5m DOWN,DOWN,5m,btc-5m-1774674000-down,0.99,1.0,180,1.8000,WIN,4313.01,1240.23,3.4776,0x3bd7a26f959dc19fa3cb18135d374b8cfb11195ccd392e20978a5ec57cd170af,15952658859995472597167763065370002571763158117530494444928626613364786639536,1774674000,2026-03-28 06:09:11,1.0
84556a31,2026-03-28 06:11:40,ETH 15m DOWN,DOWN,15m,eth-15m-1774674000-down,0.99,1.0,180,1.8000,WIN,30.0,13.97,2.1475,0xe57c6dbb29a7116954733ab92b5be1bad64039063119eceda889594f25b37a42,1888568473415417239767792167655331278470558618265430488601567943866767504050,1774674000,2026-03-28 06:19:11,1.0
7971713d,2026-03-28 06:14:12,BTC 15m DOWN,DOWN,15m,btc-15m-1774674000-down,0.99,1.0,180,1.8000,WIN,2023.05,406.23,4.9801,0xce13471bbd279a7325e7916a9e8fcb277cb7892bfd61f3ceceb5f358ce4ce9a1,67876090425432991920177671474259113780043330526018624248086923451956646956066,1774674000,2026-03-28 06:19:11,1.0
03c5ff74,2026-03-28 06:14:56,BTC 5m UP,UP,5m,btc-5m-1774674600-up,0.99,1.0,180,1.8000,WIN,732.05,352.03,2.0795,0x1a2cef1c27c909ed5a109b1441052f1d1c3c005dddafaf7a5a02a43966e6257b,72564623978103140080083596609556668837175658156554413629698015642316356944503,1774674600,2026-03-28 06:19:10,1.0
7975aabb,2026-03-28 06:23:35,ETH 5m UP,UP,5m,eth-5m-1774675200-up,0.99,1.0,180,1.8000,WIN,351.28,28.61,12.2782,0xd3dc408b4a43ec13a217e55d16fb2a06374ac72be9dac06079fdf7d6be036c29,103435080674545680980115689121572610135743531806497643778106278276522302277984,1774675200,2026-03-28 06:29:11,1.0
048eaa5d,2026-03-28 06:24:25,BTC 15m UP,UP,15m,btc-15m-1774674900-up,0.99,1.0,180,1.8000,WIN,1684.18,659.04,2.5555,0xcc5a6d4e1c1f91a71369232f94ea2e591df4324386d913b3eca4f161780c5baf,18452503224174606261995044842463800235723762332923966615074403600781210304136,1774674900,2026-03-28 06:36:12,1.0
0f694009,2026-03-28 06:24:26,ETH 15m UP,UP,15m,eth-15m-1774674900-up,0.99,1.0,180,1.8000,WIN,404.69,175.68,2.3036,0xe158e598b0a6467eb6df0c8501a626fd50e76b216f3245487741849647a13927,59286560693735512610366381931356091220261453492745625946513934536457105232887,1774674900,2026-03-28 06:36:11,1.0
94d6a631,2026-03-28 06:39:56,BTC 5m DOWN,DOWN,5m,btc-5m-1774676100-down,0.99,1.0,180,1.8000,WIN,1192.51,683.17,1.7456,0x5b356b129c78c79dbfca1520f7348f60ef7c20a4f78d2c36588734e08120e106,22396679068685859907737188987843349954872302438980446785938270085026133987735,1774676100,2026-03-28 06:46:11,1.0
034c9fb7,2026-03-28 06:59:31,ETH 15m UP,UP,15m,eth-15m-1774676700-up,0.99,1.0,180,1.8000,WIN,76.3,47.37,1.6107,0xae2a1ea737e4d8e2a6837193c213f4339b20fae5f76dcc921668daa3a5c5a4ba,16756336284200102392980079632356084366839591532413005594237089709948558071504,1774676700,2026-03-28 07:04:11,1.0
5372360f,2026-03-28 07:14:01,ETH 15m UP,UP,15m,eth-15m-1774677600-up,0.99,1.0,180,1.8000,WIN,96.68,47.76,2.0243,0x93ae5164c1ff06f1448d24ba19335a54f008a479159acf40277fd29161222a3d,14958355313266786891891326135684277946880838786400036779959818857795892307479,1774677600,2026-03-28 07:21:12,1.0
e7d582eb,2026-03-28 07:18:23,BTC 5m UP,UP,5m,btc-5m-1774678500-up,0.99,1.0,180,1.8000,WIN,1531.99,997.36,1.5360,0xba636a0c3dbaa6082dd8a67c3a4aa640624bead5e7bc2967c764787272bca653,63688797512613818288106989249469157678850234276833033544321749425360337720661,1774678500,2026-03-28 07:24:11,1.0
443509d6,2026-03-28 07:24:10,ETH 5m DOWN,DOWN,5m,eth-5m-1774678800-down,0.99,1.0,180,1.8000,WIN,242.87,80.18,3.0291,0xfddfafd87eccaea8c16a06af1e94e12e5a4a9dcf94cea30606658f75e32f918a,6403641582717866354267938804712073016840083883740681955539327387807578458927,1774678800,2026-03-28 07:29:11,1.0
5eaf1d20,2026-03-28 07:25:14,ETH 15m UP,UP,15m,eth-15m-1774678500-up,0.99,1.0,180,1.8000,WIN,528.3,156.86,3.3680,0x60e2da739c2a8acced461d912ca8d7af5d94fbf5fd361e691775c22a723f62b6,22021641610351990915581627281968415449175997599243692395382766405792735798271,1774678500,2026-03-28 07:34:11,1.0
d39309d3,2026-03-28 07:34:57,BTC 5m DOWN,DOWN,5m,btc-5m-1774679400-down,0.99,1.0,180,1.8000,WIN,148.2,91.62,1.6176,0x0adb4961c809444c63b5e14a5e12cbc5661cc9db02d36687d8eb603ac0f69aa7,50291512426124635675618127892647962533727197907856886938847743009726250607274,1774679400,2026-03-28 07:39:11,1.0
c1843470,2026-03-28 07:44:36,ETH 15m DOWN,DOWN,15m,eth-15m-1774679400-down,0.99,1.0,180,1.8000,WIN,147.0,90.16,1.6304,0x41e3853d8899b5db8e1f32225a16c6eabf5fb6a64328fcae9c90b137f94b7325,89909984320016597246988896624805050514376674797002890873761486312383456705124,1774679400,2026-03-28 07:51:11,1.0
66619549,2026-03-28 07:49:38,BTC 5m DOWN,DOWN,5m,btc-5m-1774680300-down,0.99,1.0,180,1.8000,WIN,3028.11,1393.04,2.1737,0xddfc1480808a630515a3614305616435fe552c631fb58b8caa524b7e579568a2,50121822937118841620863248142139153923653082475033005807247452237223833736192,1774680300,2026-03-28 07:54:11,1.0
9f503ec6,2026-03-28 08:09:33,ETH 5m UP,UP,5m,eth-5m-1774681500-up,0.99,1.0,180,1.8000,WIN,346.49,213.67,1.6216,0xbd4634b6b805a8dc2996a2353591b33ce4a40633fe9abf9f22b11b1fdc1db444,76428768311188080818849841342804816546313364343660907097038751128986623642725,1774681500,2026-03-28 08:14:11,1.0
711297ea,2026-03-28 08:12:42,ETH 15m UP,UP,15m,eth-15m-1774681200-up,0.99,1.0,180,1.8000,WIN,291.09,149.85,1.9425,0x61e1ef44c8db9a3e9042141a2275278b4d50d06905f339c7017f98068d9dfe27,28999462550078646993686949778294163728378109389024387919770834994415706022086,1774681200,2026-03-28 08:21:12,1.0
6fdddb5e,2026-03-28 08:14:11,BTC 15m UP,UP,15m,btc-15m-1774681200-up,0.99,1.0,180,1.8000,WIN,1427.34,857.59,1.6644,0xf34cf10515df4307466d808676bea55fcfd7fa44ba351986eb678f03789d053a,23893733992386061388447761553904365679653077699240012709757336053070169106111,1774681200,2026-03-28 08:19:11,1.0
bc341bf9,2026-03-28 08:19:52,BTC 5m UP,UP,5m,btc-5m-1774682100-up,0.99,1.0,180,1.8000,WIN,1864.84,1129.53,1.6510,0x5aca017dffb4838eba80f8b6bc219465c83a00f205656cb9fb4d22de2fbbe0c6,108515230148206048820083591227860245073385405270795344287725398677897271395681,1774682100,2026-03-28 08:26:12,1.0
31ac8cde,2026-03-28 08:29:54,ETH 15m UP,UP,15m,eth-15m-1774682100-up,0.99,1.0,180,1.8000,WIN,80.1,50.5,1.5861,0xc86719aa39ca551054d7b7cf07c3b122b2ce0e6c5b1ed16b01c88c2f3b4ea8eb,107115410389086031166767464419673314502750995692567921927059761550180174138446,1774682100,2026-03-28 08:36:11,1.0
6c228dd9,2026-03-28 08:29:57,BTC 15m UP,UP,15m,btc-15m-1774682100-up,0.99,1.0,180,1.8000,WIN,448.45,298.04,1.5047,0x6bb3e44b55cd7b51790c40f9ec00716e8ee2fbd55672949f93de9a6343e30f90,10932877860823607365526509701188483815983496921882893535223541746176875835652,1774682100,2026-03-28 08:34:11,1.0
7bc8937a,2026-03-28 08:34:56,BTC 5m DOWN,DOWN,5m,btc-5m-1774683000-down,0.99,1.0,180,1.8000,WIN,532.51,304.19,1.7506,0x20e31e482a9db87849a238a0c2cbbfcbe2ced2d7a22e7ced4ba7555846b2991b,59730318425950896884591966028878043456248039867579395484690522004819461317026,1774683000,2026-03-28 08:39:11,1.0
d43f04ce,2026-03-28 08:44:57,BTC 15m DOWN,DOWN,15m,btc-15m-1774683000-down,0.99,1.0,180,1.8000,WIN,50.0,20.87,2.3958,0x9e3b7d87ec37a806028d02ed4b38e6a571f3efacc3db926395aa7303d8058e84,78328342192192980958151597109064550309911717263804825531806404916817076035802,1774683000,2026-03-28 08:51:11,1.0
a8a5c909,2026-03-28 08:49:48,BTC 5m UP,UP,5m,btc-5m-1774683900-up,0.99,1.0,180,1.8000,WIN,2666.95,1408.68,1.8932,0x99851b29393cebdcbeccaad28ba73c9892577048e4abb14e3ad2b06e30390bec,33886375179972445606100062993859742117650399412560730311999749545491064663102,1774683900,2026-03-28 08:56:12,1.0
6b2d36fb,2026-03-28 08:54:57,BTC 5m UP,UP,5m,btc-5m-1774684200-up,0.99,1.0,180,1.8000,WIN,1173.02,369.36,3.1758,0x7e5d497ebc1bf81261ea8aa65be934d7287a58d86b64d464dd40fd23b66104bc,59283763091531002429734991962540761847613426313125955071602294625988120990868,1774684200,2026-03-28 08:59:11,1.0
1f5b7e20,2026-03-28 08:54:57,ETH 5m UP,UP,5m,eth-5m-1774684200-up,0.99,1.0,180,1.8000,WIN,142.92,42.11,3.3940,0x5b29563c3dd561158eb3ce15ef10ec99f06b71e85513a157c4d892c524b384e7,18533668384871565649022408628748681600898383668577841876301951621523705272683,1774684200,2026-03-28 08:59:11,1.0
c17047a8,2026-03-28 08:57:01,BTC 15m UP,UP,15m,btc-15m-1774683900-up,0.99,1.0,180,1.8000,WIN,848.87,291.37,2.9134,0xb9f8b08d0d2155fe6ad446cfa676e629395ad30b65eb0c274a6554af1ed39f94,5907078903305764540390247844565005593192271017493762940194826803241517728153,1774683900,2026-03-28 09:06:11,1.0
96f60aec,2026-03-28 08:57:10,ETH 15m UP,UP,15m,eth-15m-1774683900-up,0.99,1.0,180,1.8000,WIN,367.04,169.0,2.1718,0xcb18653c1a6c9cb62d9c9c7bf480aaa256787e626c7b25d44378351bc5df4a7c,54384787939489504955723366982818446825765928673322920408015980459726999931174,1774683900,2026-03-28 09:06:11,1.0
e4c05cb3,2026-03-28 09:05:01,BTC 5m UP,UP,5m,btc-5m-1774684800-up,0.99,1.0,180,1.8000,WIN,21209.43,3758.52,5.6430,0x4dd32039e28643fb55fd04456b3f173328f47724d431ba45c6646d9f51247856,79610360594302248341506121927685170180196248785026702364538819411405082258896,1774684800,2026-03-28 09:11:11,1.0
68416d54,2026-03-28 09:09:03,BTC 5m DOWN,DOWN,5m,btc-5m-1774685100-down,0.99,1.0,180,1.8000,WIN,2343.2,1367.82,1.7131,0xcf87245cba1f36af19f1f202582e316f4da24ec9b6d43ab58899ae0413ed3e90,52703253001126607526728625948490363283749796015102772337006738997376685649244,1774685100,2026-03-28 09:14:11,1.0
275d621f,2026-03-28 09:14:23,ETH 15m DOWN,DOWN,15m,eth-15m-1774684800-down,0.99,1.0,180,1.8000,WIN,407.3,50.7,8.0335,0xac91d0ad75c72e49e81c1c50ffda6a67dbb6ff83e5d758972812cbf5bff950de,69112098621613113656754833874486961746511467188495648314244383402676033126450,1774684800,2026-03-28 09:19:11,1.0
980a9d97,2026-03-28 09:24:23,ETH 5m UP,UP,5m,eth-5m-1774686000-up,0.99,1.0,180,1.8000,WIN,198.85,15.52,12.8125,0x42f718cf8d206903691111a59e61a43601faa16f2b4f4718fb9936d8be4b2c25,2401296371189798060974888853431639318880998656937713845067761883599952154424,1774686000,2026-03-28 09:29:11,1.0
35b4e5ae,2026-03-28 09:24:55,BTC 5m UP,UP,5m,btc-5m-1774686000-up,0.99,1.0,180,1.8000,WIN,1034.37,381.84,2.7089,0xd2866f3624ac70c4cfa877e20f631c1d3ebe9466eb02dff330929e1b6e61f765,70114292532583391155084862062724230181264908357097121132268830041741426548433,1774686000,2026-03-28 09:29:11,1.0
eb270276,2026-03-28 09:34:58,BTC 5m DOWN,DOWN,5m,btc-5m-1774686600-down,0.99,1.0,180,1.8000,WIN,209.14,24.39,8.5748,0xcffc0551b01e5196acca081ff6d54f9a7867d9100bead11148c8862796582ac7,112617315788408710455105126424530457474586076743979855340517741832822994943853,1774686600,2026-03-28 09:39:11,1.0
96318b7b,2026-03-28 09:39:39,BTC 5m DOWN,DOWN,5m,btc-5m-1774686900-down,0.99,1.0,180,1.8000,WIN,1506.45,274.63,5.4854,0x28e5cd14263a5fbac08d67cb30a9c6203a1d419f13c547fc47e7541f3e04eb85,61246993416271159562316376229191587528110032615657676550891867586905128267097,1774686900,2026-03-28 09:44:11,1.0
b2060e1e,2026-03-28 09:39:55,ETH 15m DOWN,DOWN,15m,eth-15m-1774686600-down,0.99,1.0,180,1.8000,WIN,273.57,128.39,2.1308,0xc965de45eb835f229e60bf61ea4824f6ed41f9565f58256f89c6bc906916d911,76426116172461259051558794729682926725966217052150926830515356008192946045100,1774686600,2026-03-28 09:49:11,1.0
f2a4a292,2026-03-28 09:41:09,BTC 15m DOWN,DOWN,15m,btc-15m-1774686600-down,0.99,1.0,180,1.8000,WIN,1368.24,93.63,14.6133,0x531e1502f39c8a67f3d0f9460f0014cb5648bda3a6e5bd4e1d15f3037ac6b3ba,89395124217500432602767511953988552526156302242811076599326036472815952071228,1774686600,2026-03-28 09:49:11,1.0
eed88214,2026-03-28 09:54:52,BTC 5m DOWN,DOWN,5m,btc-5m-1774687800-down,0.99,1.0,180,1.8000,WIN,2740.38,761.63,3.5980,0xf271030d2d9c51f41b77927fcc39437c78dbc65b02451e33f3e19692ecc24127,65461716794636704086339772379570804645334454726599761887267290526894133274935,1774687800,2026-03-28 09:59:11,1.0
d37720bd,2026-03-28 09:57:30,ETH 15m DOWN,DOWN,15m,eth-15m-1774687500-down,0.99,1.0,180,1.8000,WIN,614.25,352.05,1.7448,0x07cb7f8d939d4b44680b9212b781baa0e99672d4832e67ad46b9144f45c4b4d6,1866370162008973699192742827242964724380491282433285614056638944504173385642,1774687500,2026-03-28 10:06:11,1.0
1771d043,2026-03-28 09:59:41,BTC 15m DOWN,DOWN,15m,btc-15m-1774687500-down,0.99,1.0,180,1.8000,WIN,1208.6,797.43,1.5156,0x1af26f3d6c0c4061ba36b06d970da895ed1a3f7173c17207ae63e7011d4d37f0,55722100758477389039621947173560925542840520904073213600324300592001711121863,1774687500,2026-03-28 10:04:11,1.0
bf110d77,2026-03-28 10:13:01,ETH 15m DOWN,DOWN,15m,eth-15m-1774688400-down,0.99,1.0,180,1.8000,WIN,548.45,173.35,3.1638,0x06f1c722f28171eecf56105193cbb62ab6737173ccff7f8ff7eb5abc76239dac,8519689901828484931321436104346861942103230841659520746621345128664148291566,1774688400,2026-03-28 10:21:11,1.0
f72c74f1,2026-03-28 10:13:50,BTC 15m DOWN,DOWN,15m,btc-15m-1774688400-down,0.99,1.0,180,1.8000,WIN,1666.89,1109.78,1.5020,0x62ce4a4bf62182f85ae6706e46073ec3b5e0ee60715042b5c761677855202bba,32478114467668537855483985447882445661158557476727923778238582401075671753560,1774688400,2026-03-28 10:19:11,1.0
1167c294,2026-03-28 10:27:35,ETH 15m UP,UP,15m,eth-15m-1774689300-up,0.99,1.0,180,1.8000,WIN,76.0,37.61,2.0207,0x83fea8fdc71d13b1541cbd88d3aa77fce2d112bebc7bb1eb7fcf2568f3279c0c,7352512146222943768209308695638314664842016258079459364803676750411517935393,1774689300,2026-03-28 10:36:11,1.0
c2c0c60d,2026-03-28 10:29:49,ETH 5m UP,UP,5m,eth-5m-1774689900-up,0.99,1.0,180,1.8000,WIN,152.29,78.75,1.9338,0xc249c583b20bc03fca24178f943127e49ea2008299ce74ba6d60d624aa47bd40,81771987223827355241154031248188439445898393839453261954314298082156181429731,1774689900,2026-03-28 10:34:11,1.0
9dc34f61,2026-03-28 10:29:55,BTC 15m UP,UP,15m,btc-15m-1774689300-up,0.99,1.0,180,1.8000,WIN,1306.61,656.15,1.9913,0x24f31a47966c4385d79e299395a05ff04fd3c388b1e7ce648f0b9068918126f5,98753589132358534776077438499604563852583169337789472957213423727139200807468,1774689300,2026-03-28 10:34:10,1.0
c9e8b5f8,2026-03-28 10:34:30,BTC 5m DOWN,DOWN,5m,btc-5m-1774690200-down,0.99,1.0,180,1.8000,WIN,1917.08,187.0,10.2518,0xb1c28b01fcf072bfebac78eb897edc5a9426c2fb598322cbfd8a7526e9404200,83214020647257827956856030428138597899011441978392000164523921873866157819251,1774690200,2026-03-28 10:41:12,1.0
d13fdf99,2026-03-28 10:34:31,ETH 5m DOWN,DOWN,5m,eth-5m-1774690200-down,0.99,1.0,180,1.8000,WIN,482.71,297.26,1.6239,0x11cef7e1cdb03d3e8cb24e32a880ebcb6a08665d56812fcd530a7ab463cc3a81,56911448058089787099011311652717088529744388509108007632092358037034961938912,1774690200,2026-03-28 10:41:11,1.0
87ce556c,2026-03-28 10:42:31,BTC 15m DOWN,DOWN,15m,btc-15m-1774690200-down,0.99,1.0,180,1.8000,WIN,943.49,603.19,1.5642,0x05dde2b655c8606a591ea35220e947db36c37e2f4d1f1ce75922bb315a838147,3000941121113626362150866693862986418770680208679097611566234509532011481225,1774690200,2026-03-28 10:47:10,1.0
0f78cdc9,2026-03-28 10:44:33,ETH 15m DOWN,DOWN,15m,eth-15m-1774690200-down,0.99,1.0,180,1.8000,WIN,148.63,89.64,1.6581,0x7dcc661c680dcae69317b8004a8044b9b24095766bcda6184c88498692480541,6565856906196732268042500741665468065062443793715559250916323399108321473816,1774690200,2026-03-28 10:51:11,1.0
1a795803,2026-03-28 10:49:57,ETH 5m UP,UP,5m,eth-5m-1774691100-up,0.99,1.0,180,1.8000,WIN,91.01,57.38,1.5861,0x49ca027d671ad7f0f8c688b8cf0af25d598a70dce49b83627d8f43275cfb7cbc,78506602571328493028343259024726456432716640081556379172410335548682256917337,1774691100,2026-03-28 10:54:11,1.0
256bb4a2,2026-03-28 10:54:53,BTC 5m UP,UP,5m,btc-5m-1774691400-up,0.99,1.0,180,1.8000,WIN,1817.62,1153.33,1.5760,0x8e8beef5e26824952b0a3adceac65c0ac85d32aaec3d2a3c1bf89611db3ac4ca,16464951424875225330417527070036284649561109343894011959680720884984778311793,1774691400,2026-03-28 10:59:11,1.0
c16ac583,2026-03-28 10:57:41,ETH 15m UP,UP,15m,eth-15m-1774691100-up,0.99,1.0,180,1.8000,WIN,410.94,186.0,2.2094,0xf47aa52401d5c70c73b5e16a89dac98c7fc3df7517cb25cc3af9981fd745c6cd,105411175505723580192630999176478891727301330533243663213947230219007291393479,1774691100,2026-03-28 11:04:11,1.0
2f6ca2eb,2026-03-28 10:58:48,BTC 15m UP,UP,15m,btc-15m-1774691100-up,0.99,1.0,180,1.8000,WIN,517.99,298.54,1.7351,0x726ed927e5892b8cc2ee99722a426b8742ffb57f8245ea53f5367ab9f114a896,15527569198301407737099359805705386672256842370149710269724330883416121579057,1774691100,2026-03-28 11:06:12,1.0
c450f70d,2026-03-28 10:59:57,ETH 5m UP,UP,5m,eth-5m-1774691700-up,0.99,1.0,180,1.8000,WIN,110.45,37.07,2.9795,0x65fd5eb9a870b3b3ade1956b7236cd910231cf626d5dee51f2c34481e1fd1a64,5477908524571972149210669113237001600810362015769493934158221179664257956714,1774691700,2026-03-28 11:04:11,1.0
9b323105,2026-03-28 11:04:03,ETH 5m UP,UP,5m,eth-5m-1774692000-up,0.99,1.0,180,1.8000,WIN,635.5,283.4,2.2424,0x10879c271efd355e5ef49a13ee67a52e3ac7f09ea55f1fdbb6f5c2d4dd1d6404,12380952670685121564215391388636831631421462546269686657208636295936617174333,1774692000,2026-03-28 11:07:11,1.0
6c0c3649,2026-03-28 11:08:23,ETH 15m UP,UP,15m,eth-15m-1774692000-up,0.99,1.0,180,1.8000,WIN,831.0,58.98,14.0895,0x96a1656f120d27616b4071d06c009752cca5fdb2eb1ffab126c9345c3dfcc68e,16176502522996000526402307710179597101739751522400099600364104858566800615029,1774692000,2026-03-28 11:19:11,1.0
8b63d3bd,2026-03-28 11:13:23,ETH 5m DOWN,DOWN,5m,eth-5m-1774692600-down,0.99,1.0,180,1.8000,WIN,905.37,432.64,2.0927,0x6a21de57edbfc3b8744faf1fcc41910bb0b6164564d9856814c0926f85d8a368,10637262220167103469227469354910336436469806870958632784805569057541550068444,1774692600,2026-03-28 11:19:12,1.0
cd065609,2026-03-28 11:14:38,BTC 5m DOWN,DOWN,5m,btc-5m-1774692600-down,0.99,1.0,180,1.8000,WIN,2752.3,1742.9,1.5791,0xeb9476abd1d33c8fdf003ccc37e1a1aa756bb8b4424625708ae7c53898dbe4f9,10745346709193783784020973814708837191161746261316397119998863939166969165091,1774692600,2026-03-28 11:19:12,1.0
e4d122ae,2026-03-28 11:23:39,ETH 5m DOWN,DOWN,5m,eth-5m-1774693200-down,0.99,1.0,180,1.8000,WIN,308.95,170.52,1.8118,0x6d90e4b34f6214d447cb45f866da4d5e7d2d70e30ab529174d560c5cd1695dc7,69911221333783647099998169407696498897320879769950928170554439771180633814571,1774693200,2026-03-28 11:27:11,1.0
693cc01c,2026-03-28 11:24:27,BTC 5m DOWN,DOWN,5m,btc-5m-1774693200-down,0.99,1.0,180,1.8000,WIN,3301.15,2154.34,1.5323,0xc67cc2003fe6cc88e44a168cc1982998dad4432495a0dd893696037c0f92d77a,23378187240294537419513946152610444882933891025991473629205061950811721105942,1774693200,2026-03-28 11:29:11,1.0
4ea29917,2026-03-28 11:26:21,BTC 15m DOWN,DOWN,15m,btc-15m-1774692900-down,0.99,1.0,180,1.8000,WIN,743.53,408.11,1.8219,0x571dc779ec5411ce7e257ce8ea19b454cc3f0bc6006428ee819c13e1918116e4,110651190628044276646846409424687266281902367555909412779087394488146891165363,1774692900,2026-03-28 11:34:11,1.0
1e736b5c,2026-03-28 11:26:24,ETH 15m DOWN,DOWN,15m,eth-15m-1774692900-down,0.99,1.0,180,1.8000,WIN,191.3,92.32,2.0721,0x6c8378fb99f0515e5fcd8a58fdeec5ddcdf2818e63f09f3083be6b9cfe19e489,78912013295939920275376874008886592584551790881922532130701693276289120216644,1774692900,2026-03-28 11:34:11,1.0
2d124b98,2026-03-28 11:28:49,BTC 5m DOWN,DOWN,5m,btc-5m-1774693500-down,0.99,1.0,180,1.8000,WIN,2245.17,1370.68,1.6380,0x56ca6853bad36e594b4f86309476d5d18063f092623319b0e5c23867c3bc98e8,10261487089107704559180594618156828066541139797041454136053327351244524803905,1774693500,2026-03-28 11:34:11,1.0
8ff2536b,2026-03-28 11:34:56,BTC 5m UP,UP,5m,btc-5m-1774693800-up,0.99,1.0,180,1.8000,WIN,838.17,341.92,2.4514,0xaa50a0d52c5f7b334ad1802b6c6132018d5ca6f8803c015e7d3bedf7525427e7,77111996650558910844706688048278772806243031067459038460373303635524510231896,1774693800,2026-03-28 11:37:11,1.0
892028f7,2026-03-28 11:39:44,BTC 5m DOWN,DOWN,5m,btc-5m-1774694100-down,0.99,1.0,180,1.8000,WIN,2418.01,194.0,12.4640,0xb06154fe55ed075c9955bab305e0e90bb1bf9c6ebeaaee863628ce23ca7873bf,25244321771682453869919703015717985631743569277828245860401808824560649643243,1774694100,2026-03-28 11:46:11,1.0
e508d28d,2026-03-28 11:44:32,BTC 5m UP,UP,5m,btc-5m-1774694400-up,0.99,1.0,180,1.8000,WIN,2063.04,1208.81,1.7067,0x45b70fd205ea55286f09902d0de10d1640786482210b4f22639b48d8a30e4129,28008569695323200366706351804104724101943775431507545532789427956106009744006,1774694400,2026-03-28 11:49:11,1.0
008a867f,2026-03-28 11:44:57,BTC 15m UP,UP,15m,btc-15m-1774693800-up,0.99,1.0,180,1.8000,WIN,31.67,12.53,2.5275,0x8ab1da9e36ccac510daf633cfc7b7c306bee5f4cf4d2f5cc748c9ab6b6735202,19618478980576773615761554622031543292749114287116770155632639655249686374421,1774693800,2026-03-28 11:49:11,1.0
c13ff0e7,2026-03-28 11:54:55,BTC 5m UP,UP,5m,btc-5m-1774695000-up,0.99,1.0,180,1.8000,WIN,2420.78,1018.09,2.3778,0x278358f456c4b75abcc3f0f8c979307eb45cd04b2317bb3650f801254dce4f86,24458302271543146335370139175239841232833514350041138120578227600903816097587,1774695000,2026-03-28 11:59:11,1.0
d6edb3de,2026-03-28 11:57:24,ETH 15m UP,UP,15m,eth-15m-1774694700-up,0.99,1.0,180,1.8000,WIN,618.76,410.38,1.5078,0x8d9aaad8e2d2bb683bd5dd57f09d419f0a0a991527956eb147813253a0516210,95015678392108779924779354549715711087553188154943837500785187431637196432937,1774694700,2026-03-28 12:04:11,1.0
906bcbfc,2026-03-28 12:04:57,ETH 5m UP,UP,5m,eth-5m-1774695600-up,0.99,1.0,180,1.8000,WIN,141.0,68.56,2.0566,0x6e1164f7992312b1e7bb6047399468c9601fd3f85290a44f9e4dbf123ba69d5e,79104041288525897112814088537989162047841860801452101390236161197831169429217,1774695600,2026-03-28 12:09:11,1.0
f881ec77,2026-03-28 12:14:57,BTC 15m UP,UP,15m,btc-15m-1774695600-up,0.99,1.0,180,1.8000,WIN,388.59,55.98,6.9416,0xfcf346be7daa1df3337d4f0300645e207012eca8b2de80a86781088e890bad2e,30549330543590437350694026572778465314447186477235543126236202681752209693516,1774695600,2026-03-28 12:21:11,1.0
0c2de395,2026-03-28 12:24:54,BTC 5m UP,UP,5m,btc-5m-1774696800-up,0.99,1.0,180,1.8000,WIN,1511.77,789.11,1.9158,0x2eedb7c968ec1ade7f5f56d5ff5ccf14332f3569c615ba3baf084f5a73544230,63009579550080281066868969309057650715379848925882444921661350791303679182390,1774696800,2026-03-28 12:29:11,1.0
40c44c16,2026-03-28 12:28:38,BTC 15m UP,UP,15m,btc-15m-1774696500-up,0.99,1.0,180,1.8000,WIN,1975.38,952.95,2.0729,0x63765f648b95c3fd8fa8227db0b2dd49d1e57092f85f3d9e78f7007a32c1b148,65785200098460151369515499282288516731629706341559160132986997587510308610985,1774696500,2026-03-28 12:34:11,1.0
250e835c,2026-03-28 12:40:01,ETH 5m UP,UP,5m,eth-5m-1774697700-up,0.99,1.0,180,1.8000,WIN,8299.0,1950.05,4.2558,0x791ad52e3d0023151943fafd710754412b1d2228e223f6a7735c0745b18a11d9,11409912016437661832004657307582442533508981193777814201577768059343183778658,1774697700,2026-03-28 12:46:12,1.0
e8849a36,2026-03-28 12:44:59,BTC 5m DOWN,DOWN,5m,btc-5m-1774698000-down,0.99,1.0,180,1.8000,WIN,153.04,95.94,1.5952,0x61cf61025ec11bdd238dda984015e72d720d1665f7a226a9bfe759ea602dd94d,99318832383746034696508878113137032275753060827403313450496680606012359152216,1774698000,2026-03-28 12:49:11,1.0
a3ffc1e1,2026-03-28 13:09:55,BTC 5m UP,UP,5m,btc-5m-1774699500-up,0.99,1.0,180,1.8000,WIN,1029.66,284.81,3.6153,0x0891cc5cac0c9b512fdfad4ae3f988ca4b8d011f8313b88c49a24dbec1dce6e5,1645489108665959690261646637408996141917286456076632447628701926152250483311,1774699500,2026-03-28 13:12:11,1.0
83024c04,2026-03-28 13:13:18,ETH 15m UP,UP,15m,eth-15m-1774699200-up,0.99,1.0,180,1.8000,WIN,466.3,163.59,2.8504,0xf4608abd72cceae2dc9f476e0938873825eeac5c37a76e2120aef2029b0af40d,15342031660272887304253393265751355009829613559003178170559000886186826131818,1774699200,2026-03-28 13:19:11,1.0
707f234d,2026-03-28 13:13:49,BTC 15m UP,UP,15m,btc-15m-1774699200-up,0.99,1.0,180,1.8000,WIN,3359.49,2074.56,1.6194,0xc63326a7dd80f26a6d4f845677054e4e9648b60b86326babace92063f0e7e1c8,85705877060148196654199559160820549545464475203641404931424767605141577546485,1774699200,2026-03-28 13:17:11,1.0
a2d40ff1,2026-03-28 13:14:30,BTC 5m UP,UP,5m,btc-5m-1774699800-up,0.99,1.0,180,1.8000,WIN,1627.65,944.94,1.7225,0xe676c2a691c2b96f3983f655d357d84f97d6686d164dd109db4c29f8d7f734ce,69492730075670456539495264014189796699025627917692854500519070291488874729025,1774699800,2026-03-28 13:17:10,1.0
7f8a83dd,2026-03-28 13:18:12,BTC 5m UP,UP,5m,btc-5m-1774700100-up,0.99,1.0,180,1.8000,WIN,4385.33,1819.31,2.4104,0x3c83c4a2a18baac8c5c96e5071f7ca4975bd73801e45b61dcacafe53ad383408,73660318044759569386722059451176495936613432801998799279369608754169824467049,1774700100,2026-03-28 13:24:11,1.0
7e21419c,2026-03-28 13:24:26,BTC 5m DOWN,DOWN,5m,btc-5m-1774700400-down,0.99,1.0,180,1.8000,WIN,3221.13,1632.4,1.9732,0x9375272f8679ec3939b61acd5ea89bcc20de0b622c7826ca58a05649b929b8d4,40647995183527287410377348126247450285475345344924935095851650308366907142945,1774700400,2026-03-28 13:31:12,1.0
5e2e5cb0,2026-03-28 13:29:22,BTC 15m UP,UP,15m,btc-15m-1774700100-up,0.99,1.0,180,1.8000,WIN,2026.13,1293.42,1.5665,0xfb633f43f8db5a4f8d4b1314a9a6350c1f906742bb2976c685bb2cfa72525328,65962700326387576410966933089348737803066148069360271976918205134789028381673,1774700100,2026-03-28 13:34:11,1.0
d5f6670f,2026-03-28 13:34:16,BTC 5m DOWN,DOWN,5m,btc-5m-1774701000-down,0.99,1.0,180,1.8000,WIN,3667.25,2411.66,1.5206,0xbe1813b68a08b6b56b66b385fd6cc6deea12e8a2e7c4d8a7d7440778f0e08f78,82607669782678191154626105579348425006493468436490279594808278788285075471450,1774701000,2026-03-28 13:39:11,1.0
9008a71e,2026-03-28 13:36:18,ETH 15m DOWN,DOWN,15m,eth-15m-1774701000-down,0.99,1.0,180,1.8000,WIN,901.9,560.16,1.6101,0x1a88ee86a40b6738b6380841033823d1b52b8481569b412c21f8adeb7132c75e,44350800986288328578776396239997728114445134831749719727982604845857628862522,1774701000,2026-03-28 13:49:11,1.0
24bbef26,2026-03-28 13:39:56,BTC 5m DOWN,DOWN,5m,btc-5m-1774701300-down,0.99,1.0,180,1.8000,WIN,2017.92,1041.36,1.9378,0xff51916c495398858d77c26e9bce29119f6e7c6c24b49a33b62f002139a4176b,96719755785257479830036467847560984782935099579698203318055085982483940178810,1774701300,2026-03-28 13:44:11,1.0
326eb696,2026-03-28 13:40:53,BTC 15m DOWN,DOWN,15m,btc-15m-1774701000-down,0.99,1.0,180,1.8000,WIN,638.58,411.0,1.5537,0x740cf49673094286d2a3601a6470ae120429cec0469fca227b8cac751ca1a79f,73572092935164143784201206518181979650026484948580296701991716935610545264865,1774701000,2026-03-28 13:47:11,1.0
28f4dbcb,2026-03-28 13:44:34,ETH 5m UP,UP,5m,eth-5m-1774701600-up,0.99,1.0,180,1.8000,WIN,775.2,493.82,1.5698,0x5e4d1219e6eade9f0917a0546fab0c5c335588607494dd9a48eeb256c1486403,50403770213757567476525186815722151898269012803818282457391915017162273379771,1774701600,2026-03-28 13:51:11,1.0
f6d80f3e,2026-03-28 13:49:10,ETH 5m UP,UP,5m,eth-5m-1774701900-up,0.99,1.0,180,1.8000,WIN,1031.39,354.21,2.9118,0x1461d6300d7b9cf33903d6122624cc445d78c6d49bf8512148745b230d678956,97056542994565802074236022533251736530548471906931612663540217572702602365631,1774701900,2026-03-28 13:56:11,1.0
c4671b0c,2026-03-28 13:53:39,ETH 15m UP,UP,15m,eth-15m-1774701900-up,0.99,1.0,180,1.8000,WIN,222.59,89.37,2.4907,0x92dc6fa2ef313cb1daef547316dd95271fabec1f105ae2e9bd36c2df0482b5de,41552161865428972192179762169965931242754241033055301239396093528850812965776,1774701900,2026-03-28 14:04:11,1.0
a3d6a500,2026-03-28 13:59:57,ETH 5m DOWN,DOWN,5m,eth-5m-1774702500-down,0.99,1.0,180,1.8000,WIN,91.0,33.25,2.7368,0xbd345ec08f7e1b4458c15812383055cfd1f4f4592f31aa19dec658d929b13695,82509390488813028046372723516051389257775002039615102398904277194221740255162,1774702500,2026-03-28 14:04:11,1.0
ea2f58f7,2026-03-28 14:04:56,BTC 5m UP,UP,5m,btc-5m-1774702800-up,0.99,1.0,180,1.8000,WIN,2141.02,1197.26,1.7883,0xd717044631b38ca3fb1905398e91301ea6aa4b9e5fa5baea08789af77e51df12,68322496071342050335855306513344813154353951140212587448260936155081926892192,1774702800,2026-03-28 14:09:11,1.0
69b96638,2026-03-28 14:14:22,BTC 15m UP,UP,15m,btc-15m-1774702800-up,0.99,1.0,180,1.8000,WIN,1498.38,831.24,1.8026,0xac14b2edea7e70d3b3b8b4d6a1a5acf8fd1b0c4099d106c9dbb070dbdb02e6cf,32677331793768504990559863966741399780662665631448265779832758151215122125434,1774702800,2026-03-28 14:21:11,1.0
10ecd7f9,2026-03-28 14:20:01,BTC 5m DOWN,DOWN,5m,btc-5m-1774703700-down,0.99,1.0,180,1.8000,WIN,22225.0,3144.5,7.0679,0xe4cdc7742e9abe0a379beb0bfd3a95df93d20a4f9e9a4b3b0373af24f4554adc,19429705038796106616182354277017544495591551218921629387904908721444526690088,1774703700,2026-03-28 14:24:11,1.0
3f1a58bc,2026-03-28 14:24:49,BTC 5m DOWN,DOWN,5m,btc-5m-1774704000-down,0.99,1.0,180,1.8000,WIN,2905.69,1416.12,2.0519,0xb9c149222ce3b43f9643897ce029d5ee99630446b41cc1a98d80719436da9086,61414753485273392086501322936133534136465112121177100508188431855234587394568,1774704000,2026-03-28 14:27:11,1.0
6873257a,2026-03-28 14:24:52,ETH 5m UP,UP,5m,eth-5m-1774704000-up,0.99,1.0,180,1.8000,WIN,209.78,120.32,1.7435,0x91e5c8c3e3943bdbfd9559d1399910c25d8f0200151b8e0fc7c35a5ad31f9a4e,79971328998610970269283139599584157121014660522325937840132663304189958690053,1774704000,2026-03-28 14:29:11,1.0
9f565d9a,2026-03-28 14:29:05,BTC 15m DOWN,DOWN,15m,btc-15m-1774703700-down,0.99,1.0,180,1.8000,WIN,1274.43,761.52,1.6735,0x0128ea0d1dfb1313d02a8342b0a32e9494c74848192455527894c15b8840a692,58638222694771871513110962500849343025428196503173770414776632457677235622908,1774703700,2026-03-28 14:34:11,1.0
3420949e,2026-03-28 14:29:58,BTC 5m UP,UP,5m,btc-5m-1774704300-up,0.99,1.0,180,1.8000,WIN,62.44,24.64,2.5341,0xd2f2743b17ac90b1c1439c38b68d46946b37bac54a6b28f24c26ecf86874c078,4043311934670811990852061654934649726356625044478051728914524385522062530817,1774704300,2026-03-28 14:34:11,1.0
ab965b0a,2026-03-28 14:32:55,BTC 5m UP,UP,5m,btc-5m-1774704600-up,0.99,1.0,180,1.8000,WIN,698.96,57.12,12.2367,0x90b619802c1d8dda9995868754007a8edd84e945d05fccad852affcd6f45afce,84561615453437083226657840219807129056424178056771081092933605184557341813797,1774704600,2026-03-28 14:39:11,1.0
cced548a,2026-03-28 14:37:11,BTC 15m UP,UP,15m,btc-15m-1774704600-up,0.99,1.0,180,1.8000,WIN,6502.9,3447.03,1.8865,0x6397e3abe64a640dbd4a52e7c4e9d20605a110e5298a86c5d7caa0051ad945b1,47125089525200543866688809470952734679608832310809123658470176190181961647693,1774704600,2026-03-28 14:49:11,1.0
52b34b39,2026-03-28 14:39:17,BTC 5m UP,UP,5m,btc-5m-1774704900-up,0.99,1.0,180,1.8000,WIN,4552.07,1600.22,2.8447,0x6c898c332509d70a7ec92feab51288e058c48e3e90d3492579222689e3ceb852,12443043547464982441190941872078258089442480952319333344124547128302614656123,1774704900,2026-03-28 14:46:11,1.0
432ae3d6,2026-03-28 14:40:11,ETH 15m UP,UP,15m,eth-15m-1774704600-up,0.99,1.0,180,1.8000,WIN,133.16,63.11,2.1100,0x1265e87f6d18a31d2709cf15f06006cca4ed8335ca9b1af21976cf371a2b6976,98460330212281482947672908090139583201963299026695930888209101096380467611671,1774704600,2026-03-28 14:49:11,1.0
1d9e675e,2026-03-28 14:41:58,BTC 5m UP,UP,5m,btc-5m-1774705200-up,0.99,1.0,180,1.8000,WIN,8115.73,2881.53,2.8165,0x3db02e8904fea503c63cc9c9fdfdabfb2f804790572581d0b6f2878ce773ec29,36767974477549558702342800359754603583241069464920793070113699326199214201561,1774705200,2026-03-28 14:49:11,1.0
517d0cf8,2026-03-28 14:42:10,ETH 5m UP,UP,5m,eth-5m-1774705200-up,0.99,1.0,180,1.8000,WIN,1699.58,499.0,3.4060,0x42b7d92694c431c9fe92dfed761d0e06ed4c66e0e634e9268e173240e1aff191,51087989610915388978947062277601873000100445833353249463322639566863924248512,1774705200,2026-03-28 14:49:11,1.0
33fddb81,2026-03-28 14:49:51,BTC 5m DOWN,DOWN,5m,btc-5m-1774705500-down,0.99,1.0,180,1.8000,WIN,2356.49,1457.62,1.6167,0x4928578d7e27a45254871fe0f30ca4a3d5888b38c0b1542ccdcafc67d808e8d0,83051351434500093088130377171364876531344458995312707665377742529621529615030,1774705500,2026-03-28 14:54:11,1.0
dae6605f,2026-03-28 14:57:04,BTC 15m DOWN,DOWN,15m,btc-15m-1774705500-down,0.99,1.0,180,1.8000,WIN,1342.99,601.53,2.2326,0xb458bcf2158f9c0ea1d7711525535a433f41f07dc5d2a1d1b674b47ff2cd06e8,101175246457553735480134421666343492591145567977504967378847682587345951807852,1774705500,2026-03-28 15:04:10,1.0
dc5027b6,2026-03-28 14:59:27,ETH 15m DOWN,DOWN,15m,eth-15m-1774705500-down,0.99,1.0,180,1.8000,WIN,25.0,9.34,2.6767,0x77037718d5000bf31f8175c7a73e74b47569a3629f7c08da8a03ead6e4036fb5,86640979575324112955536649075446236260085129420249383447028729696432152782302,1774705500,2026-03-28 15:02:11,1.0
7bd0c20a,2026-03-28 14:59:57,BTC 5m DOWN,DOWN,5m,btc-5m-1774706100-down,0.99,1.0,180,1.8000,WIN,763.88,326.34,2.3407,0x44553b65a931e39d487f2afd6f30d95d613f4bcbf53d29e753a6e21fcb01fcbc,23279043001046882116649594996246382735856120362432741896637994479793193974824,1774706100,2026-03-28 15:02:11,1.0
ab42fe8b,2026-03-28 15:03:55,ETH 5m DOWN,DOWN,5m,eth-5m-1774706400-down,0.99,1.0,180,1.8000,WIN,103.0,66.78,1.5424,0x6b5ef747cf16832a42d79f4a7f2486d0b9b5bdf5bce44a461e663f71d1614817,46071900716170991519734965672150835658563307834018267186608778509567119158320,1774706400,2026-03-28 15:09:11,1.0
ce8928c4,2026-03-28 15:24:49,BTC 5m UP,UP,5m,btc-5m-1774707600-up,0.99,1.0,180,1.8000,WIN,2362.56,1349.3,1.7510,0x600bc00dbbef8974806d908871b204b6e4559dfdc98fcfa3bc8c5de6f7aebdfd,106727347679237638839324538761775735009293836035746158311492068195886449810954,1774707600,2026-03-28 15:29:11,1.0
f9af97be,2026-03-28 15:29:41,BTC 15m UP,UP,15m,btc-15m-1774707300-up,0.99,1.0,180,1.8000,WIN,1485.81,913.6,1.6263,0x45bd1284a93f68975662e712085f5fa347f9b3c5b18758e1b0dbe926cb691537,67406555731368378483895054883441037694801225022803758087743436871122216720490,1774707300,2026-03-28 15:36:12,1.0
10db83a4,2026-03-28 15:29:43,ETH 15m UP,UP,15m,eth-15m-1774707300-up,0.99,1.0,180,1.8000,WIN,402.32,140.25,2.8686,0x8f0b9d8ac629adfe37216263bba31bc2f5d354f052c95291730c027c2b488731,82128912561564670213663618385141792167120526484867818365512048856474649286101,1774707300,2026-03-28 15:34:11,1.0
352166fc,2026-03-28 15:29:56,BTC 5m DOWN,DOWN,5m,btc-5m-1774707900-down,0.99,1.0,180,1.8000,WIN,86.67,16.4,5.2848,0xa402352f7bfca8dc975e60d6f1db5afcd2e4cc5545e4e93a2c47aa9aee2b3b8c,73743383214895547523422855347280531971495067367261747584179463699895495404181,1774707900,2026-03-28 15:36:12,1.0
88c2e093,2026-03-28 15:39:18,ETH 5m DOWN,DOWN,5m,eth-5m-1774708500-down,0.99,1.0,180,1.8000,WIN,150.64,93.27,1.6151,0x49974a5e3e93384beadd34fbdf24d6b1ddefbe02b084eab3855a85f072ff07bf,5121346467391678836406579113602988494344821345443277821944933045984088909007,1774708500,2026-03-28 15:44:11,1.0
eef9b689,2026-03-28 15:43:03,BTC 5m UP,UP,5m,btc-5m-1774708800-up,0.99,1.0,180,1.8000,WIN,6527.46,4304.3,1.5165,0x4a76cd29e572e718964fcdcbcd792c04a499f47500da67b47f7288416b4350a9,82509026482826922409814613054971277315825476927869739725319737060174106094568,1774708800,2026-03-28 15:49:11,1.0
97354b18,2026-03-28 15:43:08,BTC 15m UP,UP,15m,btc-15m-1774708200-up,0.99,1.0,180,1.8000,WIN,2109.1,1404.42,1.5018,0x094aecc8e2ad9ee96c7d854edbc352a90e37982dad60ea8608f282a7ca62832a,41063533115510086212682179703618459857598121278482028437344587311340207796543,1774708200,2026-03-28 15:49:11,1.0
e2bac00a,2026-03-28 15:44:20,ETH 5m UP,UP,5m,eth-5m-1774708800-up,0.99,1.0,180,1.8000,WIN,371.36,228.31,1.6266,0x0c460febaae82d98e83db1f73b22d61ea01e841a63681dee2d4db3c19b537c4a,58545796233695747559801689793001660964792464350573658815422245771686445419747,1774708800,2026-03-28 15:49:11,1.0
9adb668d,2026-03-28 15:44:43,ETH 15m UP,UP,15m,eth-15m-1774708200-up,0.99,1.0,180,1.8000,WIN,339.7,214.76,1.5818,0xac3b81b6ea862f0a81eb3d4b9918742b8e9aef4b18bcf15305b28406324f7331,13422302934430105630848381741392060948513240380099358700314956990100971259288,1774708200,2026-03-28 15:49:11,1.0
1bbde474,2026-03-28 15:49:58,ETH 5m DOWN,DOWN,5m,eth-5m-1774709100-down,0.99,1.0,180,1.8000,WIN,13.1,3.46,3.7861,0x03879fc09329b8a827374786231147fa6c42a0203470ca1b6e79f87857dfec04,35468097483354961214082713503278227695440386407505157758213055879170455055099,1774709100,2026-03-28 15:52:11,1.0
73e653a1,2026-03-28 15:53:36,BTC 5m DOWN,DOWN,5m,btc-5m-1774709400-down,0.99,1.0,180,1.8000,WIN,2970.35,1794.54,1.6552,0x55c9c8970608e6df208600309aa1041c6986166535135f2bf683dba1953f5d85,23091204496193035054558232192905676954476404717517803052254483522782633136842,1774709400,2026-03-28 15:59:11,1.0
0abeb7ff,2026-03-28 15:54:24,ETH 15m DOWN,DOWN,15m,eth-15m-1774709100-down,0.99,1.0,180,1.8000,WIN,468.0,295.27,1.5850,0x36f3de8d2556c4e17e83e7fa1f496498a56caa3894054ac336803e159da1fdba,51918394952882893459471310054099242298982856312633601798861440773938928023867,1774709100,2026-03-28 16:04:11,1.0
c935df4c,2026-03-28 15:54:54,BTC 15m DOWN,DOWN,15m,btc-15m-1774709100-down,0.99,1.0,180,1.8000,WIN,1756.31,1096.24,1.6021,0xe6eef5639549478ddee76e0f96bd71a14bd792a710af2237648fa87e107d611a,30101311218485928621731938871150642065421805849856463652701977276894028015601,1774709100,2026-03-28 16:06:12,1.0
836ada4d,2026-03-28 15:59:50,BTC 5m UP,UP,5m,btc-5m-1774709700-up,0.99,1.0,180,1.8000,WIN,2488.46,1328.98,1.8725,0xfbc10a5e74e266cacba79fd48f70355690698574883feb2ad5e0827aef58c052,67584929471303730974266696731552839504685833181501877275173258930851402007275,1774709700,2026-03-28 16:06:12,1.0
ae5771cd,2026-03-28 16:12:28,BTC 15m UP,UP,15m,btc-15m-1774710000-up,0.99,1.0,180,1.8000,WIN,2236.12,1431.16,1.5625,0xa724640ebb46c7ab2195d695a5acffb606f456ba904080f73fafb6d644161eea,47932460196015436443988218814721385508011147471509667222512249379179002387502,1774710000,2026-03-28 16:19:11,1.0
2bc6172d,2026-03-28 16:13:29,ETH 5m UP,UP,5m,eth-5m-1774710600-up,0.99,1.0,180,1.8000,WIN,296.65,84.02,3.5307,0xe7c10ac79f58fd492421dd693673f591b84e3c4b81f457f6d8c7772bb449141d,63249968256182522722174368880690882989005327625620664605508684475037330625330,1774710600,2026-03-28 16:21:12,1.0
b7c02395,2026-03-28 16:13:46,BTC 5m UP,UP,5m,btc-5m-1774710600-up,0.99,1.0,180,1.8000,WIN,2537.54,1548.94,1.6382,0x5ed595d55847f2ffd7ba9c6aff5b8e7a2829a391629fa2ed31608bc83e4fc34d,51989206130147661785041034629501538769087272970041073574823410985967392020241,1774710600,2026-03-28 16:19:12,1.0
de858290,2026-03-28 16:14:37,ETH 15m UP,UP,15m,eth-15m-1774710000-up,0.99,1.0,180,1.8000,WIN,365.0,116.76,3.1261,0x3cd59a4c6588f6e287b6012c921829d5f0e75702059ee7ab5fa965d8867f70fa,104962258090119937338800316383725215362528688287412224599071324493796344251904,1774710000,2026-03-28 16:19:11,1.0
eff91c90,2026-03-28 16:17:05,BTC 5m UP,UP,5m,btc-5m-1774710900-up,0.99,1.0,180,1.8000,WIN,6844.29,4450.63,1.5378,0x492ede69c129a1b2bffdc6dd2aed525e48358e63ba991cf72295165a713599a9,30963477283608688540506097413211833470644751991604927746860313284990367519401,1774710900,2026-03-28 16:24:11,1.0
d9c3bea4,2026-03-28 16:18:02,ETH 5m UP,UP,5m,eth-5m-1774710900-up,0.99,1.0,180,1.8000,WIN,641.73,301.85,2.1260,0x04e06bff5d2eb787e91e2c6c0c9ce40a7f7302accc9723b4cf7a0cdf12b14edd,103004756983981673060941680659292005911785523371723785422783204593866771541718,1774710900,2026-03-28 16:24:11,1.0
b69165fa,2026-03-28 16:23:05,BTC 15m UP,UP,15m,btc-15m-1774710900-up,0.99,1.0,180,1.8000,WIN,1187.47,717.75,1.6544,0xa8067837a3cd4edaef97c899f301bf733c99b35e5e1dcd2a3d6cf722f44cc9cb,15210299490177342722356976368343364894818248407851689419525636205355608681073,1774710900,2026-03-28 16:34:11,1.0
eb6e57e7,2026-03-28 16:23:18,BTC 5m UP,UP,5m,btc-5m-1774711200-up,0.99,1.0,180,1.8000,WIN,6722.53,4299.39,1.5636,0xfef6c0e7303d9a4765ab1c67aebf7b9a52513fb9488f5661bcc727b12b500d49,50214279964045368332695059801413197025043179407418047617383963897184441778932,1774711200,2026-03-28 16:29:11,1.0
008f200e,2026-03-28 16:23:25,ETH 5m UP,UP,5m,eth-5m-1774711200-up,0.99,1.0,180,1.8000,WIN,349.12,110.15,3.1695,0x3cddb8bf5b29287cb2e7df6b1be58bb4429db38b2c1c417e9fca7397f948860d,38447207422284962675760552142342925596401709051015664590711462283424412314294,1774711200,2026-03-28 16:31:11,1.0
72decd89,2026-03-28 16:24:06,ETH 15m UP,UP,15m,eth-15m-1774710900-up,0.99,1.0,180,1.8000,WIN,260.04,53.97,4.8182,0x5453cd66d5409d85b22efdebb428d126a599e81fa44a86e67bfc504d1c03f0e6,85254533904127909119047835933059990721565461564780849350678587642257033245097,1774710900,2026-03-28 16:34:11,1.0
2db51d36,2026-03-28 16:27:54,ETH 5m DOWN,DOWN,5m,eth-5m-1774711500-down,0.99,1.0,180,1.8000,WIN,380.47,213.92,1.7786,0xce50ea97f651fcb83748fcb8fcef0ca907f6e43e98424b5c259fc5e37739b1f4,32141371686310397606008446915106238426022170753799292437343637462530580202909,1774711500,2026-03-28 16:34:11,1.0
97a0ef91,2026-03-28 16:28:20,BTC 5m DOWN,DOWN,5m,btc-5m-1774711500-down,0.99,1.0,180,1.8000,WIN,2672.36,1766.41,1.5129,0xdaddc4ca04e8db355d21f51da768afe6d8f24f36e881235a3de28f1a70d91010,41111700004177685894052520172097993904909140084915476275441207818772719728844,1774711500,2026-03-28 16:34:11,1.0
ab4c5bc7,2026-03-28 16:34:22,BTC 5m UP,UP,5m,btc-5m-1774711800-up,0.99,1.0,180,1.8000,WIN,628.82,311.77,2.0169,0xc43a7a16b6e75273abe32e8d0246877942c38eafd643dab80dbe9b3a0f6abf66,45296958530296170115375468505235686034300951220445737910068716265903057221876,1774711800,2026-03-28 16:39:11,1.0
35e4215f,2026-03-28 16:39:17,ETH 5m DOWN,DOWN,5m,eth-5m-1774712100-down,0.99,1.0,180,1.8000,WIN,301.8,151.32,1.9944,0x0000a88669414db147c483f6cc1f74060d2fe89831b9fb6bf46857de98e78df7,15283550660172120708805137126841540609327174582116556119751000759343554716438,1774712100,2026-03-28 16:44:12,1.0
7507c903,2026-03-28 16:39:39,BTC 5m DOWN,DOWN,5m,btc-5m-1774712100-down,0.99,1.0,180,1.8000,WIN,2412.63,845.58,2.8532,0xbfcf8f5c32b5306b9fa70d29daec402d4b90174cc5735e39056a7ff5a5352f78,91334855743402027499308941182110306187895497866945333483095219908038788632358,1774712100,2026-03-28 16:46:11,1.0
7e56d6d3,2026-03-28 16:44:25,ETH 5m UP,UP,5m,eth-5m-1774712400-up,0.99,1.0,180,1.8000,WIN,177.41,12.01,14.7719,0x23961386d262e41656837c9825ba01fa0382645fc63adb7b59e301b8409b8953,108594728571871022980833399150786839450875906442238646073230100613407917529769,1774712400,2026-03-28 16:51:12,1.0
973dcae2,2026-03-28 16:44:57,BTC 5m DOWN,DOWN,5m,btc-5m-1774712400-down,0.99,1.0,180,1.8000,WIN,493.01,195.61,2.5204,0x7eb8822284801bb5885fde76575138a2d1ca84ddb4aeb764e20902f56b4390ca,14960370529979998853747841859287132899259010303272909763257356860191117708857,1774712400,2026-03-28 16:49:11,1.0
894583aa,2026-03-28 16:49:34,ETH 5m DOWN,DOWN,5m,eth-5m-1774712700-down,0.99,1.0,180,1.8000,WIN,147.69,42.0,3.5164,0xb505fbd2be0e2440dbfd40f07f57d6862dd0f55b043550e6097f045ce3a36265,606748135501278824354324953733152578179329265650066727233574337559412984835,1774712700,2026-03-28 16:54:11,1.0
f37b819a,2026-03-28 16:49:45,BTC 5m DOWN,DOWN,5m,btc-5m-1774712700-down,0.99,1.0,180,1.8000,WIN,2375.08,1412.0,1.6821,0x14c7c0ef592719d0cc0658317c0e087e25cbf8d1da07e32ffb5c1ef59b0123a6,64366951218698049344215005817409945019095578595976417330841514885234719358832,1774712700,2026-03-28 16:54:11,1.0
daf64b37,2026-03-28 16:56:31,ETH 15m DOWN,DOWN,15m,eth-15m-1774712700-down,0.99,1.0,180,1.8000,WIN,47.0,20.0,2.3500,0x6f7834e3299665ff3e90c4bd1803f70497666000471e87d6becc7d4edeac042a,114126997145174284816948016937695661846196768602799233935240156759257024455509,1774712700,2026-03-28 17:06:11,1.0
00322afe,2026-03-28 16:57:19,BTC 15m DOWN,DOWN,15m,btc-15m-1774712700-down,0.99,1.0,180,1.8000,WIN,1492.37,778.86,1.9161,0xa2b32aca3603cec00aa6e021e1297d3ff06de6519f94cba4e9d813f19ab1988e,95905628345605416517880204147000693039602689546928659087479017150060178700538,1774712700,2026-03-28 17:04:11,1.0
bc8a323f,2026-03-28 16:59:45,ETH 5m UP,UP,5m,eth-5m-1774713300-up,0.99,1.0,180,1.8000,WIN,114.41,47.0,2.4343,0xd1029e72113b703cacdba8a483cc0526196ef92b6d593c603e237c4c89b7c8d7,50922965344756431176665463063044658307415420525576528140262944033851251550580,1774713300,2026-03-28 17:06:12,1.0
fd80993f,2026-03-28 16:59:58,BTC 5m UP,UP,5m,btc-5m-1774713300-up,0.99,1.0,180,1.8000,WIN,81.26,6.75,12.0385,0x43478d6213c80ef2656f47a23730275d93804181f3257a35f1f3e39d50214c43,4310507314374606608649759322446461237314218581519849685448628190314570044483,1774713300,2026-03-28 17:04:11,1.0
13c67a38,2026-03-28 17:04:19,BTC 5m DOWN,DOWN,5m,btc-5m-1774713600-down,0.99,0.0,180,-178.2000,LOSS,1713.2,408.93,4.1895,0x1e5a016db31df762d1ce625df2de912dcb079752213652775cf2e670b98c4c54,34251324044665489261923647610184195079571453659947246658900883576983845251872,1774713600,2026-03-28 17:09:11,0.0
dfea5343,2026-03-28 17:09:15,BTC 5m UP,UP,5m,btc-5m-1774713900-up,0.99,1.0,180,1.8000,WIN,1034.58,676.15,1.5301,0xc0c80a2daf1792cba96052d71a600a4c154464fb30f5e22a47b7cd90648cc96c,108499383764954974733744382705567198452445630997979419359082489975045430616744,1774713900,2026-03-28 17:16:12,1.0
5d449197,2026-03-28 17:14:44,ETH 15m UP,UP,15m,eth-15m-1774713600-up,0.99,1.0,180,1.8000,WIN,416.46,101.34,4.1095,0xd010d86e6e448eb19a954ee6fd98fb4fab26d8f698f6725984584a52831e5a18,78667056141423389730261333323059505270269020927243008648009744139947311229447,1774713600,2026-03-28 17:21:11,1.0
da6e8ed3,2026-03-28 17:19:39,BTC 5m UP,UP,5m,btc-5m-1774714500-up,0.99,1.0,180,1.8000,WIN,2557.25,1011.84,2.5273,0x8a3ae13761f6fe5d0af348cdb67e5c9de4f9a1681fb1c071e3d6d088cb32a925,49285845818325731855866447866350606067247036932596590988132423825039030595213,1774714500,2026-03-28 17:24:11,1.0
a57d7cb9,2026-03-28 17:29:03,BTC 15m UP,UP,15m,btc-15m-1774714500-up,0.99,1.0,180,1.8000,WIN,1028.45,576.35,1.7844,0x12f5b0bbfd97dd407137efcd171f4df93d26cdf05a1f5fb265dd6692b768e9d0,113974528559842210351296959391173788180162720213985527192008420680429836237808,1774714500,2026-03-28 17:36:12,1.0
0649509a,2026-03-28 17:34:01,BTC 5m DOWN,DOWN,5m,btc-5m-1774715400-down,0.99,1.0,180,1.8000,WIN,3158.72,1443.01,2.1890,0x7ec81f2971137f1f42bb790b91f291d27beebf506374513f2aaeb462ea89c1d4,112475093306380702019893895559819833960656772485681137398516057366410088243353,1774715400,2026-03-28 17:39:10,1.0
91f65319,2026-03-28 17:39:15,BTC 5m DOWN,DOWN,5m,btc-5m-1774715700-down,0.99,1.0,180,1.8000,WIN,3606.98,2069.97,1.7425,0x730f9780e22449dfa509506e1a9a73be8699db5a2a548955487f514e6dbc2304,43017969328334998323265479758319706973473107108977965400351359257808835971367,1774715700,2026-03-28 17:44:11,1.0
debae675,2026-03-28 17:39:43,BTC 15m DOWN,DOWN,15m,btc-15m-1774715400-down,0.99,1.0,180,1.8000,WIN,3867.42,1840.51,2.1013,0xafe9191ad34c766237c200f125052aefbf76c9c49258eb4fffad493bdb6fe067,62859243765686643098552402268146839363401268230350723673186766439004489118924,1774715400,2026-03-28 17:49:11,1.0
2eb0b8a0,2026-03-28 17:41:01,ETH 15m DOWN,DOWN,15m,eth-15m-1774715400-down,0.99,1.0,180,1.8000,WIN,990.73,95.0,10.4287,0xb5e699600bf29e7f37f13fa9748828f2f0747ecda53342390b808175618c6cd8,63425329205878851063807774506831065224080666791471985292540643443245689498157,1774715400,2026-03-28 17:49:11,1.0
3752ee29,2026-03-28 17:44:42,BTC 5m DOWN,DOWN,5m,btc-5m-1774716000-down,0.99,1.0,180,1.8000,WIN,3329.81,2142.82,1.5539,0x52cbd83a62db44525db63738f90b7e7971a74f454e5a535a7927c2e31c046de3,24658305208581704709447770428564269928375988878855194119600776904335026951600,1774716000,2026-03-28 17:51:11,1.0
e91db453,2026-03-28 17:54:12,ETH 5m DOWN,DOWN,5m,eth-5m-1774716600-down,0.99,1.0,180,1.8000,WIN,237.68,139.53,1.7034,0x9961ad170e7a3b7306051369f8b3ef57c72461632bc0b5b69a93127489e48bdc,3354966484177068681253312366600287006256650323039978876629672314058424888426,1774716600,2026-03-28 17:59:11,1.0
77c99667,2026-03-28 17:59:17,BTC 5m UP,UP,5m,btc-5m-1774716900-up,0.99,1.0,180,1.8000,WIN,2097.29,1354.36,1.5485,0xba30d231e309c5671916c1c36311b4a3291fc3007b967806160ce48e3aa1b911,34800633445364764040987138586327660581952892931483176338310521139059986908399,1774716900,2026-03-28 18:06:12,1.0
e6eaea10,2026-03-28 17:59:43,ETH 15m UP,UP,15m,eth-15m-1774716300-up,0.99,1.0,180,1.8000,WIN,62.43,37.0,1.6873,0x8ab83d33e97ecaf5312a37656753d6b8e22fa4b0bc81c16fc33c74b051628c48,90317031140899614289213640117139617727958362540104722425794659947907709888862,1774716300,2026-03-28 18:04:11,1.0
730deee2,2026-03-28 18:04:23,BTC 5m UP,UP,5m,btc-5m-1774717200-up,0.99,1.0,180,1.8000,WIN,1541.7,1019.75,1.5118,0xf31776f2135a67382b2c960c7f58a195286c4d2cab31f250c52eefb9d0f713be,59948702543424297987684577756102568556634975929298228492920461653303318901377,1774717200,2026-03-28 18:09:10,1.0
74cc582b,2026-03-28 18:09:46,BTC 5m DOWN,DOWN,5m,btc-5m-1774717500-down,0.99,1.0,180,1.8000,WIN,1988.95,1076.22,1.8481,0x1717e6da22baeadeac736fb999a6b49ed1926a2586561132ba78136e7738a8ef,90936663302057618141061758498926700304857920313722029481312133429057231383657,1774717500,2026-03-28 18:14:11,1.0
35801308,2026-03-28 18:14:58,BTC 15m DOWN,DOWN,15m,btc-15m-1774717200-down,0.99,1.0,180,1.8000,WIN,58.41,35.0,1.6689,0x266ecae1d456294197423513c313fd399ca6b5dbe06661ccc9958476772bb3e9,98470781269556589411265341447019703492997992921708598511950363079415608604221,1774717200,2026-03-28 18:19:11,1.0
538c5815,2026-03-28 18:26:11,BTC 15m DOWN,DOWN,15m,btc-15m-1774718100-down,0.99,1.0,180,1.8000,WIN,2850.86,1799.11,1.5846,0xd4af924f64972f891fb2aa1046617b964162785f1bd40ab4eabdf84d2b9f5ccb,22594396258700738694778507561748527417018183578215438810371984230063343496882,1774718100,2026-03-28 18:36:12,1.0
33b6aa05,2026-03-28 18:27:16,ETH 15m DOWN,DOWN,15m,eth-15m-1774718100-down,0.99,1.0,180,1.8000,WIN,381.98,95.53,3.9985,0x4fb4e18e07448dd8ea903a388a73290650c5e7cb4a78feb78a8dd1e4920e7b92,72341399596095806295006722145499820777289656510692399031046218316619602271534,1774718100,2026-03-28 18:34:11,1.0
4cfe11b2,2026-03-28 18:29:44,ETH 5m DOWN,DOWN,5m,eth-5m-1774718700-down,0.99,1.0,180,1.8000,WIN,202.0,96.0,2.1042,0x3142321dd3902fa86bba5c643f16aaa0ea9b65697ace38fac7210cd20f1bcd73,100354728304837528593098279253128890568726044783753355803692695266377399662,1774718700,2026-03-28 18:34:11,1.0
f7211da1,2026-03-28 18:29:47,BTC 5m DOWN,DOWN,5m,btc-5m-1774718700-down,0.99,1.0,180,1.8000,WIN,1607.48,497.9,3.2285,0x7fecae49a42e2d3799b2a8d1baaf3bb5eb3b19ef2b5d90b832c5b6fdd3f0c1ba,110927025743560398082622629208691534408209393087337308086759865818301677669154,1774718700,2026-03-28 18:34:11,1.0
b6a0d9d1,2026-03-28 18:44:43,BTC 15m UP,UP,15m,btc-15m-1774719000-up,0.99,1.0,180,1.8000,WIN,632.58,192.95,3.2785,0x75cab2cd52df189171327242c600309a59e18160bbd835a2b46e4cb6ddfe8c63,17658474337670709623910900624868144092090499913701059876913210976534154598051,1774719000,2026-03-28 18:49:11,1.0
7d570fc0,2026-03-28 18:44:57,ETH 5m DOWN,DOWN,5m,eth-5m-1774719600-down,0.99,1.0,180,1.8000,WIN,25.2,3.07,8.2085,0xde6e82d8317bef45c14636c210a2c763aa7d8c8f48eebee81a4c6180af87fd8c,53788109426091966042927551948969337665540735748626443650389201971367369392701,1774719600,2026-03-28 18:51:11,1.0
8b5f47bd,2026-03-28 18:49:48,ETH 5m DOWN,DOWN,5m,eth-5m-1774719900-down,0.99,1.0,180,1.8000,WIN,128.27,44.41,2.8883,0x078686398f5e895908c6fb680e2980f022a2fe147210c446e7b5d20654d109ba,88640902424091406309310648325832605480001293794194021269360133369501108074483,1774719900,2026-03-28 18:56:11,1.0
60446d7c,2026-03-28 18:54:34,ETH 5m UP,UP,5m,eth-5m-1774720200-up,0.99,1.0,180,1.8000,WIN,224.69,33.78,6.6516,0xdb32e67e89915421daf6e077d68d6d68df636b30044c392195e7b6e80ae776e0,9048016509452972348290719086115688857964568451994238709402162653037489614565,1774720200,2026-03-28 18:59:11,1.0
f9155bb6,2026-03-28 18:59:26,BTC 15m UP,UP,15m,btc-15m-1774719900-up,0.99,1.0,180,1.8000,WIN,1448.38,848.59,1.7068,0xe3cd096e930e2e1711c694e7ef5ae85767d03b72ace66f2d66eee212065ce720,32093170629552462427247559129226517481659173720176851290744632414208851837408,1774719900,2026-03-28 19:02:10,1.0
0d81a1ea,2026-03-28 18:59:49,BTC 5m UP,UP,5m,btc-5m-1774720500-up,0.99,1.0,180,1.8000,WIN,2915.43,200.95,14.5082,0xe33c2eb8b3f26bd000b69e6261db594aba2d492b511c6a27901038e6b5cfa31e,4720176388921394501337330630637002239719997037374755300325399009819450130332,1774720500,2026-03-28 19:04:11,1.0
0719b89d,2026-03-28 19:04:16,BTC 5m UP,UP,5m,btc-5m-1774720800-up,0.99,1.0,180,1.8000,WIN,1988.25,1287.68,1.5441,0xd1fd686f188e79e718b590fa6596881d6bff78c911930881e0fedcb9b1db792a,107701979600670554952852809675400355299855227918678250621755061173212616771327,1774720800,2026-03-28 19:09:10,1.0
a10e3fed,2026-03-28 19:12:02,BTC 15m UP,UP,15m,btc-15m-1774720800-up,0.99,1.0,180,1.8000,WIN,2420.58,1400.45,1.7284,0x45516c09a1a6dc9477cbca548839fb1c0587170c24a2ddc7bd7eb489abd3862f,13916175053016727207301443291305186232102013373131334323726032696266348053572,1774720800,2026-03-28 19:17:10,1.0
51cfacdb,2026-03-28 19:12:04,ETH 15m UP,UP,15m,eth-15m-1774720800-up,0.99,1.0,180,1.8000,WIN,934.4,544.55,1.7159,0xb0ce747e5ad4737a496468de28225d1d7253f5d6ecbb8f41190723b038dc4408,29507301417360975168715815678090404379117182586892390916058127017435320157932,1774720800,2026-03-28 19:19:11,1.0
b8d7f131,2026-03-28 19:19:51,ETH 5m DOWN,DOWN,5m,eth-5m-1774721700-down,0.99,1.0,180,1.8000,WIN,50.0,32.35,1.5456,0xd09f8d5d938ed491818d829491681e17a9c722d785d470ed59cd797f3d8e116c,37334950043655625933951881328073183974744710652960569310202028469988559869572,1774721700,2026-03-28 19:24:11,1.0
cee7a12c,2026-03-28 19:19:52,BTC 5m DOWN,DOWN,5m,btc-5m-1774721700-down,0.99,1.0,180,1.8000,WIN,2297.03,463.4,4.9569,0x19cb18e8b7fc7f60b5a301f80e33ea2b36ce3bc9622de7de6861958e4da00806,54884945707659463703257781256677998694235157495214839400182228159492367076528,1774721700,2026-03-28 19:24:11,1.0
014ab958,2026-03-28 19:29:04,ETH 15m DOWN,DOWN,15m,eth-15m-1774721700-down,0.99,1.0,180,1.8000,WIN,412.31,263.43,1.5652,0xe6a5dbd8429a7b4fcda3b3d34d659a8faa2aee5eab3ebfd4cb169f3dcf37a2f1,29684623627488966116963678308246430929464401123250939129693864287972525177292,1774721700,2026-03-28 19:36:11,1.0
a275e599,2026-03-28 19:29:59,BTC 5m DOWN,DOWN,5m,btc-5m-1774722300-down,0.99,1.0,180,1.8000,WIN,66.0,5.0,13.2000,0xf51f3cc085d04efaa52be7c56e081c8cb9779de16eaf30511f6998bab8730948,34113037752929292299706197808691544443010592007283101540132223376846696532835,1774722300,2026-03-28 19:36:11,1.0
d2ecda11,2026-03-28 19:44:42,BTC 15m UP,UP,15m,btc-15m-1774722600-up,0.99,1.0,180,1.8000,WIN,668.98,437.43,1.5293,0x491baf7eeea7d0af2858c2a675d358770d56279c71d98b340b80d7379d1c7537,23450241020590989762643049450677930395282041472946607541600582574687113715616,1774722600,2026-03-28 19:49:11,1.0
bc954dbc,2026-03-28 19:49:58,BTC 5m DOWN,DOWN,5m,btc-5m-1774723500-down,0.99,1.0,180,1.8000,WIN,102.8,17.98,5.7175,0x10ba0058a4b70bcd746df6a8d333a74ae547e347a3107309556abb2c6416f5b8,31920194977515035097881195656956396529655658655914768733365083760145734547173,1774723500,2026-03-28 19:56:11,1.0
47949a85,2026-03-28 19:59:14,BTC 15m DOWN,DOWN,15m,btc-15m-1774723500-down,0.99,1.0,180,1.8000,WIN,1864.43,1128.67,1.6519,0x39c79863accae9d9ea8af29db090c909532fb81af14a87b06c931d0fc456e1e6,71522702547506129448450928347592713266677822236440748412295444553399153300605,1774723500,2026-03-28 20:04:11,1.0
788d8688,2026-03-28 20:00:01,BTC 5m UP,UP,5m,btc-5m-1774724100-up,0.99,1.0,180,1.8000,WIN,25975.0,1978.97,13.1255,0xb817c2ab091c12b57b760d55fed921b83fcb3d5a8ac6fa926af6f6e4f651fd1e,61138120155450582969892910396740211737701661774179831692660511665113975141152,1774724100,2026-03-28 20:06:11,1.0
cce5151f,2026-03-28 20:04:59,ETH 5m UP,UP,5m,eth-5m-1774724400-up,0.99,1.0,180,1.8000,WIN,14.0,3.04,4.6053,0xec9aa84970832823fb22a84683ad3f15296ac3910f7dab23ee4ae06e718e0b86,61368387259235057910740385524490787908581946703249240484334570831082670534605,1774724400,2026-03-28 20:09:11,1.0
61ef2bc0,2026-03-28 20:09:58,BTC 5m UP,UP,5m,btc-5m-1774724700-up,0.99,1.0,180,1.8000,WIN,5.6,1.27,4.4094,0xb735a652c4c5c4895150f3e7344615e0dc75363a7477d813b4b84a69858e2b53,50684121673765782648708267258201739308831470844738759017057171014371960293901,1774724700,2026-03-28 20:14:11,1.0
fd61a132,2026-03-28 20:11:54,ETH 15m DOWN,DOWN,15m,eth-15m-1774724400-down,0.99,1.0,180,1.8000,WIN,322.73,151.5,2.1302,0xf5328c72d3f5e74e7d82114269923b5af2e595d68441a8b6275944b7f385b6be,2422842642260642025434335603963973338024756838451063592388937097660715716250,1774724400,2026-03-28 20:19:12,1.0
2f7eedf1,2026-03-28 20:12:45,BTC 15m DOWN,DOWN,15m,btc-15m-1774724400-down,0.99,1.0,180,1.8000,WIN,724.21,290.71,2.4912,0xb9ae53c8fa359f2c9eb408ff6f49124036ec5274d8199695361abc239b716659,13156379580272470601581088485723874955682771490485838333753675343669375900365,1774724400,2026-03-28 20:21:11,1.0
21c82129,2026-03-28 20:12:50,BTC 5m DOWN,DOWN,5m,btc-5m-1774725000-down,0.99,1.0,180,1.8000,WIN,7310.85,4618.9,1.5828,0xe58d7c9921ad4b0651b009c5df636c6afe9ac1acfb198e4799144ec04e5a17ef,63586999108451039153193184011807657061293916015931292521314267535516379956988,1774725000,2026-03-28 20:19:11,1.0
865e7560,2026-03-28 20:12:55,ETH 5m DOWN,DOWN,5m,eth-5m-1774725000-down,0.99,1.0,180,1.8000,WIN,532.45,228.75,2.3277,0x6da3de6146ac726be8f7ffd784f0aef862c480f7456732e3d17635da799355b3,16521063296146688968976560714840822749561862083958928286368671126556313232433,1774725000,2026-03-28 20:19:11,1.0
4dddcd35,2026-03-28 20:24:56,BTC 5m UP,UP,5m,btc-5m-1774725600-up,0.99,1.0,180,1.8000,WIN,506.1,311.77,1.6233,0x1151b7fa85185027b29a04aa2231f87f75b186f76ef502469fd355adf2104992,29350536942399589625952854455655931555913429991747324054435542528835707234251,1774725600,2026-03-28 20:29:11,1.0
4830bcbd,2026-03-28 20:29:05,ETH 15m UP,UP,15m,eth-15m-1774725300-up,0.99,1.0,180,1.8000,WIN,486.32,105.08,4.6281,0x92e95d525d95afb0f19130a93ab6f9e2b3da975613407b6a3088825e88b64eab,30893128871762696037918096547336360371223382167284469980325477765377460711215,1774725300,2026-03-28 20:32:11,1.0
d7c21fa0,2026-03-28 20:29:57,ETH 5m DOWN,DOWN,5m,eth-5m-1774725900-down,0.99,1.0,180,1.8000,WIN,20.2,10.05,2.0100,0xef9a6ce12d7bb2157af1630de08dcf04a5218bd607bb330ddce023cb232aeef5,23844110483587342430357428031778538596686765837225051465607546441098525837461,1774725900,2026-03-28 20:34:11,1.0
52a8d06e,2026-03-28 20:34:59,ETH 5m DOWN,DOWN,5m,eth-5m-1774726200-down,0.99,1.0,180,1.8000,WIN,10.0,2.56,3.9062,0x5da823c6c5e6c624a16ba1cfca797bc5e07e18ba97f2cf4904c5c3cadde55744,46116855025350693433266173113868772483943138081504776782441936499481311335167,1774726200,2026-03-28 20:37:10,1.0
028290ce,2026-03-28 20:44:41,BTC 5m DOWN,DOWN,5m,btc-5m-1774726800-down,0.99,1.0,180,1.8000,WIN,1131.07,732.97,1.5431,0x5807860df8020d93ab5e78c4d27e254e2a4ee7a1ad5ff014a311ef0335ab0766,91153061266780304586804300180537643993116891696003075769969398807292561749237,1774726800,2026-03-28 20:51:11,1.0
f4fd59df,2026-03-28 20:58:41,BTC 15m UP,UP,15m,btc-15m-1774727100-up,0.99,1.0,180,1.8000,WIN,2490.14,1435.69,1.7345,0x8c148bb4225ac189bf31bddaacb785ab4cf4af796c5ba4887c3828086fab0c7f,83985296832749302002801957709530855928532166996781966815669134689842182396508,1774727100,2026-03-28 21:04:11,1.0
6d5df788,2026-03-28 20:59:38,ETH 5m UP,UP,5m,eth-5m-1774727700-up,0.99,1.0,180,1.8000,WIN,713.79,365.74,1.9516,0xabf47a3b3e8bf2026b07a5c187716ef704326350e6ab0048e3f58331f7bad88d,78803216504189175353546417156649206080065196023385754988783746350481566619263,1774727700,2026-03-28 21:04:11,1.0
e872bb57,2026-03-28 21:03:58,BTC 5m UP,UP,5m,btc-5m-1774728000-up,0.99,1.0,180,1.8000,WIN,2245.61,1472.93,1.5246,0x7bff12add90a5c3724282028f0cba5911d851a0427fbcfe34db36f66d74a4feb,51302422220180973126912507340460073301353504629795629943477453978720736555014,1774728000,2026-03-28 21:09:11,1.0
418b4934,2026-03-28 21:08:02,ETH 15m UP,UP,15m,eth-15m-1774728000-up,0.99,1.0,180,1.8000,WIN,1093.3,594.83,1.8380,0x200de352d71d54ad0d82b4ef576946205c47243ce51a5e4857ef6a4d33a88937,112394310225157753022446693308902989355319029371117325679628648828864325923364,1774728000,2026-03-28 21:19:11,1.0
e5e1e878,2026-03-28 21:09:40,ETH 5m UP,UP,5m,eth-5m-1774728300-up,0.99,1.0,180,1.8000,WIN,87.5,54.74,1.5985,0xf450ff0cb6bfc1b7382d7e98f8bacd9441ae731c47a6b5a8198430adfc597e4f,8226681716780037829845241155742829646003772962121211839959961343415474839929,1774728300,2026-03-28 21:14:11,1.0
6230251d,2026-03-28 21:09:58,BTC 5m UP,UP,5m,btc-5m-1774728300-up,0.99,1.0,180,1.8000,WIN,234.22,122.36,1.9142,0xe69d15b143a004bb474226aef3ae85de938448f0949273789283027c45cadcbc,32909819750267089982782230654004508945446872701355092698042640267057105167626,1774728300,2026-03-28 21:14:11,1.0
17603f34,2026-03-28 21:12:19,BTC 15m UP,UP,15m,btc-15m-1774728000-up,0.99,1.0,180,1.8000,WIN,6333.17,2252.52,2.8116,0x6a3440603d4fbd7994f1d6ee4aea7dac7fd63a60e2a6ec1b30024686fbb948f6,16713234208754637651255618922062745554548357278127131404239527362559196971659,1774728000,2026-03-28 21:21:11,1.0
fb248a11,2026-03-28 21:19:34,BTC 5m DOWN,DOWN,5m,btc-5m-1774728900-down,0.99,1.0,180,1.8000,WIN,1278.55,828.2,1.5438,0x40a2d7b2af941ed0df94516decb4387c2467d10a4d990a39c6f66389bb9f5aac,44551364955382312428469343315132275515779937057616535745709473426873483739613,1774728900,2026-03-28 21:24:10,1.0
05d10ba0,2026-03-28 21:27:50,BTC 15m DOWN,DOWN,15m,btc-15m-1774728900-down,0.99,1.0,180,1.8000,WIN,2870.39,193.78,14.8126,0x8bf5daf7d003b9c378c87923c222cd14c9d0e114334489be263bf4f1214a1817,111424154999858371182663116108064614730416817732496010269794413024276991442633,1774728900,2026-03-28 21:36:11,1.0
1be689d9,2026-03-28 21:28:28,ETH 15m DOWN,DOWN,15m,eth-15m-1774728900-down,0.99,1.0,180,1.8000,WIN,703.26,420.35,1.6730,0x34e2ea7478c3c0f84b76934ca2c2bfe2eb6b9e9f5452eddd7536ab82aef99df5,82702155159362775833897504186543426912449254745524511415157695585209656829699,1774728900,2026-03-28 21:34:11,1.0
ed4d12cd,2026-03-28 21:44:05,ETH 15m DOWN,DOWN,15m,eth-15m-1774729800-down,0.99,1.0,180,1.8000,WIN,123.02,30.17,4.0776,0xfdea8512f8ba73368235742561dfb302f5d2a2747c38cdcc54ab45d20aca5704,107750499353897612907191074361824330574229369320975628483795922065583247324790,1774729800,2026-03-28 21:49:10,1.0
a44077ff,2026-03-28 21:54:42,BTC 5m UP,UP,5m,btc-5m-1774731000-up,0.99,1.0,180,1.8000,WIN,2280.92,1184.99,1.9248,0x64e2016b4afae58cece6491365520b2c91374b43a82726e88b0caab35549173e,45924293728570544253888826439697445400317983146139352182274591162833045818029,1774731000,2026-03-28 22:01:12,1.0
471c27be,2026-03-28 21:59:55,BTC 5m DOWN,DOWN,5m,btc-5m-1774731300-down,0.99,1.0,180,1.8000,WIN,1599.22,616.16,2.5955,0x9caf5d81abf85673755a36c9489cd268e91d2ce29609944deb9b6b8c05eb70ce,74454223894748951952093893016009468045641579457136106637514544775775553851450,1774731300,2026-03-28 22:04:11,1.0
5f2e83fc,2026-03-28 21:59:57,ETH 5m UP,UP,5m,eth-5m-1774731300-up,0.99,1.0,180,1.8000,WIN,45.2,23.2,1.9483,0x7f8c7c3d917acedd87a5b31878f6c68d4cd5c25731f5bd65fd7f86f2ca541832,62032943050656631088272544436256670878561525868545388234780473933497711547667,1774731300,2026-03-28 22:06:11,1.0
54a1d7c8,2026-03-28 22:09:07,ETH 15m DOWN,DOWN,15m,eth-15m-1774731600-down,0.99,1.0,180,1.8000,WIN,617.6,360.33,1.7140,0xd44afb094a23f8a08285492ee73e4840266f7943670f7f5c86fcda9843aa4111,20762250964337656815579259860223510405877249007743314510156749375909671887840,1774731600,2026-03-28 22:19:10,1.0
f8b73027,2026-03-28 22:11:07,BTC 15m DOWN,DOWN,15m,btc-15m-1774731600-down,0.99,1.0,180,1.8000,WIN,948.26,536.78,1.7666,0xe5a3dbdd7b85569775ba0496db8c3c893b22864ed55b8971bfac51555b47797b,114864702859460563748049613513014953911528469245542936389282787240815820424399,1774731600,2026-03-28 22:21:12,1.0
bce25c01,2026-03-28 22:14:18,ETH 5m UP,UP,5m,eth-5m-1774732200-up,0.99,1.0,180,1.8000,WIN,69.12,42.75,1.6168,0xafdc182c161bd3516471eeeb31b9ee91418d0f5fd8635dc639986adfac40f316,92040038966062888906018216637622763790085471004693668459595140508849999942695,1774732200,2026-03-28 22:19:11,1.0
5863529d,2026-03-28 22:24:06,ETH 15m DOWN,DOWN,15m,eth-15m-1774732500-down,0.99,1.0,180,1.8000,WIN,237.23,151.21,1.5689,0xfd00f9718e7de1b7af44461ead1d9566d17cd003214be2b8309b17cade414da1,63133857006026508131276451948588577687619088809732107704869760520439258271652,1774732500,2026-03-28 22:34:11,1.0
445f4d71,2026-03-28 22:53:31,BTC 15m DOWN,DOWN,15m,btc-15m-1774734300-down,0.99,1.0,180,1.8000,WIN,2146.84,1334.42,1.6088,0xef7eac1d67facc3910100bcf7315620ab22fff6ed284274524af689fc68f764b,37058326239619954848393170260663548231771062288706737163975546571539572082051,1774734300,2026-03-28 23:06:11,1.0
3bbb519a,2026-03-28 22:53:35,ETH 5m DOWN,DOWN,5m,eth-5m-1774734600-down,0.99,1.0,180,1.8000,WIN,97.4,10.0,9.7400,0x93ebfcba5f3e47e1a95c35f34ba66473c04be06760322d033749b9ddc49841a4,39988201425004985378892559424685333734482527152811246120928845589218754298385,1774734600,2026-03-28 22:59:11,1.0
7f4f2642,2026-03-28 22:53:47,ETH 15m DOWN,DOWN,15m,eth-15m-1774734300-down,0.99,1.0,180,1.8000,WIN,101.28,42.94,2.3586,0xee3d88de9321845df62790177eb8c17800cfd802ab9ae3752b4d3291e3141d90,6097588897673530258038996686937541621232467610078323956398573421472737444214,1774734300,2026-03-28 23:04:11,1.0
f6d11082,2026-03-28 22:59:57,ETH 5m DOWN,DOWN,5m,eth-5m-1774734900-down,0.99,1.0,180,1.8000,WIN,10.2,1.32,7.7273,0xa7cc481a3c409f2a8a0fe2f1d72fc3f062a19e48c9570012b87bcbb505a690ce,65810021329001250837455636394339754975221271339125178132359894664666923251243,1774734900,2026-03-28 23:06:11,1.0
c26b1d21,2026-03-28 23:09:52,BTC 5m DOWN,DOWN,5m,btc-5m-1774735500-down,0.99,1.0,180,1.8000,WIN,1389.8,926.2,1.5005,0x0402fb0d992a24a4d446356a605756df652b679c903874c6ef7af495549c129c,99527793364373266742465827320066109521766059967691263795348809544396842039495,1774735500,2026-03-28 23:16:11,1.0
00f07218,2026-03-28 23:19:06,BTC 5m UP,UP,5m,btc-5m-1774736100-up,0.99,1.0,180,1.8000,WIN,2214.87,1405.57,1.5758,0x8df8e5c6729159e91319d5eb12ce03e5f2fa3abef3a2e14f3d8754e00fd85402,64225264325282941913917335359294075967708309318634367029299300800944775468822,1774736100,2026-03-28 23:24:11,1.0
fcef80a5,2026-03-28 23:19:08,ETH 5m UP,UP,5m,eth-5m-1774736100-up,0.99,1.0,180,1.8000,WIN,549.77,258.36,2.1279,0x8287d9dae1139e9aed48762668b3f0071f14556b3229e96506f9ff596ad98091,14995818735791193415323643199052406743873558956118432771633910622167845720312,1774736100,2026-03-28 23:22:10,1.0
ac2b8667,2026-03-28 23:24:22,ETH 5m UP,UP,5m,eth-5m-1774736400-up,0.99,1.0,180,1.8000,WIN,179.69,62.24,2.8871,0x5dba4afd58e3a96be0c79eb85128695ee74da901a0e13f6ad5203af5c8509d4a,99561949766279049532452437424302761449732998010620589085378424076657751289409,1774736400,2026-03-28 23:29:11,1.0
a9c5504d,2026-03-28 23:24:42,BTC 5m UP,UP,5m,btc-5m-1774736400-up,0.99,1.0,180,1.8000,WIN,2259.46,616.13,3.6672,0x0da4484f300f0c95e09329c70327e99962320fc66fe899b6e3043d8f2a70a408,10311269838562785932609244165023053873471080042306023208021975031851038357665,1774736400,2026-03-28 23:29:11,1.0
415dcaf3,2026-03-28 23:26:11,BTC 15m UP,UP,15m,btc-15m-1774736100-up,0.99,1.0,180,1.8000,WIN,581.73,317.44,1.8326,0xd2ac7f0f95c40437b8c307ba76b7b90a32b1a1d73aab4280ae66c0fb9c72463b,57855336924930338936153336597132775701799232370719257984700585116816442074975,1774736100,2026-03-28 23:34:11,1.0
29350542,2026-03-28 23:43:39,BTC 15m DOWN,DOWN,15m,btc-15m-1774737000-down,0.99,1.0,180,1.8000,WIN,843.51,74.02,11.3957,0xfcd0081e376c8a2902b2757779970e380b033a0ae47b2ea665c4c9cf761598f8,16157943825888748977931978698403833021439930082455248726770957142861479864532,1774737000,2026-03-28 23:49:11,1.0
385cd8b8,2026-03-28 23:49:34,BTC 5m UP,UP,5m,btc-5m-1774737900-up,0.99,1.0,180,1.8000,WIN,6692.67,2497.24,2.6800,0x6cf791c9ba7c98e119cc89362b2b40d0669c2f8a51121e29431273172efe6c97,13774422767368852257493581413467088632406789502150830508259370404114762683304,1774737900,2026-03-28 23:54:11,1.0
4b779f6f,2026-03-28 23:59:10,BTC 15m UP,UP,15m,btc-15m-1774737900-up,0.99,1.0,180,1.8000,WIN,2293.18,1081.23,2.1209,0xce8966e4edb66b44ef4dbd1b8732cdd4abc09b29784c68bae733eb66bb2a94ff,22804354925590544484778316323789114567183085660101114839567614338768889171538,1774737900,2026-03-29 00:06:11,1.0
d0f1628a,2026-03-29 00:03:37,ETH 5m DOWN,DOWN,5m,eth-5m-1774738800-down,0.99,1.0,180,1.8000,WIN,749.73,483.32,1.5512,0x0fb4d35db16b851ff1bd9a4fbd74c4743875de2ac26043eb672ed8eff7b4826f,19745155541450264457434299252845156401422196097562753408314153516753979563758,1774738800,2026-03-29 00:07:11,1.0
88dc865b,2026-03-29 00:04:38,BTC 5m DOWN,DOWN,5m,btc-5m-1774738800-down,0.99,1.0,180,1.8000,WIN,463.13,145.57,3.1815,0x9b480f4ce60be9df2e10b255791c43fe2d09fd15cd14c22c3d9e07dc2d17bd41,108990224427082847659042443685298668468118518455723888538090794759584529538768,1774738800,2026-03-29 00:11:11,1.0
f01e360b,2026-03-29 00:08:36,ETH 15m DOWN,DOWN,15m,eth-15m-1774738800-down,0.99,1.0,180,1.8000,WIN,554.45,208.27,2.6622,0x0423778170c785bdb312134270dd9819ccbfa7685f522561544e767757b83093,50100414930350195417851374723107918352857416638609371829511373869031252126703,1774738800,2026-03-29 00:19:11,1.0
1dea50c9,2026-03-29 00:09:05,BTC 15m DOWN,DOWN,15m,btc-15m-1774738800-down,0.99,1.0,180,1.8000,WIN,2795.52,1662.29,1.6817,0x1857a964bf670774b1f7af38c86079ef54a4233cca2896f0a09f49e8f9556283,34692457336857939695782906676003002841380568933037493590967627878117786756513,1774738800,2026-03-29 00:17:11,1.0
d37c5417,2026-03-29 00:09:06,BTC 5m DOWN,DOWN,5m,btc-5m-1774739100-down,0.99,1.0,180,1.8000,WIN,3828.08,1751.21,2.1860,0x73dff54ed210f55a92ad02e18f95142ae6f32781885f104ddbefd6ccd31d20ba,73112474390923270717840425193627757082616334453930721263589716043774656891998,1774739100,2026-03-29 00:14:11,1.0
4fb6b8b2,2026-03-29 00:13:33,BTC 5m DOWN,DOWN,5m,btc-5m-1774739400-down,0.99,1.0,180,1.8000,WIN,4023.8,1780.74,2.2596,0x1c67ec9e806e69e95659b1af5b4d5ae02903541de0f6abb1221235d6c8882eab,15018623230888509967368039444856951586488716657244573986986863382142973100022,1774739400,2026-03-29 00:17:10,1.0
e01efb23,2026-03-29 00:39:54,BTC 5m DOWN,DOWN,5m,btc-5m-1774740900-down,0.99,1.0,180,1.8000,WIN,2589.86,326.44,7.9336,0x8228117dc5b00e971a2f3714c96a9604a8195b86f3a607be277c97fd98c01ecc,73094463948011548816328431346650813959761911469775727037954084174388172966643,1774740900,2026-03-29 00:44:11,1.0
1b10632d,2026-03-29 00:41:56,BTC 15m UP,UP,15m,btc-15m-1774740600-up,0.99,0.0,180,-178.2000,LOSS,1515.96,711.8,2.1298,0x2bbf0a3db3866a2e10607b552df59592950502403e50d90c4c625ca328a80a3b,32858668143094144593669102255889963785535860207413731846869490522195452324068,1774740600,2026-03-29 00:51:11,0.0
ab4bc52b,2026-03-29 00:44:50,BTC 5m DOWN,DOWN,5m,btc-5m-1774741200-down,0.99,1.0,180,1.8000,WIN,2110.1,1198.94,1.7600,0x1fed96220a14516d24baf33e0de6c574dd6ff1d39ba9834f994a2e2dcf26a569,26826236416476061258227706860322249337788656016364258099870555378376643369377,1774741200,2026-03-29 00:49:11,1.0
2ae7e79f,2026-03-29 00:59:58,BTC 15m DOWN,DOWN,15m,btc-15m-1774741500-down,0.99,1.0,180,1.8000,WIN,54.0,21.59,2.5012,0x6576f0cda830ef6a6d02485e534eaef4f7ba32b38ffca620f799e17cc385a4de,38303105248051178122690969272412584538794432705022486421111143365277949045272,1774741500,2026-03-29 01:04:11,1.0
728b6dd1,2026-03-29 01:04:41,BTC 5m UP,UP,5m,btc-5m-1774742400-up,0.99,1.0,180,1.8000,WIN,344.97,199.96,1.7252,0x21b86704cc2d3cfcf9d04d201eb3153eb8b49d33ac9538ab810c7aecfdb08860,22656543202383811379791260624961837374228009671761432302445560324262853181858,1774742400,2026-03-29 01:09:11,1.0
0824245b,2026-03-29 01:23:22,ETH 5m DOWN,DOWN,5m,eth-5m-1774743600-down,0.99,1.0,180,1.8000,WIN,279.67,56.06,4.9888,0x38cb925430e12589b8d5842dd4511d4d9f01135c382a6808227fbb6d7a05e2ef,41863801374654047373007361378112318431919295137152830540248580327683818791225,1774743600,2026-03-29 01:31:11,1.0
f8e5159c,2026-03-29 01:29:57,BTC 5m UP,UP,5m,btc-5m-1774743900-up,0.99,1.0,180,1.8000,WIN,378.74,54.97,6.8899,0x8acd64666f857f84ed94090e30dc52f8fa3e9d8f0a2b014948b8c7e7ff9150e7,112046682170897797106455158897569404586721769948848451607306722057484556321488,1774743900,2026-03-29 01:36:11,1.0
afb30b39,2026-03-29 01:34:56,BTC 5m UP,UP,5m,btc-5m-1774744200-up,0.99,1.0,180,1.8000,WIN,1020.61,82.7,12.3411,0x4fd950cd2c09acd6e29fb10c8d42235180aaad9b22b3dbaacc0913c0e777a3b5,77439567366352386793623850516548748858617288879786913747426235610425100503897,1774744200,2026-03-29 01:41:11,1.0
0e347c07,2026-03-29 01:44:50,ETH 15m UP,UP,15m,eth-15m-1774744200-up,0.99,1.0,180,1.8000,WIN,500.45,40.91,12.2330,0xb8d522a0b52dcbb5e494a41387136b67a7f85d7506fe940212d47b18aa53e846,52469818247862441241816623330183464019165955435523032801003109125945443838878,1774744200,2026-03-29 01:49:11,1.0
c9c05946,2026-03-29 01:44:58,BTC 5m DOWN,DOWN,5m,btc-5m-1774744800-down,0.99,1.0,180,1.8000,WIN,73.06,11.79,6.1968,0xf4d14ba0815b3c050c1acfdb891dd18a87856af8853c9731e0cdaa613a3b74e0,40594668962899624307091227350855420546057728686290324908498974414447639387646,1774744800,2026-03-29 01:49:11,1.0
c8d6efd1,2026-03-29 01:45:01,ETH 5m UP,UP,5m,eth-5m-1774744800-up,0.99,1.0,180,1.8000,WIN,10458.2,876.0,11.9386,0xd469c5b84261aaccfb87bae76fae7c1ce8138a4dacac43ca69cf46c6a5f8cc9e,64365696916567340476113561779036845270498537306858390591055772435598344029320,1774744800,2026-03-29 01:49:11,1.0
372fa8d7,2026-03-29 01:49:57,BTC 5m UP,UP,5m,btc-5m-1774745100-up,0.99,1.0,180,1.8000,WIN,236.42,147.29,1.6051,0x762c381b5382fa8be3c22c416242c513564a2979af531ad6be311c0972718c47,1588283107226172862656424565891717039554151995980414190234726556741404461960,1774745100,2026-03-29 01:56:11,1.0
066d1c8e,2026-03-29 01:59:00,BTC 15m UP,UP,15m,btc-15m-1774745100-up,0.99,1.0,180,1.8000,WIN,929.05,347.78,2.6714,0x17a40a028f103978ad71a28813afe4dd93b74e494398920212b8327f840c2aa7,5082432495101709144697821713585666046296262816529691202764709402034824798464,1774745100,2026-03-29 03:04:11,1.0
92e561b9,2026-03-29 03:07:40,ETH 5m UP,UP,5m,eth-5m-1774746300-up,0.99,1.0,180,1.8000,WIN,484.58,178.71,2.7115,0xfe482b2358bccbed785d1592667379790a2126288a31f5b3a1ea397276bdab78,105846499773489917964132543330672862452891979920982809645386023466189809972251,1774746300,2026-03-29 03:12:10,1.0
0d302550,2026-03-29 03:14:00,BTC 15m UP,UP,15m,btc-15m-1774746000-up,0.99,1.0,180,1.8000,WIN,2237.05,1410.84,1.5856,0x06a2d576ef2b723e2cc70d9bc6ae026d5dc2b839d28a33670659043cd078c2f7,68426577569082354065727303961415607406412345078062349493198766820898748822223,1774746000,2026-03-29 03:19:10,1.0
27daaf72,2026-03-29 03:14:57,ETH 5m UP,UP,5m,eth-5m-1774746600-up,0.99,1.0,180,1.8000,WIN,61.39,23.52,2.6101,0x9efccaf516bd324e329e5e85a8836a87680a30e1439e796631b9dc20e714f3b8,53374847461567985659906742061647419933518082058462154126191374564993324078979,1774746600,2026-03-29 03:19:11,1.0
55ab0fcf,2026-03-29 03:39:19,BTC 15m DOWN,DOWN,15m,btc-15m-1774747800-down,0.99,1.0,180,1.8000,WIN,2225.23,1137.42,1.9564,0x64db7425a05128af5193175b9c2d2bb8e18fe15c93601b37b4f92fe327db6518,112103440796638546728698590314027292883054273996309648577901834514169199631738,1774747800,2026-03-29 03:51:12,1.0
73807fef,2026-03-29 03:39:22,BTC 5m DOWN,DOWN,5m,btc-5m-1774748100-down,0.99,1.0,180,1.8000,WIN,2979.01,815.8,3.6516,0xa0e65852c758a312200e28634baef7445baf0f9bebb86a52399515d547a9b139,64818682648792729322192839966411940725223476597820866046978611042585908678644,1774748100,2026-03-29 03:44:11,1.0
4882e02b,2026-03-29 03:41:16,ETH 15m DOWN,DOWN,15m,eth-15m-1774747800-down,0.99,1.0,180,1.8000,WIN,228.46,27.0,8.4615,0x78b41a88dcec2c01976414a9c9517f28805135c59a50fa45e5f08f70ba91291f,25625849634340704773200715556279490566203864449244286754317688739252582970090,1774747800,2026-03-29 03:51:12,1.0
aa976f3c,2026-03-29 03:44:35,BTC 5m UP,UP,5m,btc-5m-1774748400-up,0.99,1.0,180,1.8000,WIN,1798.24,771.63,2.3304,0x84461ce26baca994a55c203eced7a0515ae86d2f7f92957320f74081d7eb6029,92909523078411635345651687422581444364154488229536435677714264673847067937804,1774748400,2026-03-29 03:51:11,1.0
7e32679e,2026-03-29 03:59:31,BTC 5m UP,UP,5m,btc-5m-1774749300-up,0.99,1.0,180,1.8000,WIN,2940.42,1582.15,1.8585,0x8f9cbaeb00b7237a1e383723234c6e1b49acab6deda1be634eb8a1b5cd01cfa3,21912724974096796009916816278814088615574660931588091764221331842149572809887,1774749300,2026-03-29 04:04:11,1.0
0394078a,2026-03-29 04:09:58,ETH 5m DOWN,DOWN,5m,eth-5m-1774749900-down,0.99,1.0,180,1.8000,WIN,96.4,60.98,1.5808,0xdd93824ad6112636b02b3c923e84c076caf56fe3d2c0c3956bed059490cae05a,65302174959552121179509824921478901717112838471828116127293178869526944811552,1774749900,2026-03-29 04:14:11,1.0
decca829,2026-03-29 04:24:21,BTC 5m UP,UP,5m,btc-5m-1774750800-up,0.99,1.0,180,1.8000,WIN,1114.66,702.13,1.5875,0x7e94fd7da28b0e9ec90550a89a52991ba54a329cb4730f9b4f74c8d21dd70706,39462390209043537135114874660633017792155293898244876032090395884607923224323,1774750800,2026-03-29 04:27:11,1.0
efd9f143,2026-03-29 04:24:27,ETH 5m UP,UP,5m,eth-5m-1774750800-up,0.99,1.0,180,1.8000,WIN,10.0,3.23,3.0960,0x5e1f9aecc3cac198671c692d546a61a9c2cce1bc7e525c082b13676b4bdd9de7,48461760720342376706688194358522591984815143607140278396282151434147275286713,1774750800,2026-03-29 04:27:10,1.0
56881967,2026-03-29 04:29:48,ETH 15m DOWN,DOWN,15m,eth-15m-1774750500-down,0.99,1.0,180,1.8000,WIN,443.19,116.01,3.8203,0x25f03da7f01549e789c10b7f6723fe7b9408a7517509f3c66630fa39f4d65c0b,96021301280125423458793549651984172035443402137167546492720463792271663138454,1774750500,2026-03-29 04:34:11,1.0
56ce87e8,2026-03-29 04:39:31,BTC 5m UP,UP,5m,btc-5m-1774751700-up,0.99,1.0,180,1.8000,WIN,2780.59,1465.92,1.8968,0x79f40c15bf2232f2ba1667530e0f1caf11137d0246387698402e0d2868f3f81d,26676273572011176157901749998736604478570953514898825018614267438994067235944,1774751700,2026-03-29 04:44:11,1.0
364b6e2e,2026-03-29 04:44:53,BTC 5m UP,UP,5m,btc-5m-1774752000-up,0.99,1.0,180,1.8000,WIN,1166.74,772.85,1.5097,0x81165e579a52cb4ca624e83b71c2daf3a7baabdbd2d9f76037b39e3de3a47501,99622247867163781191596246834979802849689536125202372331521790745544080804658,1774752000,2026-03-29 04:49:11,1.0
0d483049,2026-03-29 04:53:40,BTC 5m UP,UP,5m,btc-5m-1774752600-up,0.99,1.0,180,1.8000,WIN,3159.11,1973.79,1.6005,0xefbf83ef4133c162f285cb65d799d7eb36f7582bdb647f30e5507d16fd9591d6,49141795216463682012812776500687676032013255512376466437429722547230403459261,1774752600,2026-03-29 05:01:11,1.0
219bc849,2026-03-29 04:53:57,ETH 5m UP,UP,5m,eth-5m-1774752600-up,0.99,1.0,180,1.8000,WIN,275.1,61.94,4.4414,0xda580dbbeb2c847ee3e1a23be740bd830c156a4662f5cf1959b48b54c2f261be,67274622360430795277799495973183906968779179333541160998241664977099837342259,1774752600,2026-03-29 05:01:11,1.0
399cea04,2026-03-29 04:58:44,BTC 15m UP,UP,15m,btc-15m-1774752300-up,0.99,1.0,180,1.8000,WIN,1191.55,735.0,1.6212,0xa3840f6c50040f0d8b9395a357fba3eec993ea6b34bf89a4ed99d1310e3856bb,69369827735504813459262698585220376189166112344348791876040858752160735619112,1774752300,2026-03-29 05:04:11,1.0
008b023c,2026-03-29 05:14:32,ETH 5m DOWN,DOWN,5m,eth-5m-1774753800-down,0.99,1.0,180,1.8000,WIN,426.33,283.64,1.5031,0x6dfcd7846fb8b40fb3946d68d3e65c14887a88c79053196433124654fd9a0f46,19650388569526401861062807825925097542240861697015201119347313355336159278476,1774753800,2026-03-29 05:21:12,1.0
2265d44a,2026-03-29 05:14:58,BTC 15m DOWN,DOWN,15m,btc-15m-1774753200-down,0.99,1.0,180,1.8000,WIN,115.01,51.41,2.2371,0xdc276e90ae6adaa730e4af27981740bc2e5f01da180bea93892df283f0320a4f,83493122745241999204971714813079712534862175795921579603488185899341760456677,1774753200,2026-03-29 05:19:11,1.0
6cb02b29,2026-03-29 05:16:57,ETH 5m UP,UP,5m,eth-5m-1774754100-up,0.99,1.0,180,1.8000,WIN,175.07,62.0,2.8237,0x0d4e48d891e80bdf8fc4e0331cd078026b5c3ef1d5ebce85d40ba238b10add38,28809753608536726755345231098761492566079143224964562140301910526905821802217,1774754100,2026-03-29 05:24:11,1.0
f7a02a56,2026-03-29 05:17:00,BTC 5m UP,UP,5m,btc-5m-1774754100-up,0.99,1.0,180,1.8000,WIN,1241.9,590.38,2.1036,0xc65ca02fc1b2190e5caac7d963fbdc52d5645f7a8d2d107d0be0121c3d667269,103672359385562640939819935753123135992026408274981598620904837085621363360035,1774754100,2026-03-29 05:24:12,1.0
ab37f495,2026-03-29 05:25:02,BTC 15m UP,UP,15m,btc-15m-1774754100-up,0.99,1.0,180,1.8000,WIN,2251.5,940.97,2.3927,0x1f18f2b418a64a8a94b52393c297c8304fac9e8156ff9bdbda4d792acf874d72,55458402426154714235252134558401465033626179242320679672581474469771801706565,1774754100,2026-03-29 05:36:11,1.0
a5485551,2026-03-29 05:25:58,ETH 15m UP,UP,15m,eth-15m-1774754100-up,0.99,1.0,180,1.8000,WIN,111.3,57.59,1.9326,0x171ecdf07f136790cbbbe52ccc9a3b9d05e94821c70b450a88b46d6ac734da5d,102998212015452833611862141519421615160139164978531895292334463824907760412812,1774754100,2026-03-29 05:34:11,1.0
51b4e97c,2026-03-29 05:29:51,BTC 5m DOWN,DOWN,5m,btc-5m-1774754700-down,0.99,1.0,180,1.8000,WIN,1849.71,1229.88,1.5040,0x5629eba96fc3e6860e9321273649389989d015b725202d5a430bfd1953c43322,66098833862408956251316179692654510274748271708522962100073694763355061280840,1774754700,2026-03-29 05:36:11,1.0
040104a0,2026-03-29 05:39:54,BTC 5m UP,UP,5m,btc-5m-1774755300-up,0.99,1.0,180,1.8000,WIN,2380.78,1574.44,1.5121,0x69c2a5e88a912645ecdd13ad2196f7e32fde6678d20efd27f7759ba535819cfc,55669371792954566681148535306766451766597229543298814292094588932501429911003,1774755300,2026-03-29 05:44:11,1.0
d1b47e75,2026-03-29 05:43:53,BTC 15m DOWN,DOWN,15m,btc-15m-1774755000-down,0.99,1.0,180,1.8000,WIN,2542.85,1654.07,1.5373,0x269e93db10f1d5e7c888db074879e6c8747ad90f77925ec963862acecff9d566,77272888360771747196339388039582503823531041713632608213965885342130468343317,1774755000,2026-03-29 05:49:11,1.0
de8e7b75,2026-03-29 05:59:57,ETH 15m DOWN,DOWN,15m,eth-15m-1774755900-down,0.99,1.0,180,1.8000,WIN,144.42,40.78,3.5414,0xdf5bbeef8c446d0c0f73d579443ed502b5e63cbbd3e025e7d3399b071da36ac6,102919159124470726774527635406945011787987191401927066252523644601965820296531,1774755900,2026-03-29 06:06:11,1.0
93c69722,2026-03-29 06:04:58,BTC 5m DOWN,DOWN,5m,btc-5m-1774756800-down,0.99,1.0,180,1.8000,WIN,355.81,227.3,1.5654,0x0c52214e3bb9b741a364471533eff46f0d30a748a0e420c5c592be6149c03f9f,62294060270904249695794200910060002631813319762919354766696769222190527154245,1774756800,2026-03-29 06:09:11,1.0
39aad623,2026-03-29 06:09:51,BTC 5m UP,UP,5m,btc-5m-1774757100-up,0.99,1.0,180,1.8000,WIN,741.34,459.67,1.6128,0x904a8491a185dae31f5222cc600b07ac35975d6be888cc3c81eedf7f2055d105,89705279135403083929824873250742140797614187132709295247277266538830304147181,1774757100,2026-03-29 06:14:11,1.0
f4e92adb,2026-03-29 06:19:11,ETH 5m DOWN,DOWN,5m,eth-5m-1774757700-down,0.99,1.0,180,1.8000,WIN,418.7,273.0,1.5337,0xc4eb5ce3c4bbe02d5dd31e4c8c4f4d82083c07dc5fa90687b557352ba637ad5c,17343752212038045506991693484006131459772246255568121629230312824542696139981,1774757700,2026-03-29 06:24:11,1.0
9d1966e6,2026-03-29 06:24:39,ETH 5m DOWN,DOWN,5m,eth-5m-1774758000-down,0.99,1.0,180,1.8000,WIN,495.58,241.41,2.0529,0xa002ae08a122f3704b5c716968a1edac19051a44f8c3d32eb14b511a3291556b,71902913964700779023513929716621439792210391692423630790674979435805031054987,1774758000,2026-03-29 06:27:10,1.0
9e41cda3,2026-03-29 06:24:44,BTC 5m DOWN,DOWN,5m,btc-5m-1774758000-down,0.99,1.0,180,1.8000,WIN,2386.49,1171.93,2.0364,0xa17eafa789394b426c79ffbbc0c00b0eb1adb12155d21fa69337a5dabd61f4aa,57048992143222579026384090831167555158410954047116765347559838173170714996850,1774758000,2026-03-29 06:29:11,1.0
9c37c055,2026-03-29 06:25:05,ETH 15m DOWN,DOWN,15m,eth-15m-1774757700-down,0.99,1.0,180,1.8000,WIN,917.65,580.43,1.5810,0xdfe7de384983e5002a112ecf338ed05bc038f76ba2dd7b898330550d5915585e,46732269761578265169528877795722067071642167602731974982765317902692494252571,1774757700,2026-03-29 06:34:11,1.0
4e5182f3,2026-03-29 06:26:31,BTC 15m DOWN,DOWN,15m,btc-15m-1774757700-down,0.99,1.0,180,1.8000,WIN,1691.6,169.51,9.9794,0x2900d59476a388101cd5c7c7a54bd2c97253186942029a2dd8554deab50d507b,40530971021816796234145274951308332041628449488836763762442943304481308114658,1774757700,2026-03-29 06:36:11,1.0
d0e05fd9,2026-03-29 06:34:58,BTC 5m UP,UP,5m,btc-5m-1774758600-up,0.99,1.0,180,1.8000,WIN,226.12,99.28,2.2776,0x4cd705f7d0bac26d257f20f4c480cca7cd057a407ca6d72957eec438ec2dee8a,99413249756202828769404205724868691627773817551536558506718720738189562102301,1774758600,2026-03-29 06:39:11,1.0
ccb84293,2026-03-29 06:44:58,BTC 15m DOWN,DOWN,15m,btc-15m-1774758600-down,0.99,1.0,180,1.8000,WIN,50.37,13.16,3.8275,0xe344d1bce4e45ded534be3e415165df3398d633d2d30fb87eefa7a01983c791e,80373704912149374415439547125395704049567832002048830851202263111911846504596,1774758600,2026-03-29 06:49:11,1.0
a001dde5,2026-03-29 06:54:46,ETH 5m UP,UP,5m,eth-5m-1774759800-up,0.99,1.0,180,1.8000,WIN,337.53,189.46,1.7815,0xb729139e9ce56fd1c470352171dd0173be56479d521a9a86cbdec4fecfef3560,75969241013781220349854322212852589564007953504736505326150712224569448058690,1774759800,2026-03-29 06:59:11,1.0
19d02e99,2026-03-29 06:59:56,BTC 5m DOWN,DOWN,5m,btc-5m-1774760100-down,0.99,1.0,180,1.8000,WIN,935.84,499.47,1.8737,0x4063327f94e73bc0bd415d1c27c15762ebff934fc8a0f44cddf49aec22dd04d3,90710548886001662959507306521036114607822395362550745027073968132548172651223,1774760100,2026-03-29 07:04:11,1.0
61f57a05,2026-03-29 07:09:57,BTC 5m DOWN,DOWN,5m,btc-5m-1774760700-down,0.99,1.0,180,1.8000,WIN,1240.31,366.85,3.3810,0xc2ddd2c3fbbbc91a7025bc8095a1ecda07c8116b01c073b4aa787a46f1a145e8,33447700958945117801119737006959954665425600820162218508565813029801829841900,1774760700,2026-03-29 07:14:11,1.0
b6c75cfd,2026-03-29 07:14:25,BTC 15m DOWN,DOWN,15m,btc-15m-1774760400-down,0.99,1.0,180,1.8000,WIN,1504.3,937.29,1.6049,0xf051a89d18399e1df998d6029f5d095502aa7db2ac58913f6de8b64d0dc475aa,35789662651345539286647229775583858891340843080751744771649721567439868588272,1774760400,2026-03-29 07:19:10,1.0
d09cdd44,2026-03-29 07:19:57,BTC 5m UP,UP,5m,btc-5m-1774761300-up,0.99,1.0,180,1.8000,WIN,73.3,26.22,2.7956,0xd36828abc8feffd75013669c7edddb88807a18a5d533f439f80a338a7182d3da,572367090857550268958503326079847235448299047343285219363997421342242974935,1774761300,2026-03-29 07:22:10,1.0
229df86b,2026-03-29 07:29:17,BTC 5m DOWN,DOWN,5m,btc-5m-1774761900-down,0.99,1.0,180,1.8000,WIN,2121.11,1323.1,1.6031,0x46f33ab64027ae6abd462ab6f938f73bd022ea2f8ca3d984f3d68b18eabefa23,36490402943429862447187291880805446148894633944706824254235282162033388522269,1774761900,2026-03-29 07:36:11,1.0
759eb68c,2026-03-29 07:29:46,BTC 15m DOWN,DOWN,15m,btc-15m-1774761300-down,0.99,1.0,180,1.8000,WIN,1142.12,293.48,3.8916,0x3f2e194172bceb182759d083abe8da78edbc20fbf4362e312285c28191034656,49887613388150923641341328206249146362919517697228824115757292637912689735976,1774761300,2026-03-29 07:34:11,1.0
b461085c,2026-03-29 07:29:49,ETH 5m DOWN,DOWN,5m,eth-5m-1774761900-down,0.99,1.0,180,1.8000,WIN,198.02,61.21,3.2351,0x072986bf5bbe6ca0099ec046986f706f1487a24a7d39e48f7bde4e3331e44355,53524670742276149556172786158865227001054209035747630524080808514583208729057,1774761900,2026-03-29 07:32:10,1.0
913d3757,2026-03-29 07:43:51,ETH 15m UP,UP,15m,eth-15m-1774762200-up,0.99,1.0,180,1.8000,WIN,303.29,156.19,1.9418,0x40a044bdec18cf23f49488cfadcb8d9fe5ada3766a9d2b098d2406d3d407249e,5732699968010334310453113899379209721577719862926099603476649535452087994642,1774762200,2026-03-29 07:51:12,1.0
639e6d7b,2026-03-29 07:44:02,BTC 15m UP,UP,15m,btc-15m-1774762200-up,0.99,1.0,180,1.8000,WIN,1216.22,794.95,1.5299,0xafeb30b1e76de7a46090f901f50fb5631b991e83a5f5ef35061163c4d04fc600,51158000933800804334111683927701181555164170246099528153367870302495661892293,1774762200,2026-03-29 07:51:11,1.0
fac1f34e,2026-03-29 07:54:02,BTC 5m UP,UP,5m,btc-5m-1774763400-up,0.99,1.0,180,1.8000,WIN,5450.88,3180.35,1.7139,0xdce9f00a402145ffaa62928246bb2e4a9cb8391aa1790ca2f7dd4b82f32f257e,92536548237152622695342966459227292182252917115857715687812323881080397300101,1774763400,2026-03-29 08:01:11,1.0
07e09a44,2026-03-29 07:56:00,ETH 15m UP,UP,15m,eth-15m-1774763100-up,0.99,1.0,180,1.8000,WIN,485.0,302.99,1.6007,0x56baa359ce633c5f20ae8e7d0092f6ed5d4aec479c96e9060804001b84bc6f5c,66453812682419350215183318397943207833903276172741700956075563178736145284489,1774763100,2026-03-29 08:06:11,1.0
b269283e,2026-03-29 07:56:05,BTC 15m UP,UP,15m,btc-15m-1774763100-up,0.99,1.0,180,1.8000,WIN,1271.3,455.73,2.7896,0x0ae9bd352f583753dd8a8522465bc1a14e7cb172f857448b80d7a875dcff0f48,12591966620165632151555205531410582325773468075416501646431190373915057428807,1774763100,2026-03-29 08:04:11,1.0
a093f7d8,2026-03-29 08:13:26,BTC 15m UP,UP,15m,btc-15m-1774764000-up,0.99,1.0,180,1.8000,WIN,1511.06,685.06,2.2057,0x23a04ee191ce583b4d088245cf5fa962dbf907a3a65dbe1da52b016b3f0ff925,97611606037414451527632357159228866767818851422427409073759542307404509008142,1774764000,2026-03-29 08:19:10,1.0
587cf099,2026-03-29 08:24:27,BTC 5m DOWN,DOWN,5m,btc-5m-1774765200-down,0.99,1.0,180,1.8000,WIN,2654.46,1656.61,1.6023,0x7ddf13ea564a31daa56d1cdf303aaa39d35ad5a590d69e055b198a98cdf5aba5,82001309996527562795493646185648667678909769287344466615130340705664106214332,1774765200,2026-03-29 08:29:11,1.0
9ffe1233,2026-03-29 08:25:27,BTC 15m DOWN,DOWN,15m,btc-15m-1774764900-down,0.99,1.0,180,1.8000,WIN,2811.49,849.74,3.3086,0x9cd58da576dc7630c22b054bd500cd1b1bbebac612a7ca9b99eddbe4db56bb35,75599040954665656422272783605609649830659531578313566097671892726495525518995,1774764900,2026-03-29 08:34:11,1.0
ca3ce8f9,2026-03-29 08:25:53,ETH 15m DOWN,DOWN,15m,eth-15m-1774764900-down,0.99,1.0,180,1.8000,WIN,558.35,367.88,1.5178,0xa2b0a16cbd989c6ac1d586c6ead37883f584fd9102802f8f0f2ffd71e78bea60,21242925566765959937076845634854226617264987096957996774382725021085586985047,1774764900,2026-03-29 08:32:11,1.0
e21297a0,2026-03-29 08:39:58,BTC 5m DOWN,DOWN,5m,btc-5m-1774766100-down,0.99,1.0,180,1.8000,WIN,83.23,49.88,1.6686,0x6ec977f755e60ce0e7abeb1ab79417b5211430867056a86da6706e09408b0592,27767044849399188975538706036363243295021255166903481307923717388502493760530,1774766100,2026-03-29 08:44:11,1.0
a9354e01,2026-03-29 08:49:15,ETH 5m UP,UP,5m,eth-5m-1774766700-up,0.99,1.0,180,1.8000,WIN,178.69,110.65,1.6149,0x21ff48907b3a2f82a08bc9fb838f898ebd785b515cb994b7806f47449f40c255,26699084618784454686962390832708310265025594588140222454567510017883162766798,1774766700,2026-03-29 08:56:11,1.0
369bde10,2026-03-29 08:54:37,BTC 5m UP,UP,5m,btc-5m-1774767000-up,0.99,1.0,180,1.8000,WIN,1895.73,1039.67,1.8234,0xfc7e2103926c176feda1fe199f4786bcc2cebc63653aff83a9863d0104d938b7,59610899382888446611750173723840887719872656119364405277979263549515395141811,1774767000,2026-03-29 08:59:11,1.0
28e4ed3c,2026-03-29 08:59:17,ETH 15m UP,UP,15m,eth-15m-1774766700-up,0.99,1.0,180,1.8000,WIN,81.3,6.5,12.5077,0xbf842eae903e5483e93889fcac64e5e022219693b5816a92f0114a68e466f6fe,81530842271634987125957485761438527244434097440480818385037681380535762442048,1774766700,2026-03-29 09:04:11,1.0
f43370c3,2026-03-29 09:03:37,BTC 5m DOWN,DOWN,5m,btc-5m-1774767600-down,0.99,1.0,180,1.8000,WIN,5340.72,3524.52,1.5153,0x6b9d899a915b86e0df0d0c7a72ff2060df105309724dc7b3557eb3145ad38bba,39832648944804221368283089569719153081336033786807360438439639488796157053347,1774767600,2026-03-29 09:09:11,1.0
a9234b81,2026-03-29 09:07:45,BTC 15m DOWN,DOWN,15m,btc-15m-1774767600-down,0.99,1.0,180,1.8000,WIN,2953.5,1348.92,2.1895,0x262aca003c64d7d7c6942a887f723d17e2a32fcdf71fe97ed5ff5059bdbf21ff,4421852977081242067191558971480339210414309785867086665173643784850963045099,1774767600,2026-03-29 09:19:11,1.0
24b923f1,2026-03-29 09:09:11,ETH 15m DOWN,DOWN,15m,eth-15m-1774767600-down,0.99,1.0,180,1.8000,WIN,280.5,135.0,2.0778,0x6e4f5f7c5f132a5dcb0838a664ef37677f79b8c15d5a8ef44f49f3ea5d825ca5,90680102969384133949055381571005014401781363255244067442511203445539410322454,1774767600,2026-03-29 09:19:11,1.0
7dd09981,2026-03-29 09:19:40,ETH 5m UP,UP,5m,eth-5m-1774768500-up,0.99,1.0,180,1.8000,WIN,130.0,28.71,4.5280,0xbbce6658971d21ede971aa937e9006c2366c7a4f3b978a6adc145743534ff46d,78809409229597997589293111710800532749263699596380165109712557858232644553117,1774768500,2026-03-29 09:24:11,1.0
17be0c35,2026-03-29 09:24:59,BTC 5m UP,UP,5m,btc-5m-1774768800-up,0.99,1.0,180,1.8000,WIN,10.25,2.12,4.8349,0x1ee8f49fd05fdbb75c3dabbcac6139e89360792da9a87fb7b1e6564cec41b407,1128007577360816091458866029678254790641084928271843844460083487636311105225,1774768800,2026-03-29 09:29:11,1.0
e77a86c0,2026-03-29 09:28:05,BTC 15m UP,UP,15m,btc-15m-1774768500-up,0.99,1.0,180,1.8000,WIN,837.83,341.96,2.4501,0x4b5a7da600261cf5f156d12b00d19443e956c4d00fc7032da97ed24f8924dccf,64556079238499561737776256626073572887488120478646993010202634583955361561118,1774768500,2026-03-29 09:34:11,1.0
2d9a2b6f,2026-03-29 09:43:10,BTC 15m DOWN,DOWN,15m,btc-15m-1774769400-down,0.99,1.0,180,1.8000,WIN,1068.21,493.39,2.1650,0x19b46a18973e4dc7e71858ffdf28c627acc88c43dbbe23de315012784bd2625a,51406339459238728300288185649419459347574681728934597015810284705282177435315,1774769400,2026-03-29 09:49:12,1.0
e66c7666,2026-03-29 09:54:25,ETH 5m UP,UP,5m,eth-5m-1774770600-up,0.99,1.0,180,1.8000,WIN,468.89,233.32,2.0096,0xbcb29ef55273e62bc5dfc04dfdacb2cb7e0ecb1cb1bee7a4f1330e94fc7d7d20,4999883242902843616698969538116204782982822140140810684348823827628345857284,1774770600,2026-03-29 10:01:12,1.0
0fbf78de,2026-03-29 09:54:42,BTC 5m UP,UP,5m,btc-5m-1774770600-up,0.99,1.0,180,1.8000,WIN,2565.45,925.53,2.7719,0xadd492b35d698967431b3001f81b8805c02f42aba0b88d3d87dd451109371127,2745680427075285157326562673910842664012576187264588738980403973016516975258,1774770600,2026-03-29 10:01:12,1.0
2168f48a,2026-03-29 09:56:07,ETH 15m UP,UP,15m,eth-15m-1774770300-up,0.99,1.0,180,1.8000,WIN,388.15,121.73,3.1886,0xcdb0a1a899bca80e56facd1e84b0f680d061065d0bd39cb7abb8067b0b4c7dc2,44874370413136973054141129438696108815727887942667254277027550178773775437026,1774770300,2026-03-29 10:04:12,1.0
e90475c5,2026-03-29 09:57:16,BTC 15m UP,UP,15m,btc-15m-1774770300-up,0.99,1.0,180,1.8000,WIN,2201.32,1456.21,1.5117,0x1b44846af4dadd5d4b3e489b4ab8504d74df97e76c8ccd1ac167573f90854bcf,67958487742797084826355393396201762391584632282851347156656665851820164297224,1774770300,2026-03-29 10:04:12,1.0
85f5fa79,2026-03-29 09:59:46,ETH 5m DOWN,DOWN,5m,eth-5m-1774770900-down,0.99,1.0,180,1.8000,WIN,340.52,109.18,3.1189,0xd1773ed809c79d7c08c52a84abb8019da6c60e0f735b53f83a16e76ffd4297da,52783370537027306011498321159816148446407430894745676414654922789257927687420,1774770900,2026-03-29 10:04:11,1.0
2f617c3b,2026-03-29 10:29:10,ETH 15m UP,UP,15m,eth-15m-1774772100-up,0.99,1.0,180,1.8000,WIN,137.03,42.0,3.2626,0x4e1e8043255b8e171e76d8a71f4d60a0cd1e224839347d51756668dc4fd8ea23,79487775570080792838624321945186457530005093043834313745083246471862408633099,1774772100,2026-03-29 10:34:11,1.0
b65a1328,2026-03-29 10:29:46,ETH 5m UP,UP,5m,eth-5m-1774772700-up,0.99,1.0,180,1.8000,WIN,147.61,71.44,2.0662,0x3cafc135456075d7df50ef40008de8a4d4a3414b09587e4a66a8e280e83b3f91,101767383639446351527832465320608381573579492186541544705488171599505931183643,1774772700,2026-03-29 10:36:11,1.0
ba899a55,2026-03-29 10:34:49,BTC 5m UP,UP,5m,btc-5m-1774773000-up,0.99,1.0,180,1.8000,WIN,1924.09,999.57,1.9249,0x026d6a31a212e317d58dc42473909e2872a600effa39a2b5f543aef618c95955,56837581657618687482029629997293930173560553066368345801788901847312231402141,1774773000,2026-03-29 10:39:10,1.0
9fa7abf2,2026-03-29 10:39:52,BTC 5m UP,UP,5m,btc-5m-1774773300-up,0.99,1.0,180,1.8000,WIN,1292.6,415.18,3.1133,0x7851bd06bd0f576122ff8c50f25f71efb87d3461f3136b09a954be013776795e,56478031699118428510516075006359039192912425645905912391700378754311213546283,1774773300,2026-03-29 10:44:11,1.0
85e2134e,2026-03-29 10:59:53,ETH 15m DOWN,DOWN,15m,eth-15m-1774773900-down,0.99,1.0,180,1.8000,WIN,97.08,40.49,2.3976,0x76ebfdc3a38a9c86fa004e0c518540cc3a60b9fa733df22968961c75767b0499,32979330982631451497667858361421212421662748958745899999134234210954628910049,1774773900,2026-03-29 11:02:10,1.0
698a2f4d,2026-03-29 11:07:30,ETH 5m DOWN,DOWN,5m,eth-5m-1774775100-down,0.99,1.0,180,1.8000,WIN,588.46,48.32,12.1784,0xe95a47d04c2b6d9691116410d6be4be6e1aee0a004dc72ccc52705421c2d0e4a,61698612790819065920352657420153363011165267172746748505578581914064292976239,1774775100,2026-03-29 11:16:11,1.0
0c58a8f3,2026-03-29 11:07:42,BTC 5m DOWN,DOWN,5m,btc-5m-1774775100-down,0.99,1.0,180,1.8000,WIN,1281.86,700.67,1.8295,0x040061260506b5ad634fa11e1b58710014d499b0f572cb73bd042e3103b6e6d1,87279348975682507080660009388101474377209094623967119564196792644189032561738,1774775100,2026-03-29 11:16:12,1.0
73c50013,2026-03-29 11:14:08,BTC 15m DOWN,DOWN,15m,btc-15m-1774774800-down,0.99,1.0,180,1.8000,WIN,1538.37,1021.72,1.5057,0x98254a7f4d8b09fafdf1635c5917b3e2ef64412c89b339a8c1fd8d86c14d7c4d,87936913480676606482507692286541656119790298051709011151128909333066809607115,1774774800,2026-03-29 11:19:11,1.0
21795c1b,2026-03-29 11:14:46,ETH 15m DOWN,DOWN,15m,eth-15m-1774774800-down,0.99,1.0,180,1.8000,WIN,124.29,55.26,2.2492,0xd408be3b64475395cb73b7301377e5f5a2319e8e44df8f7c65b294fbcb6be138,68371937121937911879207315471349105964132351904824498184814003001785077654561,1774774800,2026-03-29 11:19:11,1.0
60104f4f,2026-03-29 11:19:57,BTC 5m DOWN,DOWN,5m,btc-5m-1774775700-down,0.99,1.0,180,1.8000,WIN,1826.78,924.39,1.9762,0xd6cc40f5989b2214fded67184c6b814c45170b615d4dd1841b9773decb6fac78,12121824219860538038573930938306391680430009122154951470690875686777471086381,1774775700,2026-03-29 11:24:10,1.0
6d337c47,2026-03-29 11:29:52,ETH 5m UP,UP,5m,eth-5m-1774776300-up,0.99,1.0,180,1.8000,WIN,225.0,131.66,1.7089,0x19232031fd6204c170a11b75fa2074bdc2fa5199b23ea1fdaa62db345b14b1a9,82829660851053178051874366123911508284660808933951900361858669451966611638685,1774776300,2026-03-29 11:34:11,1.0
fafc6fb9,2026-03-29 11:29:57,BTC 15m DOWN,DOWN,15m,btc-15m-1774775700-down,0.99,1.0,180,1.8000,WIN,428.03,150.7,2.8403,0xb231433b35c0c14f27a800dffc9f33b18831b123ea1f6f46eb4f02b1bf027a7b,94276730817988996307504206514125027884232226517221997496161565660211320126524,1774775700,2026-03-29 11:34:11,1.0
430a50df,2026-03-29 11:34:11,BTC 5m DOWN,DOWN,5m,btc-5m-1774776600-down,0.99,1.0,180,1.8000,WIN,374.59,94.31,3.9719,0x62e1e8c774c98667e7e6f66d3954d45fecfdcec467afb1bb1455f67bc34bb828,98415380873776840484274763775937235968900844593770762187754548791478978858328,1774776600,2026-03-29 11:41:12,1.0
bb62b6f9,2026-03-29 11:39:15,ETH 5m UP,UP,5m,eth-5m-1774776900-up,0.99,1.0,180,1.8000,WIN,1130.29,355.31,3.1811,0x1b132aed31f73a95830ff012ee9df189e0ea7f1b57fc135d3bc412d86bc12aac,63915266343161858448296371932630727077609888554413416833986545120030689184949,1774776900,2026-03-29 11:44:11,1.0
5dbce7f4,2026-03-29 11:39:53,BTC 5m UP,UP,5m,btc-5m-1774776900-up,0.99,1.0,180,1.8000,WIN,2073.27,1200.21,1.7274,0x8bf41175af2a28ec3e18f6ea94d3c6569e43c93c6843cd6c9d7e3d8f1502d115,25360968779998363237714970531127765323185099643549502154305520660045426855914,1774776900,2026-03-29 11:46:11,1.0
815c7c81,2026-03-29 11:43:11,ETH 15m DOWN,DOWN,15m,eth-15m-1774776600-down,0.99,1.0,180,1.8000,WIN,445.17,255.68,1.7411,0x8fd8af8a37a7c466c08891ca3cc337ff97db98cc3d9cbb76f4221a534aee833d,106664251258258550065414651600858159512449597394047831039538676581091503920542,1774776600,2026-03-29 11:49:10,1.0
53b8db32,2026-03-29 11:44:55,ETH 5m DOWN,DOWN,5m,eth-5m-1774777200-down,0.99,1.0,180,1.8000,WIN,67.02,36.7,1.8262,0x2e6798f70fa720105a9f06d852d4b57d174d13cbb6552db4ef5f477a4737eed8,53301131829925479646079303181699148780344178497515953195318841006129158298592,1774777200,2026-03-29 11:47:11,1.0
ed0a5f28,2026-03-29 11:56:56,BTC 15m UP,UP,15m,btc-15m-1774777500-up,0.99,1.0,180,1.8000,WIN,1669.44,855.42,1.9516,0xb648528da3c17a233ea35440b87c738929c0a8dcf1e8d83717a257149e47ae40,20273077868563310640340620174681326658131957923751259675193429291086076379673,1774777500,2026-03-29 12:04:11,1.0
6854a02b,2026-03-29 12:00:01,BTC 5m UP,UP,5m,btc-5m-1774778100-up,0.99,1.0,180,1.8000,WIN,26738.0,3160.8,8.4593,0x9e9c433b5d9e6b5f82893c0927f34a20b6256f36e6fbf5ecab6ad02211782292,31344973096620511614099210376305079391745733175924355072229769260770251770171,1774778100,2026-03-29 12:04:11,1.0
63854838,2026-03-29 12:04:48,BTC 5m DOWN,DOWN,5m,btc-5m-1774778400-down,0.99,1.0,180,1.8000,WIN,315.0,65.85,4.7836,0x78bf881715a4d349c51085b3751b7b3ef43f87456d40eb7b6ca88877fd3f7d43,59517068451521260389328842542235471840637956081984723738837106392134116273808,1774778400,2026-03-29 12:09:11,1.0
76e92a6e,2026-03-29 12:09:25,ETH 5m DOWN,DOWN,5m,eth-5m-1774778700-down,0.99,1.0,180,1.8000,WIN,126.51,18.0,7.0283,0x5377099f2ca305275770d445b672b94382548641144f126c89c658d6a4a3418a,28454795097743134481508867496602298409957970478359107964887908886765921963065,1774778700,2026-03-29 12:14:10,1.0
4bb4aec8,2026-03-29 12:11:15,BTC 15m DOWN,DOWN,15m,btc-15m-1774778400-down,0.99,1.0,180,1.8000,WIN,1094.13,120.63,9.0701,0xd3d13d2502d859a350f1dc53660c484e9c18e2f9389830ddcd58dd3c4ec68bf2,99496954251835725966168689929957220065093579559314243107849382436723875087274,1774778400,2026-03-29 12:21:11,1.0
1412bac7,2026-03-29 12:13:01,ETH 15m DOWN,DOWN,15m,eth-15m-1774778400-down,0.99,1.0,180,1.8000,WIN,885.05,316.94,2.7925,0xd488c6aab80bd8a0b3a82011c6ac45e6e9cb677e0d11b3d257513a1cd2a6528a,80250938898208798626364464717454204865550365641412747365076122251842183585317,1774778400,2026-03-29 12:19:11,1.0
f3162e8d,2026-03-29 12:19:45,ETH 5m DOWN,DOWN,5m,eth-5m-1774779300-down,0.99,1.0,180,1.8000,WIN,225.44,114.24,1.9734,0x72de7b6efaec045e33ec8ff7ef71cb6f6138e56c94ad4f420e1180642bcd4821,68921475133230164291191793822453635174422714863800453736437473037629946600672,1774779300,2026-03-29 12:24:11,1.0
cbae3aba,2026-03-29 12:28:18,ETH 15m DOWN,DOWN,15m,eth-15m-1774779300-down,0.99,1.0,180,1.8000,WIN,810.08,361.32,2.2420,0x7fb7211bf26b200bc5506491a00283551d34e7e9145ac04d877bead4172cc170,12060552705436867644030585817570361146629070056561370614544042913345370564239,1774779300,2026-03-29 12:36:12,1.0
7c9ca1d9,2026-03-29 12:28:22,BTC 15m DOWN,DOWN,15m,btc-15m-1774779300-down,0.99,1.0,180,1.8000,WIN,702.87,291.66,2.4099,0xfb85366abdc2ceefd677bfd5c4aaa9aef3331f0755a445dc18e323a32ec93b75,101169723433757559942586550628930586449940182465400106671218329674969307691395,1774779300,2026-03-29 12:36:12,1.0
f7856b18,2026-03-29 12:38:30,ETH 5m UP,UP,5m,eth-5m-1774780500-up,0.99,1.0,180,1.8000,WIN,307.69,55.06,5.5883,0xa2e1da3d780a39bd5fdf1a27ca84ef3545cbfd13ca8ecfe3ee283636e2e45252,113843952987801609845876917248644880732773768101374647687966914775704182253599,1774780500,2026-03-29 12:46:12,1.0
fb880e28,2026-03-29 12:38:51,BTC 5m UP,UP,5m,btc-5m-1774780500-up,0.99,1.0,180,1.8000,WIN,1746.89,538.65,3.2431,0x5c684e3d3d55ae8363d349ca0632d5bae67e5b0355b917ecf6ba6479a7c6f5e1,25794409144454983617473676573176259382873625214350840148573886465028127206588,1774780500,2026-03-29 12:44:11,1.0
d66f5551,2026-03-29 12:44:02,BTC 15m UP,UP,15m,btc-15m-1774780200-up,0.99,1.0,180,1.8000,WIN,1062.01,548.77,1.9353,0x206d89e5182618dfbe774720139347d11a1812876bb90c8ac16b2302f86fe4c3,50986084657163464032918489176806697300881218832290175476703926656062498983473,1774780200,2026-03-29 12:51:11,1.0
a718ea24,2026-03-29 12:59:31,BTC 15m DOWN,DOWN,15m,btc-15m-1774781100-down,0.99,1.0,180,1.8000,WIN,936.76,538.0,1.7412,0x0a1c5bb4dc4dba6bec2ec4b44edb85a82aaa6da1ca3704dad55583195ef453d8,41108558526847620778819927411891650584101388274537913397351906677690129850000,1774781100,2026-03-29 13:04:11,1.0
b0d6ad8d,2026-03-29 13:03:45,ETH 5m UP,UP,5m,eth-5m-1774782000-up,0.99,1.0,180,1.8000,WIN,252.24,103.51,2.4369,0x2c24b510624203aeb42b8ad46a949ac141b3753ff2e635739b917b4356795755,41216897672305816743354973910473710992497488232295486075118015505593946294180,1774782000,2026-03-29 13:11:11,1.0
543b0ba1,2026-03-29 13:04:30,BTC 5m UP,UP,5m,btc-5m-1774782000-up,0.99,1.0,180,1.8000,WIN,329.91,95.6,3.4509,0x470edb0c4b7b1ca190fbb6b35c0745e994ee3afcfe983e1272137b96d2362766,7825809152602319535385031314412237905147594247354827564381431012038051539948,1774782000,2026-03-29 13:09:10,1.0
fa0e012a,2026-03-29 13:07:16,BTC 15m UP,UP,15m,btc-15m-1774782000-up,0.99,1.0,180,1.8000,WIN,2900.85,339.0,8.5571,0xc0198f6b0e42245b9d827ab4356118fcb2cdc5b11c0274b2ef7450a16cc99a7e,24684691307694351393541533789722941724349412772429990598613080732619518445093,1774782000,2026-03-29 13:19:11,1.0
bc173c82,2026-03-29 13:07:21,ETH 15m UP,UP,15m,eth-15m-1774782000-up,0.99,1.0,180,1.8000,WIN,478.62,287.18,1.6666,0x9cb28492a5cbf5ec5c2798c9e112c3b521f34d12229757e00d11c385c1098e74,19507617286744165107882516516000020847316095928543697719126933852237706682501,1774782000,2026-03-29 13:17:10,1.0
dfdac1ab,2026-03-29 13:09:28,ETH 5m UP,UP,5m,eth-5m-1774782300-up,0.99,1.0,180,1.8000,WIN,163.0,16.51,9.8728,0x8276296dc117268753366c1dcf0eb9356d653bf35b85c83fe5417bf5ac3a0664,28057177232503385519698350725723253646108625026625883915514168836203557544183,1774782300,2026-03-29 13:14:11,1.0
34d17da0,2026-03-29 13:09:31,BTC 5m UP,UP,5m,btc-5m-1774782300-up,0.99,1.0,180,1.8000,WIN,1360.46,871.1,1.5618,0x31b00b403e12bfe2017745a5ee62968001f4e2e135e24e188790f07282a8c2c0,32131412552268427305515462384691428518213523643712050787965849770277772697866,1774782300,2026-03-29 13:14:11,1.0
144d8ab7,2026-03-29 13:24:55,ETH 5m DOWN,DOWN,5m,eth-5m-1774783200-down,0.99,0.0,180,-178.2000,LOSS,93.0,52.87,1.7590,0x93fdcfe02522edfc2324b04a082c4b1bb1488c0a04a7ce5271373609d57c0bf8,85195939627466409353058736719242787279770604613906794137555157278060792620941,1774783200,2026-03-29 13:31:11,0.0
bfd35496,2026-03-29 13:29:03,BTC 15m UP,UP,15m,btc-15m-1774782900-up,0.99,1.0,180,1.8000,WIN,982.21,452.25,2.1718,0xaa2b347a7777e92f1d5179d4be3d17e70f9253f082bc0d7c13d1271b9db85841,25142384429851117324954260679403188368013474890412997630898208763568203631992,1774782900,2026-03-29 13:36:11,1.0
8657f095,2026-03-29 13:29:58,BTC 5m UP,UP,5m,btc-5m-1774783500-up,0.99,1.0,180,1.8000,WIN,111.56,25.58,4.3612,0x59becf7fb49b3aaca4126b9661eb2630ecb30389e54b2463bb19895b8ed7cc7c,671956039604253969413783467576881506329837127740034889129382055359611983002,1774783500,2026-03-29 13:34:11,1.0
acfd9da8,2026-03-29 13:39:13,ETH 5m UP,UP,5m,eth-5m-1774784100-up,0.99,1.0,180,1.8000,WIN,160.69,57.0,2.8191,0x5f53df8b0c9d39e8a19b2b6173962cab91d07f2fce915e98060eb55f8e7a94d3,106122483625798446214610723630667456136160676985216485930074003560217528173377,1774784100,2026-03-29 13:44:11,1.0
a13a2db4,2026-03-29 13:39:46,BTC 5m UP,UP,5m,btc-5m-1774784100-up,0.99,1.0,180,1.8000,WIN,1014.94,673.12,1.5078,0x272e16292b656fcac4ae741d64ef7709b8a204e01e6a5a8b8e93e5a1fb238493,21802015432718589053326093203257943338864856591879467514619234996964103763391,1774784100,2026-03-29 13:44:11,1.0
11c85e34,2026-03-29 13:44:01,BTC 15m UP,UP,15m,btc-15m-1774783800-up,0.99,1.0,180,1.8000,WIN,1545.26,1008.38,1.5324,0xeef108b26511cad8b8fcc7ff47613d22309270d35ad740962bcaf141a9edc837,61304799057440373606537916767281628683528649522995154665158113157463788970368,1774783800,2026-03-29 13:49:11,1.0
73db7838,2026-03-29 13:49:31,BTC 5m DOWN,DOWN,5m,btc-5m-1774784700-down,0.99,1.0,180,1.8000,WIN,1882.95,823.79,2.2857,0x91b992eaeac80abdaf8b07bd62a2bcb675cb568cc05117ca530bc90bc07fa047,42524263873094238528321045354711744355097000217034219483609696481810714984130,1774784700,2026-03-29 13:54:11,1.0
20c262b7,2026-03-29 13:58:45,ETH 15m DOWN,DOWN,15m,eth-15m-1774784700-down,0.99,1.0,180,1.8000,WIN,166.11,16.92,9.8174,0x35794acaf92ded123d487120b5f9c8ab749b86b0a06deae3ac24748aba7b7d6f,107554916301421858015992269624411528641389631624162457780860624239871827474361,1774784700,2026-03-29 14:04:11,1.0
f465e39c,2026-03-29 13:58:54,BTC 15m DOWN,DOWN,15m,btc-15m-1774784700-down,0.99,1.0,180,1.8000,WIN,1630.05,192.77,8.4559,0xa7e093f2fb2b7696dc7580241525173e58507e3090c55e4faebbc05af9eb7781,61103466193810161748720260477393878084145515936041318230489598155394650789909,1774784700,2026-03-29 14:04:11,1.0
f1283b3d,2026-03-29 13:59:54,BTC 5m DOWN,DOWN,5m,btc-5m-1774785300-down,0.99,1.0,180,1.8000,WIN,1721.68,1087.3,1.5834,0xf2c9794b11b3ab30a93f9b379830cd5e701a33d66469ad511585d6d29f73b73e,34209733173080572861501738041767590636311012610721632145801513044859871160430,1774785300,2026-03-29 14:04:11,1.0
4b9656bc,2026-03-29 14:09:57,BTC 5m DOWN,DOWN,5m,btc-5m-1774785900-down,0.99,1.0,180,1.8000,WIN,639.89,165.79,3.8596,0xe8058a024ff9f7b090bcd111e52de8b0aa42c95545307074e61a15279f4a9a65,20293554106153746778564778047874658301399301315341210379502951866038855478101,1774785900,2026-03-29 14:14:11,1.0
5258f043,2026-03-29 14:14:54,BTC 15m DOWN,DOWN,15m,btc-15m-1774785600-down,0.99,1.0,180,1.8000,WIN,1439.35,813.96,1.7683,0x78dc3451915f614cf5afe6776c65fb0411de7f87c2da0ff61b70925d70fbff1d,29259228674623894133499490780874254805318399568711308320603314174443450305475,1774785600,2026-03-29 14:19:11,1.0
93ab4731,2026-03-29 14:24:58,ETH 5m UP,UP,5m,eth-5m-1774786800-up,0.99,1.0,180,1.8000,WIN,516.98,314.86,1.6419,0xbfd2c67a62240c8d1d0a7b0f920fc9da195f85d17f78f1de21b48e349de8be00,59909346047538481633013023340264903772288390381391063230054011508928040964152,1774786800,2026-03-29 14:29:11,1.0
50cef19c,2026-03-29 14:25:01,BTC 5m UP,UP,5m,btc-5m-1774786800-up,0.99,1.0,180,1.8000,WIN,11414.0,1369.61,8.3338,0x5db358a071fd4c382eb5491577237aa84795290b9a1832bdc49ead7e64c4976c,35198695386282892375422041988601836501155403854628109128055375360398926869761,1774786800,2026-03-29 14:31:11,1.0
fa09afc3,2026-03-29 14:34:35,BTC 5m DOWN,DOWN,5m,btc-5m-1774787400-down,0.99,1.0,180,1.8000,WIN,2702.71,1318.92,2.0492,0x43725d02410d949e5626e1c30478c7a79f2e59f2f5d4eb3378e019fab63eca31,43978630482727705134567205900430330251925658474369849966969170154257843420830,1774787400,2026-03-29 14:39:10,1.0
8a9d3ff0,2026-03-29 14:44:43,BTC 15m DOWN,DOWN,15m,btc-15m-1774787400-down,0.99,1.0,180,1.8000,WIN,1533.44,929.53,1.6497,0xeddb01bb741a7e2a844b6f50abe07ab32a3cef751ded0c89418f821f32a0dff9,49725245570640368877656479319747877318640400525221418841374495725048694848947,1774787400,2026-03-29 14:51:11,1.0
7d16dde0,2026-03-29 14:49:00,BTC 5m UP,UP,5m,btc-5m-1774788300-up,0.99,1.0,180,1.8000,WIN,3558.95,2341.7,1.5198,0x8a1f9cadace2fb2951e7cfe7dce290dc72e5e625658ccbf1c1a8ac1be197679b,106495785295098114534930739371573290384690223020918322980920610010220533214875,1774788300,2026-03-29 14:54:11,1.0
481e32f6,2026-03-29 14:55:06,BTC 15m UP,UP,15m,btc-15m-1774788300-up,0.99,1.0,180,1.8000,WIN,1627.58,987.0,1.6490,0x1bd2a6c0b2d7a9c614bf5712138ed0836a76841f32207a8ef8f519f8bf26fb05,43841789216287713855647030874417636109313441392429485559598542938764274278802,1774788300,2026-03-29 15:04:11,1.0
2a20e08a,2026-03-29 15:04:57,BTC 5m DOWN,DOWN,5m,btc-5m-1774789200-down,0.99,1.0,180,1.8000,WIN,1752.08,594.58,2.9468,0xceb83910a987572518262be4e1aa31c774aca2fa158ccf943f3cf8d2a2598247,104210826028296699106038433621232648044757420356470995021320752607738945907945,1774789200,2026-03-29 15:09:11,1.0
852a560e,2026-03-29 15:07:41,ETH 15m DOWN,DOWN,15m,eth-15m-1774789200-down,0.99,1.0,180,1.8000,WIN,674.18,332.34,2.0286,0x419f74428e4040b7a3c76ec50237b80f02949362cd893a9d5fb93193239459d4,87750148224873796788918958170475030275569358059311618406157838030239715914260,1774789200,2026-03-29 15:19:11,1.0
1fc9c174,2026-03-29 15:08:34,BTC 15m DOWN,DOWN,15m,btc-15m-1774789200-down,0.99,1.0,180,1.8000,WIN,1274.51,789.17,1.6150,0x1634dd3ab49367b3e98431f552cef11ef31bca601f6644ea7f4475d96b757767,98594272861023996968753895032235314962081336151958099998413474790398876475003,1774789200,2026-03-29 15:21:12,1.0
05061d9e,2026-03-29 15:14:30,BTC 5m UP,UP,5m,btc-5m-1774789800-up,0.99,1.0,180,1.8000,WIN,4512.69,2552.18,1.7682,0x7b404f0ef7f74d4bffe60395be1c0ef89fbdba44fe87ce676ba751c3f47c782d,17486349367860051933018241072585035687338526697674003106755017175811281609968,1774789800,2026-03-29 15:21:11,1.0
8e78e19b,2026-03-29 15:29:59,BTC 5m DOWN,DOWN,5m,btc-5m-1774790700-down,0.99,1.0,180,1.8000,WIN,6.0,3.95,1.5190,0x4dfd7c8a29e76832819056f51769a81a54587626ee6bdcf7806bfe5163762951,64319874750596325140759949366855391841965399825638592146064892885346470156829,1774790700,2026-03-29 15:34:11,1.0
6f1246bf,2026-03-29 15:39:43,BTC 5m UP,UP,5m,btc-5m-1774791300-up,0.99,1.0,180,1.8000,WIN,2534.57,1094.16,2.3165,0x0f980213501bb11b9f35ee9009c4fdcf40ade1d8523ab0224982434e35fd4b9f,28440574836994817324363235270548446681456282522377805856568023175095956988172,1774791300,2026-03-29 15:46:12,1.0
14fe0c75,2026-03-29 15:44:32,BTC 15m UP,UP,15m,btc-15m-1774791000-up,0.99,1.0,180,1.8000,WIN,1237.67,786.4,1.5738,0xf628f9d641e32364d5dc7a54da53e5d1d679a0f69c6fcb9cc87a6fc4d1a1db21,28494018597083630762671551722488841312703743183594477178103124829251630310748,1774791000,2026-03-29 15:49:11,1.0
9286d5f6,2026-03-29 15:44:57,BTC 5m DOWN,DOWN,5m,btc-5m-1774791600-down,0.99,1.0,180,1.8000,WIN,956.52,371.0,2.5782,0x406d2dfa4aff4c3faf7e72a972bc6d7a106743eae7947c4808bd6be7c8baa72a,98403272251312425272189899336340380625456730815790724868349398494820890060613,1774791600,2026-03-29 15:49:11,1.0
0014c20f,2026-03-29 15:49:26,BTC 5m DOWN,DOWN,5m,btc-5m-1774791900-down,0.99,1.0,180,1.8000,WIN,804.01,359.44,2.2368,0x0ba7a4a952f3848df2c20fda7a47fcb7b89203754e50abca3569a8c6f644c309,7622592653828991287568311552904735707620207423323634613786438325796796541182,1774791900,2026-03-29 15:54:11,1.0
6b6f99e2,2026-03-29 15:54:58,ETH 5m DOWN,DOWN,5m,eth-5m-1774792200-down,0.99,1.0,180,1.8000,WIN,71.1,34.6,2.0549,0x187ca3440007c4aacacdfcb92ff1790dd3ad0a2d277c2b0e1a1b4fc3664ba854,46425499178851369693183624072853860139193156746156776126726237056425949233774,1774792200,2026-03-29 15:59:11,1.0
3183cc3e,2026-03-29 15:57:13,BTC 15m DOWN,DOWN,15m,btc-15m-1774791900-down,0.99,1.0,180,1.8000,WIN,1935.1,1284.69,1.5063,0x2d6e28da0921ac88a7f423cb83283f713899e2398911797ae7096aa8124da451,101303913918322510798267078715484013032775606397331982853936217324653674120001,1774791900,2026-03-29 16:04:11,1.0
09a5610c,2026-03-29 15:59:45,BTC 5m DOWN,DOWN,5m,btc-5m-1774792500-down,0.99,1.0,180,1.8000,WIN,1867.86,1173.85,1.5912,0x38f5bc5b67f94cd0dd777756efd3974d504e15f5551e75f676dce1629dd4a0b7,106539789720058375028887816985703685538942881797738511664554782166904251313094,1774792500,2026-03-29 16:04:11,1.0
42e26c46,2026-03-29 16:04:02,BTC 5m DOWN,DOWN,5m,btc-5m-1774792800-down,0.99,1.0,180,1.8000,WIN,4694.72,3050.45,1.5390,0x1e3748a90d7caa154cd790cdca53b747a894fbfda49ec88adef006731899e39e,89533029268496469134641547572341707653467568661435220947147833191662954412768,1774792800,2026-03-29 16:07:10,1.0
a5555384,2026-03-29 16:09:56,BTC 5m UP,UP,5m,btc-5m-1774793100-up,0.99,1.0,180,1.8000,WIN,747.44,487.55,1.5331,0xf56b1a5604d6be7f4223bf12cbc1c5ed72ccbc27a2f3db936440c8d9cc2dafaa,19122771972261673930180716528603907692990566722773597790746949123763715247654,1774793100,2026-03-29 16:14:11,1.0
1b33c31b,2026-03-29 16:09:58,ETH 5m DOWN,DOWN,5m,eth-5m-1774793100-down,0.99,1.0,180,1.8000,WIN,10.1,5.82,1.7354,0xd68dc1a85d2a4f26a4b191f0e1f9e5fa5913db0b3efc87a78fd36cefe687db41,30203455059781997516918660880757192749586607436137659916482476646417783481398,1774793100,2026-03-29 16:16:11,1.0
ab9049c1,2026-03-29 16:11:52,ETH 5m UP,UP,5m,eth-5m-1774793400-up,0.99,1.0,180,1.8000,WIN,135.89,58.58,2.3197,0x2a73831711dc876228314f87132e142446fff572d86502b1d715808dadb7b457,61624025647239208392539215679628310438727654033113642435812469679871539363233,1774793400,2026-03-29 16:19:12,1.0
fa482ead,2026-03-29 16:12:02,BTC 5m UP,UP,5m,btc-5m-1774793400-up,0.99,1.0,180,1.8000,WIN,8602.18,4601.7,1.8693,0x0e3b291280433a6eb3f96c50be7d0055e1bbc5bde9e2ae6331efd0a662892cb3,94085096513576974930086566436059367090985770842747090844152498893806857934693,1774793400,2026-03-29 16:19:11,1.0
bf9b8b3f,2026-03-29 16:12:05,BTC 15m UP,UP,15m,btc-15m-1774792800-up,0.99,1.0,180,1.8000,WIN,1287.93,704.84,1.8273,0x4be7720bb24dde624cd63aad93d6983f33a764c629a29e70045b068433127d86,68994171844654017912921386995378389475840547535059527439213746416227024260803,1774792800,2026-03-29 16:21:12,1.0
ac76e567,2026-03-29 16:26:42,BTC 15m DOWN,DOWN,15m,btc-15m-1774793700-down,0.99,1.0,180,1.8000,WIN,2707.53,1188.48,2.2781,0xd52fe34720114489d0967a931b8ad2b4135dc31545763b598fc2e7fb2e5332f2,21537624457369898431992060379773466803094646269591734880732557736736978174806,1774793700,2026-03-29 16:36:12,1.0
ea79d254,2026-03-29 16:27:10,ETH 15m DOWN,DOWN,15m,eth-15m-1774793700-down,0.99,1.0,180,1.8000,WIN,30.0,3.98,7.5377,0x8fc97b2e2135ffa1ca001bf8f5175c1ab8d8784f6d69c50dabb8f92b2132a017,105687962479418945922141728354588676953423220622825468808537320651361068515945,1774793700,2026-03-29 16:34:11,1.0
92df54e4,2026-03-29 16:29:47,BTC 5m DOWN,DOWN,5m,btc-5m-1774794300-down,0.99,1.0,180,1.8000,WIN,2428.56,1586.74,1.5305,0x4f06e6b315fb3521843f45e58fc02bbfc13e3554496b996cab842d4c83c29998,40136599355058626287233735363590259045234581544672164443616751900616272589970,1774794300,2026-03-29 16:36:11,1.0
8e8e4281,2026-03-29 16:34:50,BTC 5m UP,UP,5m,btc-5m-1774794600-up,0.99,1.0,180,1.8000,WIN,1766.54,587.67,3.0060,0x8c6b952c9a48586f36eb5769b660e2f9b81c77184a0064454741dfa9f0dc584b,55543007079536648011629178598744150646675201193822439830351825712327501867847,1774794600,2026-03-29 16:39:11,1.0
34947b88,2026-03-29 16:39:54,BTC 5m DOWN,DOWN,5m,btc-5m-1774794900-down,0.99,1.0,180,1.8000,WIN,2047.83,1339.23,1.5291,0x211deedf0cb97cccb0041e9a8364dce56d4a6aaf975facc6b7607ed3f6731f28,114233818338909757786712779746453391844093213468874053767729827197578094673840,1774794900,2026-03-29 16:44:11,1.0
e3853866,2026-03-29 16:49:56,BTC 5m DOWN,DOWN,5m,btc-5m-1774795500-down,0.99,1.0,180,1.8000,WIN,58.0,26.0,2.2308,0x323258bcf2bd344905792e38d51dadd65c6f41babccd930ad4c3f8014626c691,85957582439690819546779285459355546903772464824596541410957376958660412863398,1774795500,2026-03-29 16:56:11,1.0
97b74c08,2026-03-29 16:59:45,BTC 5m UP,UP,5m,btc-5m-1774796100-up,0.99,1.0,180,1.8000,WIN,2801.85,580.37,4.8277,0xf0e68d39a7e4d7f74fd8037bef054dc0e139f563d8b9d41305c1821341900185,62349315675450340673198342358911141957290532704138222175055389047720068966988,1774796100,2026-03-29 17:04:11,1.0
aea9c619,2026-03-29 17:10:01,BTC 5m DOWN,DOWN,5m,btc-5m-1774796700-down,0.99,1.0,180,1.8000,WIN,155.11,100.7,1.5403,0x67d293fe1818a1cdf8ea03ffa184bd8c0b51d601890aad37d9850b49edd70476,60905537901499827191080046030557312902488155952676363812876010378151822032945,1774796700,2026-03-29 17:12:11,1.0
04e6d3ae,2026-03-29 17:13:32,ETH 5m DOWN,DOWN,5m,eth-5m-1774797000-down,0.99,1.0,180,1.8000,WIN,321.46,193.49,1.6614,0xb04c9295d41e8b82c0b7435a7710ca93ee622271fb9ec22f6090ca116d22b2a7,40463999691387484790140682471958280768134126445133154204430555308745687570422,1774797000,2026-03-29 17:17:11,1.0
594c9567,2026-03-29 17:13:35,ETH 15m DOWN,DOWN,15m,eth-15m-1774796400-down,0.99,1.0,180,1.8000,WIN,228.76,86.99,2.6297,0x06724d1e9fc95709a5572c797b278704a810bba4688eee21d80943f4f75b441b,28761162726106060819750002921577995521896515036635175784904117278603191894281,1774796400,2026-03-29 17:19:12,1.0
e8e617d2,2026-03-29 17:14:42,BTC 5m DOWN,DOWN,5m,btc-5m-1774797000-down,0.99,1.0,180,1.8000,WIN,2380.91,554.73,4.2920,0xabb356b37be71800bbafbad6f015f8a0b2d5aea1cc7bee93cffe5c7a9b506acd,49266194449676848824415368165109297539210473975875800080061884723506277457134,1774797000,2026-03-29 17:19:11,1.0
c4ee374d,2026-03-29 17:24:50,BTC 5m DOWN,DOWN,5m,btc-5m-1774797600-down,0.99,1.0,180,1.8000,WIN,2207.65,986.7,2.2374,0x8e2580f98bad1d882659e54178dd606e4515d8a2e8bd7450f113194030d4f0c3,55650460358788190804347140961126552214088093580426264343394680465659630785577,1774797600,2026-03-29 17:29:11,1.0
c6de0a12,2026-03-29 17:25:34,BTC 15m DOWN,DOWN,15m,btc-15m-1774797300-down,0.99,1.0,180,1.8000,WIN,2240.53,1482.7,1.5111,0xba72943580c481ae95a454c4d3961ff1d5ed96ee529f339d47edd2b003b54332,79481666466068837916085980447366188470800325966553584541900207720930135776548,1774797300,2026-03-29 17:34:12,1.0
f0c4e71f,2026-03-29 17:28:20,BTC 5m DOWN,DOWN,5m,btc-5m-1774797900-down,0.99,1.0,180,1.8000,WIN,638.1,407.61,1.5655,0xa7c510c44d1386d73a82b61a9619724c355ae935be927d906e1d76593cef5c66,27309406682041293889268075940669933200877822700316953751411097418552827622155,1774797900,2026-03-29 17:34:11,1.0
19ea675a,2026-03-29 17:34:59,ETH 5m UP,UP,5m,eth-5m-1774798200-up,0.99,1.0,180,1.8000,WIN,173.44,73.34,2.3649,0xc722eb85d571b7b032c9c07999d163845c8c2363e95915f1c19217dbb720f15d,13433702013603715673030759279863541660653257279995762286485441207411890176810,1774798200,2026-03-29 17:39:10,1.0
22a5face,2026-03-29 17:44:20,ETH 5m UP,UP,5m,eth-5m-1774798800-up,0.99,1.0,180,1.8000,WIN,276.2,169.28,1.6316,0xa5ff4f3d922d40b5e63697a4e6ca276b0cef3d32e48d71f60c85aacf619f8e92,51408600082254239290627199008370191108546535089825247016576881150562347154068,1774798800,2026-03-29 17:49:12,1.0
f63b92e0,2026-03-29 17:44:23,ETH 15m UP,UP,15m,eth-15m-1774798200-up,0.99,1.0,180,1.8000,WIN,640.2,214.01,2.9914,0xe1239230c5bd628e468907f8e75c7d06783b642c1eb504780d571498e8e3b2bb,101171038187695514297669629583076899208145570191059489347948311156356233034273,1774798200,2026-03-29 17:47:11,1.0
30aafcb8,2026-03-29 17:44:28,BTC 5m UP,UP,5m,btc-5m-1774798800-up,0.99,1.0,180,1.8000,WIN,3729.41,2389.07,1.5610,0x4fdd6cf75945eb983d66e37e2c636e2ebaa1d17101c22c5f0a857397c1bfa631,4101962307719763404730754619981783178849895036169626883178895532229927839662,1774798800,2026-03-29 17:49:11,1.0
69f1a292,2026-03-29 17:44:57,BTC 15m UP,UP,15m,btc-15m-1774798200-up,0.99,1.0,180,1.8000,WIN,267.28,18.7,14.2930,0x7b450cb48206b54a695f01fd1ca748e919b421af02abd429f3444b2336b5a5b2,9179094623281722227126211477968200518094206446233329071260435391202184925503,1774798200,2026-03-29 17:49:11,1.0
c3ccbff8,2026-03-29 17:54:23,BTC 5m UP,UP,5m,btc-5m-1774799400-up,0.99,1.0,180,1.8000,WIN,1041.09,543.14,1.9168,0x07129088c2b99711962d6ac05cec78f3a5e5a7d9408595a408626695583c584c,103712691189551489362262498404166056230202411299671077001546394633053432004440,1774799400,2026-03-29 17:59:12,1.0
c9423b0b,2026-03-29 17:54:25,ETH 5m UP,UP,5m,eth-5m-1774799400-up,0.99,1.0,180,1.8000,WIN,255.33,149.65,1.7062,0xda7acebcd5919a937457fa95ba95aef284ef012a016de3f2b95c61439b037966,7356949062651763118955227457097634494869811623665735481471796796031527454412,1774799400,2026-03-29 18:01:12,1.0
1793e90f,2026-03-29 17:59:01,BTC 15m UP,UP,15m,btc-15m-1774799100-up,0.99,1.0,180,1.8000,WIN,1662.97,1085.94,1.5314,0xe0892fd092e60cc2868efc1c4ddbb37fdf545a512be33acb233d9962996b950c,43874198268358067305069436752223046936416634880405322040541852583012502392826,1774799100,2026-03-29 18:06:11,1.0
ae103542,2026-03-29 18:04:55,BTC 5m DOWN,DOWN,5m,btc-5m-1774800000-down,0.99,1.0,180,1.8000,WIN,2537.46,1650.36,1.5375,0x5fe23d992312418f76688fcfa75406f6a7c0f0483c60b7066be8fadaef293ca6,7130880669898719701902140732344481261899908881857172017829274601233837007999,1774800000,2026-03-29 18:09:11,1.0
9a028521,2026-03-29 18:13:30,BTC 15m DOWN,DOWN,15m,btc-15m-1774800000-down,0.99,1.0,180,1.8000,WIN,1154.55,648.02,1.7817,0xc6d8e47a570fb9198e8ed320e0059878b2e47fb573477646bc25a2010b6e958e,99245016866005352354174733652183964530975672965290502751990636332220102924948,1774800000,2026-03-29 18:17:11,1.0
4e137236,2026-03-29 18:14:36,BTC 5m DOWN,DOWN,5m,btc-5m-1774800600-down,0.99,1.0,180,1.8000,WIN,1912.27,546.38,3.4999,0xb9d4f1b63d39a4085b5bf3e0d52b1fab938f87c07325689a8e0a96d26a55a4bd,67063975270846532496915426301194069887793821156421204960464860130981266999842,1774800600,2026-03-29 18:19:11,1.0
48bad629,2026-03-29 18:24:56,BTC 5m DOWN,DOWN,5m,btc-5m-1774801200-down,0.99,1.0,180,1.8000,WIN,361.58,144.38,2.5044,0xc6eb3618c2c45e5f97aaa1815366a95e02c1900f09f78dd74466b1be19c8f933,75987531138521260530956066552738710454914870922147313725261419874387916370392,1774801200,2026-03-29 18:29:11,1.0
092c261f,2026-03-29 18:25:16,BTC 15m UP,UP,15m,btc-15m-1774800900-up,0.99,1.0,180,1.8000,WIN,2786.89,1685.78,1.6532,0x22ad394f713355d29032a77813817722f7e2fdef5199ba3eaa3ea5167534c3d3,24208361407811517027064278818737497462190294579192511318155624561015070695614,1774800900,2026-03-29 18:32:11,1.0
47eb8aa1,2026-03-29 18:34:57,ETH 5m DOWN,DOWN,5m,eth-5m-1774801800-down,0.99,1.0,180,1.8000,WIN,238.44,118.77,2.0076,0xecb50cc3b2d480bafca08a52a45dc623a774055e9ed6ada7ca5bc2c019c4c45b,107863661187457920638881688949972518537957749467482795028918614210639993674079,1774801800,2026-03-29 18:39:11,1.0
257297ac,2026-03-29 18:43:06,BTC 15m DOWN,DOWN,15m,btc-15m-1774801800-down,0.99,1.0,180,1.8000,WIN,1636.73,591.96,2.7649,0x39fd59adb8832fc1366db9335e4315436b6f89804d0dac2f7eecf19791934f6d,55639056136133027288333098600432523190687124927460567333753514786070891436367,1774801800,2026-03-29 18:49:12,1.0
0c5f066c,2026-03-29 18:44:54,BTC 5m DOWN,DOWN,5m,btc-5m-1774802400-down,0.99,1.0,180,1.8000,WIN,1623.62,1011.83,1.6046,0x25cba4ba39e1fe1bd8cfc317a84072df94fec25febe23cf99a50477d62ea57bb,62845335371971218624893941581150279992756479322716821427205809008793193348986,1774802400,2026-03-29 18:51:11,1.0
19ba25e0,2026-03-29 18:54:46,BTC 5m DOWN,DOWN,5m,btc-5m-1774803000-down,0.99,1.0,180,1.8000,WIN,1714.1,317.84,5.3930,0x23606dc103958f6cc9147cf3d68c3e677df62f36e854db7b189d3d4b9690288b,20177585844631646440443775591234363956890522654447007588063218775443054851229,1774803000,2026-03-29 19:01:11,1.0
14a9c0ac,2026-03-29 18:59:51,ETH 15m UP,UP,15m,eth-15m-1774802700-up,0.99,1.0,180,1.8000,WIN,358.0,78.29,4.5727,0x8646d6679941ee7867d9fbfdcf99edf3ecaddb687249e6124b1889ff7debac46,29944618552036957935556131859088128010144337959151650156379381038773933356626,1774802700,2026-03-29 19:04:11,1.0
2a2ffaf6,2026-03-29 19:09:48,BTC 5m UP,UP,5m,btc-5m-1774803900-up,0.99,1.0,180,1.8000,WIN,2599.72,1388.49,1.8723,0xab0116f0b1247b81da7c87b7f4d923bcdcf3d4353ce822dfbd1d415a33c67591,94972315595530151230880328680332635179207931856762019735976431645946018526284,1774803900,2026-03-29 19:14:11,1.0
3d3ba72e,2026-03-29 19:13:48,ETH 5m DOWN,DOWN,5m,eth-5m-1774804200-down,0.99,1.0,180,1.8000,WIN,495.39,292.43,1.6940,0x96fd407790b064f74d1f145cf7374df9b469c73c609da0620ccb5628f5253d98,44856787049940712356609984691120589015418598057497144946773581541482717292935,1774804200,2026-03-29 19:19:11,1.0
8f0e242d,2026-03-29 19:14:23,BTC 15m DOWN,DOWN,15m,btc-15m-1774803600-down,0.99,1.0,180,1.8000,WIN,144.0,65.99,2.1821,0xc305b689d714a3f39d5f84c59acb39fe661e8ec394a4008e4a199f8f721edd3e,111568119224835165129059328157707754028976456508950330271343272275932635327630,1774803600,2026-03-29 19:19:11,1.0
7ee0d8b9,2026-03-29 19:19:33,BTC 5m DOWN,DOWN,5m,btc-5m-1774804500-down,0.99,1.0,180,1.8000,WIN,2494.95,1662.27,1.5009,0xf6b85e8d7762c8ac32e196cec21c552250ca62589797d80f372251aee9c02e65,47244091914829539635392431927518096378537959791460128479328841758934359423151,1774804500,2026-03-29 19:24:11,1.0
6350b844,2026-03-29 19:23:30,BTC 5m DOWN,DOWN,5m,btc-5m-1774804800-down,0.99,1.0,180,1.8000,WIN,765.16,220.01,3.4778,0x04e4df23f299874479cada39144bbe242327de87725e67aa099ab6b5e96ef7a4,95573367069370638101450087456489374203952249391841628115062280894799359001227,1774804800,2026-03-29 19:29:11,1.0
346aeb87,2026-03-29 19:25:38,BTC 15m DOWN,DOWN,15m,btc-15m-1774804500-down,0.99,1.0,180,1.8000,WIN,888.2,397.74,2.2331,0x38c27e903cb3c7a3235dca7ecde2a864cbe0028d7f3863c709c7d25ad4325e66,73764644771719627986872474256510408414237441189229582888254388798410478199978,1774804500,2026-03-29 19:34:11,1.0
fb034e38,2026-03-29 19:27:41,ETH 15m DOWN,DOWN,15m,eth-15m-1774804500-down,0.99,1.0,180,1.8000,WIN,356.73,41.85,8.5240,0x2f62f28f27d717dc0f8c2ec8faf17f18ed023b9bbd69b3b1ac38660a3a590c9f,43178920816526952335528417597528569556090792270316458175661292816979873069335,1774804500,2026-03-29 19:36:11,1.0
652f4e69,2026-03-29 19:34:22,ETH 5m UP,UP,5m,eth-5m-1774805400-up,0.99,1.0,180,1.8000,WIN,169.05,107.98,1.5656,0x90978a63a6396d090a6b627c594d78c17c66957455a12d6ad7d1d8d3c1950eea,5985656957806905250447151266356409317240130198400196745796502613228883710867,1774805400,2026-03-29 19:39:11,1.0
8cfa2ab2,2026-03-29 19:34:56,BTC 5m UP,UP,5m,btc-5m-1774805400-up,0.99,1.0,180,1.8000,WIN,1536.56,861.8,1.7830,0x547b5bdafe88fef140b717f54011a5777102a725477e9925ca7bc94cd9e4f41e,62419388692076925118833383680029310821312320796321571236405149803166228277738,1774805400,2026-03-29 19:39:11,1.0
7b5394ca,2026-03-29 19:42:15,BTC 15m UP,UP,15m,btc-15m-1774805400-up,0.99,1.0,180,1.8000,WIN,3186.09,1288.51,2.4727,0xc3075d78f8a9c01289d9d17ca7efbef71bce18cede4940f143d43f2e07a4615e,6469346214586302044003933360241606235489107170129837688295124288429779657134,1774805400,2026-03-29 19:51:11,1.0
d71bba04,2026-03-29 19:43:56,BTC 5m UP,UP,5m,btc-5m-1774806000-up,0.99,1.0,180,1.8000,WIN,2561.41,852.91,3.0031,0xf023e83902b45c1022697a32f611bd4048b504856f762af19ed8d98dde7f3d8a,53310461702536316106088963669377085550520277427864731172745682505690428069577,1774806000,2026-03-29 19:49:11,1.0
7349668d,2026-03-29 19:49:57,BTC 5m DOWN,DOWN,5m,btc-5m-1774806300-down,0.99,1.0,180,1.8000,WIN,390.21,122.74,3.1792,0xf9584aaf595688d73fad570afaf04e4da2e6d79870e8899d8f186bef8962ccfc,59147930386555131261518628190602116169312259143132549075887547077164427747050,1774806300,2026-03-29 19:56:12,1.0
9e3c21cf,2026-03-29 19:54:57,BTC 5m UP,UP,5m,btc-5m-1774806600-up,0.99,1.0,180,1.8000,WIN,1430.04,614.67,2.3265,0x1cfba1e790909e5ff735e754dd3692129ec9b546a93e7936ac70c111a2b5d106,15012081657055653857775179814747383302390210066618241965610994709162848979860,1774806600,2026-03-29 20:03:12,1.0
8c4215f0,2026-03-29 20:04:45,BTC 5m DOWN,DOWN,5m,btc-5m-1774807200-down,0.99,1.0,180,1.8000,WIN,3353.48,2121.12,1.5810,0xe898131f5ebe9d5ebbc38771c3c4cf4694a836753a77376731d5601b1d3ae4a2,32078815444899977806211083371288590480386631528230300556615267223770427150535,1774807200,2026-03-29 20:09:11,1.0
baafe967,2026-03-29 20:14:26,ETH 15m DOWN,DOWN,15m,eth-15m-1774807200-down,0.99,1.0,180,1.8000,WIN,71.3,12.88,5.5357,0xbacfc07e91e354b29c01755cc4e78192241e702671cffa869730f6b4a24a9078,66501178984426671105346732289114659200487856873897416148509686588623662079137,1774807200,2026-03-29 20:19:11,1.0
73d646b7,2026-03-29 20:14:47,BTC 5m UP,UP,5m,btc-5m-1774807800-up,0.99,1.0,180,1.8000,WIN,2479.87,886.38,2.7978,0x6c95a3f18138a60846fa9e1b7cd88bae058fbb1744c7851dddc39b46a9a81312,98237959069391817588461091643062662457707976164211673308050736612362033034836,1774807800,2026-03-29 20:19:11,1.0
2a2a124f,2026-03-29 20:14:55,BTC 15m UP,UP,15m,btc-15m-1774807200-up,0.99,1.0,180,1.8000,WIN,484.04,234.49,2.0642,0x7122a237f3b16485d107ec6b3813ff97f663614773316fa1af254117aae2b476,62801280223932524181256843625247182504502124290707380362024287849769805582125,1774807200,2026-03-29 20:19:11,1.0
de9cd73a,2026-03-29 20:19:48,BTC 5m UP,UP,5m,btc-5m-1774808100-up,0.99,1.0,180,1.8000,WIN,2576.8,1547.89,1.6647,0xa63b7a997b0acc755de518ec4dd6d155831cd3c2c0d1ffad4d41e74b4e53a9cd,74021854875616847896305409550911734766049249147231079555468955859459109836871,1774808100,2026-03-29 20:24:11,1.0
75e32bc5,2026-03-29 20:23:47,ETH 5m DOWN,DOWN,5m,eth-5m-1774808400-down,0.99,1.0,180,1.8000,WIN,375.24,80.01,4.6899,0x9e5c3bc1c34d5a9896e1cb19497b63f18fc7edc6e9598872e24695d845ea762a,44696800315668788384536224372606845206072243725016731007762623183700146128838,1774808400,2026-03-29 20:29:11,1.0
b5c7119d,2026-03-29 20:24:24,BTC 5m DOWN,DOWN,5m,btc-5m-1774808400-down,0.99,1.0,180,1.8000,WIN,2017.62,1177.59,1.7133,0xc3c23905812db66a72ca5f2285939d58fb816d646b28c009b8a3ad43a1a23dce,35947527752017524062288021358773042451314882163094621324961898993371277791835,1774808400,2026-03-29 20:31:11,1.0
7fc3cca1,2026-03-29 20:41:02,ETH 15m UP,UP,15m,eth-15m-1774809000-up,0.99,1.0,180,1.8000,WIN,90.73,45.7,1.9853,0x1dfd2a3a8cd6236fd4d30915fa6032a927461a1d2207d86f071877bcc7827309,60901652395576595303965825777888243264255760625400509743247358126333589573272,1774809000,2026-03-29 20:49:11,1.0
6040e1aa,2026-03-29 20:43:15,BTC 15m UP,UP,15m,btc-15m-1774809000-up,0.99,1.0,180,1.8000,WIN,620.09,339.7,1.8254,0xfe1f9cf4d388efed14ecba46710076adb5b0935e492b607970dd406a9087d4b1,98355047713408795006972241559420447829085861103583777771114226533938023291362,1774809000,2026-03-29 20:51:11,1.0
53c14ce6,2026-03-29 21:14:58,BTC 5m UP,UP,5m,btc-5m-1774811400-up,0.99,1.0,180,1.8000,WIN,53.0,23.56,2.2496,0x5b5120da09bfe609c095b920f445c9b9a98399d6e6e1da063ce3eaf83297de0a,33441719454370426379656845349951180618888373758480234346952975220270684265902,1774811400,2026-03-29 21:17:11,1.0
bf22e5c6,2026-03-29 21:24:56,BTC 5m DOWN,DOWN,5m,btc-5m-1774812000-down,0.99,1.0,180,1.8000,WIN,728.76,411.82,1.7696,0x242d9b756de409461f76b3f2318f7201c28cce1f89816f7f35aed441d0353a07,291242413922044304293446451980618844921306542490113259256203548438722142649,1774812000,2026-03-29 21:29:11,1.0
af0fd789,2026-03-29 21:29:58,ETH 15m DOWN,DOWN,15m,eth-15m-1774811700-down,0.99,1.0,180,1.8000,WIN,15.29,7.59,2.0145,0x5a8abd5fad85dd4e23b67247cb47394c9a44791a35efcdf22c0a395b9e3ed72e,101410392630734321113051199682876989304165747210991789150532131565345277441205,1774811700,2026-03-29 21:36:11,1.0
995eab23,2026-03-29 21:38:23,ETH 5m DOWN,DOWN,5m,eth-5m-1774812900-down,0.99,1.0,180,1.8000,WIN,274.69,127.78,2.1497,0x18d87736825c874879a11767fb37ea3e82ea5391bf4bae835ebcae9fcfec73aa,93543454820019092531300829597811602056145150668525654568765612855881171516840,1774812900,2026-03-29 21:44:11,1.0
0c51ce55,2026-03-29 21:39:15,BTC 5m DOWN,DOWN,5m,btc-5m-1774812900-down,0.99,1.0,180,1.8000,WIN,871.01,574.84,1.5152,0x787fac84effc2c762e27dea8b7e4407a1873fb5f990fe1791e0258205c5428fa,94420583134093598642013583572754711363656209193625656463555100094434863005777,1774812900,2026-03-29 21:44:11,1.0
969eec4f,2026-03-29 21:58:21,BTC 15m DOWN,DOWN,15m,btc-15m-1774813500-down,0.99,1.0,180,1.8000,WIN,1742.39,735.51,2.3690,0x30f41909623097bb4e4b141cae5ecc316cebcd5b10d89f5a0de11d287eb9d546,19468898104383102223446251960870809661314961396030263983479026240042774330728,1774813500,2026-03-29 22:04:11,1.0
87d35437,2026-03-29 22:00:01,ETH 5m UP,UP,5m,eth-5m-1774814100-up,0.99,1.0,180,1.8000,WIN,1681.0,791.2,2.1246,0x5774fb65675d1e0edc672ee08dd4d11db0431eec8d3c1e45061bad65346a14f9,81317317760389775590217101439069275385507611211060140762450949637956195497455,1774814100,2026-03-29 22:04:11,1.0
bf972e1a,2026-03-29 22:03:53,ETH 5m UP,UP,5m,eth-5m-1774814400-up,0.99,1.0,180,1.8000,WIN,99.61,52.29,1.9050,0x49188b442129d810f6727f86876716f2118877f49dcd6166ebfce1d609e8fb1f,6858443544997791561151824068388789299350679926267986611484735084255686029332,1774814400,2026-03-29 22:07:11,1.0
3dbf18e5,2026-03-29 22:10:01,ETH 5m DOWN,DOWN,5m,eth-5m-1774814700-down,0.99,1.0,180,1.8000,WIN,1826.0,353.47,5.1659,0xabc42460f03afa6a9f0a5481132bb898b5acfee8d154584693eb00efd176e620,30525532945973413764022843265776977219135682007692575226934184609350869148689,1774814700,2026-03-29 22:14:11,1.0
252d7c7f,2026-03-29 22:11:03,BTC 15m UP,UP,15m,btc-15m-1774814400-up,0.99,1.0,180,1.8000,WIN,2133.05,1363.28,1.5646,0xc73034a7bb15730c7b452c2d9e18adc5d17ab29a29957793a270153ebaa00b54,46558261119004979956993532763288339316842914706035841410970209889709289923185,1774814400,2026-03-29 22:19:11,1.0
6ec67db4,2026-03-29 22:14:11,ETH 15m UP,UP,15m,eth-15m-1774814400-up,0.99,1.0,180,1.8000,WIN,285.3,167.0,1.7084,0x7501ce07e70a9b0e826dba7785387de42688f1f5231b87ce4d29af23fb7e443d,45114875885500653591087886576531286184007160588833554539196560792354383372538,1774814400,2026-03-29 22:21:11,1.0
29fc1ead,2026-03-29 22:19:00,BTC 5m UP,UP,5m,btc-5m-1774815300-up,0.99,1.0,180,1.8000,WIN,640.77,85.17,7.5234,0x8b7aacb423ad7bf0c7376cd4c111515336dd975b3158c33248a7ba1118a75614,102224009439677272291307954462135826152643180089448168512044898602396248571088,1774815300,2026-03-29 22:24:11,1.0
689eb2d9,2026-03-29 22:23:15,ETH 15m UP,UP,15m,eth-15m-1774815300-up,0.99,1.0,180,1.8000,WIN,107.0,41.6,2.5721,0x5f8a5f99e381c6bd35b3516f0c6c05f85d9d3bef65c5075f9c51395ead510202,107014701967958171072888966209076016896737914731815352038008361591050115623352,1774815300,2026-03-29 22:34:11,1.0
cbc29e61,2026-03-29 22:23:17,ETH 5m UP,UP,5m,eth-5m-1774815600-up,0.99,1.0,180,1.8000,WIN,495.24,323.32,1.5317,0x71f320f57fe4a1e8748b6713f69663cd7a5b36141735a3b1d3a00cd67192cd1a,17623979675854283789843469907822743554981870619401955424049002352857584249568,1774815600,2026-03-29 22:29:11,1.0
1ceab536,2026-03-29 22:23:21,BTC 5m UP,UP,5m,btc-5m-1774815600-up,0.99,1.0,180,1.8000,WIN,3280.98,2173.78,1.5093,0xe5d9d1b31d444704b1f55a94b804df96fc5ae2dce77c079d0a3362526e30adc3,13951526116384569708818327942147234514811626852647195029117202481889968103833,1774815600,2026-03-29 22:29:11,1.0
511f5d5d,2026-03-29 22:23:32,BTC 15m UP,UP,15m,btc-15m-1774815300-up,0.99,1.0,180,1.8000,WIN,2014.96,1229.95,1.6382,0xb9c14c9005779b3273f3a0ce7d64670d0e5a9b317dac26e3586d74c8152b0b13,23500033082001745123684347268281057051744524300169589479359154201646063374922,1774815300,2026-03-29 22:34:11,1.0
7d168665,2026-03-29 22:34:50,ETH 5m DOWN,DOWN,5m,eth-5m-1774816200-down,0.99,1.0,180,1.8000,WIN,375.36,197.33,1.9022,0xedace0eb9b276085d76432ddf96dcd5e18a5c1dcdd779ddb6db7490a61db0d9b,78181421448509584163141808396139155561688598470943460531245843749201588766045,1774816200,2026-03-29 22:39:11,1.0
8adfe915,2026-03-29 22:34:56,BTC 5m DOWN,DOWN,5m,btc-5m-1774816200-down,0.99,1.0,180,1.8000,WIN,2060.24,1261.05,1.6337,0x1ce18210517cdd53651ae1d51cbaeb69583a0a5f4e793f038cc67de36cacbaaf,21511275012364602994798319511414053773307778136766440617068609101454372172426,1774816200,2026-03-29 22:41:11,1.0
3e8212d2,2026-03-29 22:42:39,BTC 15m DOWN,DOWN,15m,btc-15m-1774816200-down,0.99,1.0,180,1.8000,WIN,810.0,537.41,1.5072,0x743e3de4eaf868882523b42b7414bf17d964c2670427a4fc8c544060f2db0f72,108674453245631510613127917357726877537900146705733920048969397070675847194431,1774816200,2026-03-29 22:49:11,1.0
b1c7fd15,2026-03-29 22:44:50,BTC 5m DOWN,DOWN,5m,btc-5m-1774816800-down,0.99,1.0,180,1.8000,WIN,1244.44,819.59,1.5184,0xd3c8e69f282c899cd331e27201da978f1915f04e6721b68abeb469ea474be426,60806869873303310836193783648093153683824543888134755852998171646516161999629,1774816800,2026-03-29 22:49:11,1.0
95203e99,2026-03-29 22:54:59,BTC 5m UP,UP,5m,btc-5m-1774817400-up,0.99,1.0,180,1.8000,WIN,10.94,5.03,2.1750,0x2285ed47a1956062a5f39b003632469c62eb3b5a24a6bfa83341c64434071ad3,3755450647283069869219121943391028692548429042930725604003831899649675945188,1774817400,2026-03-29 23:01:12,1.0
07836fa4,2026-03-29 22:59:51,ETH 5m UP,UP,5m,eth-5m-1774817700-up,0.99,1.0,180,1.8000,WIN,238.0,124.63,1.9097,0x71d1cf1af62cddf4b6b374bb1ec90b7a8d402bddc0145da5b0fd0b0c5fd6f75f,2632281194603457404383957244196384080735907916307865025688025269509664103474,1774817700,2026-03-29 23:04:11,1.0
9b6a8eff,2026-03-29 22:59:57,BTC 5m UP,UP,5m,btc-5m-1774817700-up,0.99,1.0,180,1.8000,WIN,634.49,105.02,6.0416,0xe3f389e00a720efbe26e394b6266e589eba80ffeebded85535eae41815aa76d4,81008142742370222523715802463696448730947927662966308144998090313314290799327,1774817700,2026-03-29 23:04:11,1.0
59849c4d,2026-03-29 23:09:32,ETH 5m DOWN,DOWN,5m,eth-5m-1774818300-down,0.99,1.0,180,1.8000,WIN,328.54,204.29,1.6082,0x04e799b7d8548fd2324e766339671643fedb440106f0cf46b495d1d76ec1facb,74908055288344026020045730583272601471970549626895160770514117721687163952257,1774818300,2026-03-29 23:14:11,1.0
c33568d7,2026-03-29 23:12:05,BTC 15m DOWN,DOWN,15m,btc-15m-1774818000-down,0.99,1.0,180,1.8000,WIN,847.83,467.74,1.8126,0xe0e9b041ece3cea725f9e520b7cfb7b2dd70ebc6afb8c440bb619fedbbe8ff3c,16628893563881358551721514237244781758883830850252024955322229743694972180574,1774818000,2026-03-29 23:21:11,1.0
ab4f2d51,2026-03-29 23:24:25,ETH 5m UP,UP,5m,eth-5m-1774819200-up,0.99,1.0,180,1.8000,WIN,319.19,178.13,1.7919,0xadc24b297cf75d86c6c3ae13fa4e1fe47754431e93365ef41be5046f067f889c,10136100940997679442145049219481427424446779146231829162327798965145386260084,1774819200,2026-03-29 23:31:12,1.0
9805f023,2026-03-29 23:39:51,ETH 5m DOWN,DOWN,5m,eth-5m-1774820100-down,0.99,1.0,180,1.8000,WIN,302.69,178.96,1.6914,0xe03b2b2729e0f45755a061390212805a09a85afb385de0884599667ce2f71ad4,87790343356412868680277755610789772247741129279039381181618357249747620112176,1774820100,2026-03-29 23:44:11,1.0
19892f21,2026-03-29 23:56:32,BTC 15m UP,UP,15m,btc-15m-1774820700-up,0.99,1.0,180,1.8000,WIN,1605.09,956.39,1.6783,0x0e7531a14287fcd6512335208b5ec0a6374a4828e74ec6c0288d7336e3b8f562,76356489848919896402849768989209682371459271950045598567815068398894519574977,1774820700,2026-03-30 00:04:11,1.0
b5dfb12f,2026-03-29 23:58:42,ETH 15m UP,UP,15m,eth-15m-1774820700-up,0.99,1.0,180,1.8000,WIN,378.0,233.76,1.6170,0xbc312dd5310eb45b86e39fa1c63ec3b3c78d0921501432f316e965a7672835ee,115764751824903621766564097429912315726040564748669427944482063917271152443360,1774820700,2026-03-30 00:04:11,1.0
d970fe84,2026-03-30 00:01:55,BTC 5m DOWN,DOWN,5m,btc-5m-1774821600-down,0.99,1.0,180,1.8000,WIN,2660.28,1461.22,1.8206,0x4b03c42bad79308acfeb27753baf500d60b1e5b151458481bd2a267b08d2d6b5,10498322897024731723375021861170151276126911264524807332636622459261963151071,1774821600,2026-03-30 00:11:11,1.0
738ff1d9,2026-03-30 00:06:01,ETH 15m DOWN,DOWN,15m,eth-15m-1774821600-down,0.99,1.0,180,1.8000,WIN,477.19,307.18,1.5535,0xe3886be9cfb218c3c2f2d52662ee08039c8bad2d1e0024ac45a2b90c71b95e22,104237602402557140905971187130093943787760072607733660027014381171260931148561,1774821600,2026-03-30 00:17:10,1.0
bb8d1248,2026-03-30 00:06:34,BTC 15m DOWN,DOWN,15m,btc-15m-1774821600-down,0.99,1.0,180,1.8000,WIN,3077.4,2045.71,1.5043,0xc0636b461c3b5f3adb30259ebf1649382c627a4b47b51d51b77d7b0bbbcd5b4c,49852987211705050166453796520335463784302573056313162225092531727392527197112,1774821600,2026-03-30 00:19:11,1.0
48f5a2a8,2026-03-30 00:28:35,BTC 15m UP,UP,15m,btc-15m-1774822500-up,0.99,1.0,180,1.8000,WIN,1694.84,1102.55,1.5372,0xc2b54d0d82561a090ca6862f08193d1dc2c9d15ce97eac10e40334217fbe7791,13734088091109920508748296153204266020019170311543912253511724501898985502196,1774822500,2026-03-30 00:34:11,1.0
ebd3d7c4,2026-03-30 00:28:43,ETH 15m UP,UP,15m,eth-15m-1774822500-up,0.99,1.0,180,1.8000,WIN,456.9,293.88,1.5547,0xbae04f0388968cc2b5ea5380b281995b8a60427af41fde56c878fe93173ea570,63346380621097054894002929572601868538077788942288430695364286053843511321848,1774822500,2026-03-30 00:34:11,1.0
7823665c,2026-03-30 00:38:01,ETH 5m DOWN,DOWN,5m,eth-5m-1774823700-down,0.99,1.0,180,1.8000,WIN,250.91,146.14,1.7169,0x373ac1846b15bb960bc2150d556ff401f668cd827fa9618099b93e0aa115d368,112146239840354478467353670305436086673739393682232620534720122648261752475766,1774823700,2026-03-30 00:46:12,1.0
7c250c2d,2026-03-30 00:38:16,BTC 5m DOWN,DOWN,5m,btc-5m-1774823700-down,0.99,1.0,180,1.8000,WIN,3308.67,1902.9,1.7388,0x96d26f230c1b53ad6e4f41b2cda6d0360fc76beb67564960c173b407e48b0209,18475909260142695311772355335517186911843565092015076875310972667713747288431,1774823700,2026-03-30 00:46:12,1.0
f2e4e356,2026-03-30 00:41:09,BTC 15m DOWN,DOWN,15m,btc-15m-1774823400-down,0.99,1.0,180,1.8000,WIN,1522.93,727.72,2.0927,0x9a0df96564dbee6ff6dd62f1c6515bf4de4085569ce819c08998b599caebaddc,26923611397402800037685405277914011489560959956754204060941763108444198209960,1774823400,2026-03-30 00:51:11,1.0
5f61476d,2026-03-30 00:41:51,BTC 5m DOWN,DOWN,5m,btc-5m-1774824000-down,0.99,1.0,180,1.8000,WIN,9421.8,4165.96,2.2616,0xc08795e1551abc8ae6289a35740c02ff1d662cc7e31de802d4d61e8a2220476c,42819414038279342215401407796603705461832902916171566526594377470195108755990,1774824000,2026-03-30 00:49:11,1.0
196734d4,2026-03-30 00:42:01,ETH 5m DOWN,DOWN,5m,eth-5m-1774824000-down,0.99,1.0,180,1.8000,WIN,90.15,30.0,3.0050,0xa0d7f6cc89f59cffcd0b9471b6f57462e16663463120caf6b07a925335f12d2d,50775494868244407231124517305034732320368881147519124337381463437929216898352,1774824000,2026-03-30 00:49:11,1.0
bcebe40d,2026-03-30 00:48:05,ETH 5m DOWN,DOWN,5m,eth-5m-1774824300-down,0.99,1.0,180,1.8000,WIN,46.0,25.52,1.8025,0x7c5dbbc35075e6a8a8b854b797c6a1bd188318eda4e4cdc629902af48e1986b7,73274994831711031866967167946046301597390552615159921646305639024283612512737,1774824300,2026-03-30 00:56:11,1.0
a84515ef,2026-03-30 00:57:56,BTC 5m UP,UP,5m,btc-5m-1774824900-up,0.99,1.0,180,1.8000,WIN,2112.77,1398.99,1.5102,0xe3b505879297cdabdb695f4c883174e2b5113c25e476fbb73a0bb93f7232a480,83809726188909658264308280275156243943505376743836784161743334178599238521930,1774824900,2026-03-30 01:04:10,1.0
1beb3113,2026-03-30 00:58:06,BTC 15m UP,UP,15m,btc-15m-1774824300-up,0.99,1.0,180,1.8000,WIN,1653.07,1101.48,1.5008,0x5e1107e053d38065f0759b8cf86ba69d8a30b83da2d4841dd804e91b804aa6a1,70048374682914997507599586329904583139321952379934150841259450946819463825016,1774824300,2026-03-30 01:04:11,1.0
1688fec3,2026-03-30 01:02:15,ETH 5m UP,UP,5m,eth-5m-1774825200-up,0.99,1.0,180,1.8000,WIN,84.19,16.0,5.2619,0x076af2063a19239b137033eeb87266a0ca74e9fb3c4793d664b8094b3d93bb17,79529723143166272746774961301626476616495494922033123897869703925636238214197,1774825200,2026-03-30 01:09:11,1.0
9c8791e5,2026-03-30 01:04:12,BTC 5m UP,UP,5m,btc-5m-1774825200-up,0.99,1.0,180,1.8000,WIN,5882.68,2963.7,1.9849,0x88dd2b2a15dd5704cd8757349489964588b0b8e402078c477a42f794d84dba45,9085978917952339415353807330557952058365341176926283484362321187225930718711,1774825200,2026-03-30 01:09:11,1.0
620c22a4,2026-03-30 01:12:01,ETH 15m UP,UP,15m,eth-15m-1774825200-up,0.99,1.0,180,1.8000,WIN,485.3,268.84,1.8052,0x1c9b7b986198fd5b60cb403fb0a285bcd4d15769841059d76ac2771f41d2a80a,2159167889175879659372181919499809614400131502338755767559424501847336802056,1774825200,2026-03-30 01:19:11,1.0
90d01f81,2026-03-30 01:12:32,BTC 15m UP,UP,15m,btc-15m-1774825200-up,0.99,1.0,180,1.8000,WIN,1044.59,572.0,1.8262,0x207178de51dc5805464d250641e0d03059eeea0b2e81436f3666b04456c89165,105464604488758713461049720061163957209065227624482134706680821331439200733534,1774825200,2026-03-30 01:21:12,1.0
4ae9b1a6,2026-03-30 01:19:39,BTC 5m UP,UP,5m,btc-5m-1774826100-up,0.99,1.0,180,1.8000,WIN,1596.94,730.48,2.1862,0xce161932a0a5eb7c686adb8914773c3b5610a422ba9240349088cd2c99174f1a,65491073606491472144891382038308710423039699771556619167181320654980699515724,1774826100,2026-03-30 01:24:11,1.0
e9dac902,2026-03-30 01:24:54,BTC 5m DOWN,DOWN,5m,btc-5m-1774826400-down,0.99,1.0,180,1.8000,WIN,1330.57,485.0,2.7434,0x68d14dc0039f876f04b6164222ff8dcdc603b50423f4c649bd59168d24e910bb,80554828283026839123141477118177819157669616723934979304777803039105003312351,1774826400,2026-03-30 01:27:11,1.0
84e8fc48,2026-03-30 01:29:07,BTC 15m DOWN,DOWN,15m,btc-15m-1774826100-down,0.99,1.0,180,1.8000,WIN,1405.37,924.99,1.5193,0xadfa27fd4847784f8f9eee58813a9d8cc7668170c1a3f29530bee2a4ba6c34ea,81362568931946141124183883037342982978470048680248161536807668573434782217414,1774826100,2026-03-30 01:34:11,1.0
ac1316f1,2026-03-30 01:29:48,ETH 5m DOWN,DOWN,5m,eth-5m-1774826700-down,0.99,1.0,180,1.8000,WIN,218.01,124.73,1.7479,0xe03847b591069004e1ac59b9d5a1dd7c2fe9e87cd63725dbee126ddddf6ead49,58989791709572451245991879274567154287960985440338440194211703442240951286084,1774826700,2026-03-30 01:36:12,1.0
fb44f63f,2026-03-30 01:39:57,BTC 5m DOWN,DOWN,5m,btc-5m-1774827300-down,0.99,1.0,180,1.8000,WIN,188.38,100.81,1.8687,0x50cffa9d7c9d33aa13ac1fbddafb5ccc7f320324c5943c8620f0bfa8f95c362a,68716752878429684467890301362508494447395451708715025050070864607339760162702,1774827300,2026-03-30 01:44:11,1.0
f607867f,2026-03-30 01:44:23,ETH 5m UP,UP,5m,eth-5m-1774827600-up,0.99,1.0,180,1.8000,WIN,381.99,207.87,1.8376,0x2f4c340012550eb2f224526be7ad4ff37c4e87d1cfcacaed6f30316bb144aa9b,90136555669645607849939014964771286787192090476255813322922304036090897153618,1774827600,2026-03-30 01:49:11,1.0
ac655c63,2026-03-30 01:44:37,BTC 5m UP,UP,5m,btc-5m-1774827600-up,0.99,1.0,180,1.8000,WIN,1922.63,1011.13,1.9015,0x4902ef204f2faaeebf17cfe3a54c865da45f1e14dba466c360fdabe9347a6cd9,53337348446639631838747165571297631678382198133097611703877527069446272282356,1774827600,2026-03-30 01:49:11,1.0
341701ea,2026-03-30 01:59:38,BTC 5m DOWN,DOWN,5m,btc-5m-1774828500-down,0.99,1.0,180,1.8000,WIN,2554.14,1355.55,1.8842,0xdb5bdc06555841b988846848dc4c91c8ea13f9bd60aecb743feaf8a153b1c1cf,16962141450842624427482299569699175733255216092075375752548167446467662473858,1774828500,2026-03-30 02:06:11,1.0
7af9def7,2026-03-30 02:04:45,BTC 5m DOWN,DOWN,5m,btc-5m-1774828800-down,0.99,1.0,180,1.8000,WIN,2289.81,252.86,9.0556,0x587f76767f09f800f2b3814d79cebddb04618a63de25834bd1556f0a2419768a,6307297460724242504311431479602259652697960562420115166050672317164502903284,1774828800,2026-03-30 02:11:11,1.0
e3e77d15,2026-03-30 02:09:46,ETH 5m UP,UP,5m,eth-5m-1774829100-up,0.99,1.0,180,1.8000,WIN,658.41,210.96,3.1210,0xe50b424304008ee8ad97a3941f9b7a98e1f5e8a5791c74be964d9c5676c4243e,40359978432913603510895791873271352674294431199707929010255805010203801275545,1774829100,2026-03-30 02:14:11,1.0
a91f49cd,2026-03-30 02:12:57,BTC 15m DOWN,DOWN,15m,btc-15m-1774828800-down,0.99,1.0,180,1.8000,WIN,2458.51,859.9,2.8591,0xf43c575abe4a58d65383e6849e50b299050d45e811ae7b8c74dd1f6839dd9e76,55509577823317260827288263848773842817483250717111942605040287447757050352635,1774828800,2026-03-30 02:21:11,1.0
f6871fb5,2026-03-30 02:18:32,ETH 5m UP,UP,5m,eth-5m-1774829700-up,0.99,1.0,180,1.8000,WIN,251.2,152.99,1.6419,0x4f36496adc170b003feb9055ba7dd06a65c27ddd46a072f73ce6d03b53792c55,57104097964612151507483408876699107262560165314376802029658997496174607584899,1774829700,2026-03-30 02:26:11,1.0
4f29d13f,2026-03-30 02:20:11,BTC 15m UP,UP,15m,btc-15m-1774829700-up,0.99,1.0,180,1.8000,WIN,3111.81,233.52,13.3257,0x3702f449b16ac1fedecbcc1fbe23d7dd7ec788808815376e7616dba04949d2b3,44805772389954001846323941798115507711803280761959313342767241838745754095837,1774829700,2026-03-30 02:36:11,1.0
9535eba6,2026-03-30 02:21:15,ETH 15m UP,UP,15m,eth-15m-1774829700-up,0.99,1.0,180,1.8000,WIN,131.28,43.76,3.0000,0x0990f619a23ec889fd0f39774532b33c8962aa1f3eae9a6b6ec69b172df1b1b5,56453338246870191878014271085864585303591499678799329106338547249514209902956,1774829700,2026-03-30 02:36:11,1.0
80c1cf46,2026-03-30 02:34:40,ETH 5m DOWN,DOWN,5m,eth-5m-1774830600-down,0.99,1.0,180,1.8000,WIN,298.0,116.21,2.5643,0x851ef681544b1720e3c6bcb118c647ef0754c9f696152841b8cb183dd46f93b1,27944936353696527017703697137634194580543395037200029897786560531637087507702,1774830600,2026-03-30 02:39:11,1.0
558ea666,2026-03-30 02:39:30,BTC 5m DOWN,DOWN,5m,btc-5m-1774830900-down,0.99,1.0,180,1.8000,WIN,3370.37,778.8,4.3276,0xd4e79cdfd2d2881736b64a3bb485c9bbbdec053f9888f6371c7673f2b4df9dfd,83574840191103489463159573489355080922324475318623991355770776839283822106580,1774830900,2026-03-30 02:44:10,1.0
e33e8fa4,2026-03-30 02:41:26,BTC 15m DOWN,DOWN,15m,btc-15m-1774830600-down,0.99,1.0,180,1.8000,WIN,1244.56,429.59,2.8971,0x3e0e0c5fd5776d5792557508fda8506fb3eebc82a46f8a0f6ad1970562a4eb0e,98320144586267452423381508451461032375886669702412152214861693903623550575181,1774830600,2026-03-30 02:49:11,1.0
6c2cc25b,2026-03-30 03:03:07,ETH 5m UP,UP,5m,eth-5m-1774832400-up,0.99,1.0,180,1.8000,WIN,429.51,219.67,1.9553,0x6e0bf504a0a8fcc1cc7d78d57dda92406635508e3d9b2e29dc62a367344ceb85,14427334197433883342830938041247589075340161629462383556936533604097731889110,1774832400,2026-03-30 03:09:11,1.0
7a6b4441,2026-03-30 03:03:40,BTC 5m UP,UP,5m,btc-5m-1774832400-up,0.99,1.0,180,1.8000,WIN,8598.36,5551.94,1.5487,0x614c820a36b2bc75b92a89fa8227a71a5ab0dbe1145bf652502e952419b0dd08,43194510072317144069587225199488862730930885563861878760360324313424921077296,1774832400,2026-03-30 03:09:11,1.0
492295c4,2026-03-30 03:13:16,BTC 15m UP,UP,15m,btc-15m-1774832400-up,0.99,1.0,180,1.8000,WIN,1927.34,224.0,8.6042,0x2b33f9c6c1f379683aa52f854d8b43182f0093e8952a0f74646ed518d367a800,77758737426864423867416379024700538838064433886025155735798028478811022517786,1774832400,2026-03-30 03:19:11,1.0
71e619df,2026-03-30 03:28:24,BTC 15m UP,UP,15m,btc-15m-1774833300-up,0.99,1.0,180,1.8000,WIN,2980.15,1943.26,1.5336,0xb9d4460458efe0129742c8201e49031bd08e4e622dda6891d657d3fb329266f0,89186119987697813850146891227870518981284223468021408917981611795934676121684,1774833300,2026-03-30 03:34:12,1.0
b8b6863f,2026-03-30 03:28:54,BTC 5m UP,UP,5m,btc-5m-1774833900-up,0.99,1.0,180,1.8000,WIN,2907.74,273.94,10.6145,0xe71eec2aa538b12cf16cd4d14cb4af352ab6e053ef0c17bd462f7e8cfbeb40a0,53691080681011192125802282470700355503411434198041653649254223038118258627117,1774833900,2026-03-30 03:36:11,1.0
5530247b,2026-03-30 03:29:02,ETH 5m UP,UP,5m,eth-5m-1774833900-up,0.99,1.0,180,1.8000,WIN,396.34,98.98,4.0042,0x4de16ea93a64ba8e26fc956c27dd0a20e89ed2da0632d6178032c28f9494ccb7,39222290284579566851427611012492430652534840569193898961221273881063522476295,1774833900,2026-03-30 03:36:12,1.0
dea3aa18,2026-03-30 03:34:46,BTC 5m UP,UP,5m,btc-5m-1774834200-up,0.99,1.0,180,1.8000,WIN,2162.91,968.95,2.2322,0x225a7b9fa8ba4d1ae33464a9d2a1b29b6e37608ee3a08b6a15a96f43da2ee6bb,90008251907271628985259356842528655853209028250013995454230134001862327974081,1774834200,2026-03-30 03:39:11,1.0
770340e2,2026-03-30 03:39:06,ETH 5m DOWN,DOWN,5m,eth-5m-1774834500-down,0.99,1.0,180,1.8000,WIN,604.39,234.92,2.5727,0x5f19325387f8bc0b604891c051cf4ccaad59e693916eeba509bfad0e1eb6bb5a,58952318910059745556032170589236927854538996471180103438757236936676103231608,1774834500,2026-03-30 03:44:11,1.0
3337f9c9,2026-03-30 03:39:33,BTC 5m DOWN,DOWN,5m,btc-5m-1774834500-down,0.99,1.0,180,1.8000,WIN,2748.31,207.6,13.2385,0xd49b1450d90c0a934c5d7dbe6ad5098b62106a28c2c30737bbd43f033ae9c018,47977347036655169308156459974792173089405462833586947239877540771018857536986,1774834500,2026-03-30 03:46:11,1.0
bd4a0061,2026-03-30 03:48:14,ETH 5m UP,UP,5m,eth-5m-1774835100-up,0.99,1.0,180,1.8000,WIN,413.34,251.78,1.6417,0x25537064274928d466f9e885a41fb972b8b523da77c267671c1164af8531a2d7,64158018761591953131051656153846829550598708218413563713757347004512437065825,1774835100,2026-03-30 03:54:11,1.0
a73fbec1,2026-03-30 04:08:41,ETH 5m UP,UP,5m,eth-5m-1774836300-up,0.99,1.0,180,1.8000,WIN,467.46,281.7,1.6594,0xe9e9f7d19ed9c9603a8b5949b31b90b401438a857684cac13d39a62843de90e1,108952015929644791183815957833780106236247121006627184304450547661553243681532,1774836300,2026-03-30 04:14:11,1.0
89d60b94,2026-03-30 04:09:03,BTC 5m UP,UP,5m,btc-5m-1774836300-up,0.99,1.0,180,1.8000,WIN,3416.05,386.41,8.8405,0x4ecbb6f6e532ce99111f45e2ce182ba31e1fb5a3e37b95cd65224a2baf0abc4e,81725269898012723730711391429662794948126320375245003173753694410038917894059,1774836300,2026-03-30 04:16:12,1.0
a4a9881b,2026-03-30 04:24:52,ETH 5m DOWN,DOWN,5m,eth-5m-1774837200-down,0.99,1.0,180,1.8000,WIN,309.31,138.23,2.2376,0xc33b8ebe537fd92e0464591376f157f4853264f7bedd11ce00ea6ff3754de0d2,14870855595751166220763286781006594644568092594249806688155279969700968082953,1774837200,2026-03-30 04:29:11,1.0
7f2ed90f,2026-03-30 04:27:08,ETH 15m DOWN,DOWN,15m,eth-15m-1774836900-down,0.99,1.0,180,1.8000,WIN,271.1,160.53,1.6888,0x126a86e40a85d9f5b4f2dfa4161658bf241682e200a79a9f11a814fdfe6dbf4b,82530468012915454088941039577807140322973090483900449667840768681863488618516,1774836900,2026-03-30 04:34:11,1.0
141cff14,2026-03-30 04:27:44,BTC 15m DOWN,DOWN,15m,btc-15m-1774836900-down,0.99,1.0,180,1.8000,WIN,2653.87,1626.11,1.6320,0xb6df01b1d90fca1a0e8b73bc6bc7816b7775ad0b9b0cf4cc77878ac96d230099,51117497444369213514056689967473875439427068380395146572283824124912071944676,1774836900,2026-03-30 04:34:11,1.0
b06b485e,2026-03-30 04:34:37,ETH 5m DOWN,DOWN,5m,eth-5m-1774837800-down,0.99,1.0,180,1.8000,WIN,73.18,40.03,1.8281,0x2b751832ed2a6ecc533541685bffa3a0e5f8b677223e16e3d3becd0c9e4ce9ea,83488416221271700382339269795704615985481536045233152114620751721490755732325,1774837800,2026-03-30 04:41:12,1.0
2a3487a8,2026-03-30 04:34:42,BTC 5m DOWN,DOWN,5m,btc-5m-1774837800-down,0.99,1.0,180,1.8000,WIN,1842.82,1227.4,1.5014,0x76ba1faa0662f755fa646b8e3e3ea647401c8eb3bcbeb080e75355a4d67c788d,12957054972029132342992791056068330118817437198060682548525460719451279232727,1774837800,2026-03-30 04:39:11,1.0
01c2693d,2026-03-30 04:43:33,ETH 5m UP,UP,5m,eth-5m-1774838400-up,0.99,1.0,180,1.8000,WIN,86.74,19.09,4.5437,0x9225294b6d116ad81fcbc03608b424f24ffc36d759794ec1bd62bd7f7e6684fe,105786391380227916282800083796182859920607761356899686432676154158505055982703,1774838400,2026-03-30 04:51:11,1.0
ecdfdaa4,2026-03-30 04:43:59,BTC 15m UP,UP,15m,btc-15m-1774837800-up,0.99,1.0,180,1.8000,WIN,1889.48,1043.93,1.8100,0xed049e2d4bd588b5d7fc22d50e6f4c9d5031d9977217ea14a91b2eb88719a7e5,115513952550380299125226015033417982769316922513694287766118745063590072770329,1774837800,2026-03-30 04:49:11,1.0
a850fb1c,2026-03-30 04:46:37,ETH 5m UP,UP,5m,eth-5m-1774838700-up,0.99,1.0,180,1.8000,WIN,539.63,290.82,1.8555,0x1e15741372be249173ab1446f2121e3db0fbc1b524d8be11bcdc469a37ef245f,107696214215896066904039374042959118851701424680589089774485850745387844787076,1774838700,2026-03-30 04:54:11,1.0
12274755,2026-03-30 04:53:42,BTC 5m DOWN,DOWN,5m,btc-5m-1774839000-down,0.99,1.0,180,1.8000,WIN,3386.86,1197.92,2.8273,0xb7c48ac7c06d352bfa2d4bd6b7da1d526bdee1bc3b9c4503763e960ea36a0b50,84716194328130045437611336093482152290130576109027807758660522348891749026077,1774839000,2026-03-30 05:01:12,1.0
45511ce3,2026-03-30 04:53:55,ETH 5m DOWN,DOWN,5m,eth-5m-1774839000-down,0.99,1.0,180,1.8000,WIN,889.34,247.2,3.5977,0x25f807fe2c7d77ba48e4e8ff65563ab335087f742089e20c613d76bf7fd98c02,9370660865773966261346258377319180901004593238520211802307587058883987106065,1774839000,2026-03-30 04:59:12,1.0
625437d5,2026-03-30 05:04:01,BTC 5m DOWN,DOWN,5m,btc-5m-1774839600-down,0.99,1.0,180,1.8000,WIN,2879.11,1878.9,1.5323,0x8ad6294bcb643b4d1b3767b1e0c03427991d5cc259695a0bae6274a2f6a77896,22919559307323599427273419968088502873889280718443862150638218757951617506866,1774839600,2026-03-30 05:09:11,1.0
601f498d,2026-03-30 05:14:49,BTC 5m DOWN,DOWN,5m,btc-5m-1774840200-down,0.99,1.0,180,1.8000,WIN,2010.07,412.45,4.8735,0x57bd865f55f520d678eb6e7cbe3196328b85cc61005745fb6d81bb3e247ee091,22571132777372058817873469849090985467840254982038107452536073980358663729090,1774840200,2026-03-30 05:19:11,1.0
b6c37570,2026-03-30 05:19:35,BTC 5m UP,UP,5m,btc-5m-1774840500-up,0.99,1.0,180,1.8000,WIN,544.25,188.47,2.8877,0x79d3f6d0aea47666235ef5821b8194895dba28bb92afe2072bf085e1d481e446,34533588010703038607459116875145311352014767677121600535728456721469875010238,1774840500,2026-03-30 05:24:11,1.0
59271d78,2026-03-30 05:24:25,BTC 15m UP,UP,15m,btc-15m-1774840500-up,0.99,1.0,180,1.8000,WIN,1600.73,518.63,3.0865,0xaf28c302d7e1412de897f519fba164f52b819c19cda801d49dd5ee97725be10d,21716405699236245563164326185970285001575987671586786209350106296522376089362,1774840500,2026-03-30 05:36:11,1.0
44186ca1,2026-03-30 05:24:27,BTC 5m UP,UP,5m,btc-5m-1774840800-up,0.99,1.0,180,1.8000,WIN,2392.5,1415.01,1.6908,0xba01d68fd7d16aab38922908b0071b57d58e298e6814e8fb35c1c18bae3be268,1789426616655465202125184864762426714930659367508651780956348006020585474033,1774840800,2026-03-30 05:29:11,1.0
6400c966,2026-03-30 05:29:47,BTC 5m DOWN,DOWN,5m,btc-5m-1774841100-down,0.99,1.0,180,1.8000,WIN,1210.96,765.62,1.5817,0x6764b85539e12f148fe94c3b0b2cae5f2a411e3a693dff165cca8f64f2ed84b2,90496728249063971671030889467335425888907565066884383423279264239941771874186,1774841100,2026-03-30 05:34:11,1.0
26da862e,2026-03-30 05:39:23,BTC 5m DOWN,DOWN,5m,btc-5m-1774841700-down,0.99,1.0,180,1.8000,WIN,2890.86,571.29,5.0602,0xf694b6ed026232d5870a2272dd075bb65e9ce8da71950a3dd9df83efb48d23db,40559605226198924055976980168509092521749664903557755619463663899571651229351,1774841700,2026-03-30 05:44:11,1.0
a8230ec4,2026-03-30 05:54:54,ETH 5m UP,UP,5m,eth-5m-1774842600-up,0.99,1.0,180,1.8000,WIN,156.31,95.99,1.6284,0xc44aaffb601c60c2701615d3bf765a844830b15cbea080663bd49e587add93f5,73112168690558243461449810095289648987673864999821794616848506592240847949973,1774842600,2026-03-30 05:59:11,1.0
c85ba2e5,2026-03-30 05:54:57,BTC 5m UP,UP,5m,btc-5m-1774842600-up,0.99,1.0,180,1.8000,WIN,1281.32,775.06,1.6532,0x20d650ee552e57aa51fa381315fb5a15278f8a20f91f2c0069597e2a5e664ef0,100509931958887282063676654017591888882546257773006021674958801365992922136245,1774842600,2026-03-30 06:01:11,1.0
959e1ec7,2026-03-30 05:59:49,BTC 5m DOWN,DOWN,5m,btc-5m-1774842900-down,0.99,1.0,180,1.8000,WIN,2171.7,1389.91,1.5625,0x3c2cca0d019a7a45a17c2714aec1d91c973a66910398b6adae0a876c31b045ec,112108456741777350600137847679595519211237619027742337793822571166844577764488,1774842900,2026-03-30 06:06:11,1.0
5d466913,2026-03-30 06:08:48,ETH 15m UP,UP,15m,eth-15m-1774843200-up,0.99,1.0,180,1.8000,WIN,255.09,135.0,1.8896,0x0e0d24415a819e63c25139caf70d22c6c327d3196989d8afc2ad8db86da83425,67936426754463569528110866043948384645834905788612148000640070851807369816211,1774843200,2026-03-30 06:19:11,1.0
f627480e,2026-03-30 06:09:01,BTC 15m UP,UP,15m,btc-15m-1774843200-up,0.99,1.0,180,1.8000,WIN,2307.76,1155.0,1.9981,0xc78b29aecd69d8d1f48f1f77d36d7df6bd0d21d346fb5f82dba060c650fdb1e0,66946052776083794065630887784547459143888022590324547022570538371649587989551,1774843200,2026-03-30 06:19:11,1.0
18ddb3af,2026-03-30 06:09:31,BTC 5m UP,UP,5m,btc-5m-1774843500-up,0.99,1.0,180,1.8000,WIN,288.86,128.36,2.2504,0xf377de43524474cbaa823694e127ee7d62ad94554d891ba6cfe583655a04dddc,66524253242251621830634073705052573502739384863526666042461110243886787994233,1774843500,2026-03-30 06:16:11,1.0
3bcfaef9,2026-03-30 06:14:50,ETH 5m DOWN,DOWN,5m,eth-5m-1774843800-down,0.99,1.0,180,1.8000,WIN,114.6,70.02,1.6367,0x1af8cb75253dd7fcb894590f1f7aca72b4289742b6e429cb9823ca2e6a12dcea,104977428169847162433698176060016172635623698606307155026237141973700464551117,1774843800,2026-03-30 06:19:11,1.0
42835a10,2026-03-30 06:19:58,ETH 5m UP,UP,5m,eth-5m-1774844100-up,0.99,1.0,180,1.8000,WIN,403.42,234.67,1.7191,0xb715696c81a99b6069564998434c14b1f48bc2a4b17e75492b59edbedb5c5725,106112111205532269185180595996293496112959084880991137699505395590594162614163,1774844100,2026-03-30 06:26:11,1.0
a035cbcc,2026-03-30 06:28:51,ETH 15m UP,UP,15m,eth-15m-1774844100-up,0.99,1.0,180,1.8000,WIN,325.53,112.24,2.9003,0x410bdd20a9611fd08329ca21aad13880589c1e54d0c76ed6311a2fadac5c3058,53883971159301451223835440999728661425161993197586753174723344500867265922890,1774844100,2026-03-30 06:36:12,1.0
94c53540,2026-03-30 06:29:16,BTC 5m UP,UP,5m,btc-5m-1774844700-up,0.99,1.0,180,1.8000,WIN,1086.9,367.72,2.9558,0x0fb40b4a52ae49421517dc7827cf81604a5dc2d46e529aee9ce43b2b714ccaa7,66236652412368470917197405632872928551755502342885897506679683294280131478581,1774844700,2026-03-30 06:34:11,1.0
0aa87f71,2026-03-30 06:29:19,BTC 15m UP,UP,15m,btc-15m-1774844100-up,0.99,1.0,180,1.8000,WIN,6485.5,1135.0,5.7141,0x40c6288b42f322c3b61fc5fb51d61cea0b9f42de88e2b75d495396afb022adc9,45240169390107445317852575860811261413616793626791827187366248014096678790578,1774844100,2026-03-30 06:34:11,1.0
207ac6b3,2026-03-30 06:34:54,BTC 5m UP,UP,5m,btc-5m-1774845000-up,0.99,1.0,180,1.8000,WIN,759.14,382.23,1.9861,0x0302df3734d057ca6b2d88471b3bf02c4ff2651329b88aa9c3d7050720d67b34,95802507691727473755646375833709888864169617573108340096266482596955259188864,1774845000,2026-03-30 06:39:11,1.0
d2cadd70,2026-03-30 06:49:34,ETH 5m UP,UP,5m,eth-5m-1774845900-up,0.99,1.0,180,1.8000,WIN,606.61,371.19,1.6342,0x890f8d70ff54432be3ca5dd3faf7d6ffd7f2b504fe361762754831b599061f00,84902249639731964188573407359678350934017654591388863982015286151728132445708,1774845900,2026-03-30 06:56:11,1.0
92ceeca6,2026-03-30 06:49:38,BTC 5m UP,UP,5m,btc-5m-1774845900-up,0.99,1.0,180,1.8000,WIN,297.45,128.56,2.3137,0xc59131e4c5f1f2cc2147c1230a5c149ed9dde81959e8b3baa6eb9f6fe12eb909,82166784667635114776309783449515692544132252570544564690697348921116087358900,1774845900,2026-03-30 06:56:12,1.0
170ce81a,2026-03-30 06:54:32,BTC 5m UP,UP,5m,btc-5m-1774846200-up,0.99,1.0,180,1.8000,WIN,2307.81,1533.24,1.5052,0xb1003dabcd203ceef1c8d53a3f503ae628cbdcbe1e1d751c31613eaeda8afbd7,59628396082012945559057927928677266577375363472230789894799238061181338890392,1774846200,2026-03-30 06:59:11,1.0
bf52f849,2026-03-30 07:12:18,ETH 15m UP,UP,15m,eth-15m-1774846800-up,0.99,1.0,180,1.8000,WIN,1024.93,404.0,2.5370,0x4b6ca1561aacb75bb822eb6e6c4d29abeae3119487c3b325d51f0a5fabce7e5f,43485774600467467133105657771909360467452021871873317608872886947493156759207,1774846800,2026-03-30 07:21:12,1.0
e270cab3,2026-03-30 07:14:16,BTC 5m DOWN,DOWN,5m,btc-5m-1774847400-down,0.99,1.0,180,1.8000,WIN,8481.62,5543.67,1.5300,0x5e22c4381198874decffe1b5d7f84df91a88be81df82a6b3bc2b09e8f14ab366,106619904310306524825951220469029682367161365108350910241864480559559589638884,1774847400,2026-03-30 07:17:11,1.0
1a52bb4f,2026-03-30 07:14:32,ETH 5m DOWN,DOWN,5m,eth-5m-1774847400-down,0.99,1.0,180,1.8000,WIN,323.79,170.77,1.8961,0x304eb685f057eff40a7b42dd23de656cce41131aa52e1ac8c2fcd12d0d3d3eac,21858996705368446627938930725587918315901058576157911901989400480286703230460,1774847400,2026-03-30 07:19:11,1.0
425003c3,2026-03-30 07:29:43,BTC 15m UP,UP,15m,btc-15m-1774847700-up,0.99,1.0,180,1.8000,WIN,2640.07,997.97,2.6454,0xc64e9fb574baa46f164c60f3248e65577c2f603d8d66966a137c3bb28b8a1647,19696897358955070975033252978678301830088015268782259862774742639359628867403,1774847700,2026-03-30 07:34:11,1.0
a7d100c3,2026-03-30 07:29:46,ETH 15m UP,UP,15m,eth-15m-1774847700-up,0.99,1.0,180,1.8000,WIN,188.19,110.2,1.7077,0x9b32ecb2a72a0dab0b2764aa8ad0f840675799069ffa17f283f87b2766eff701,50507936657537119082922751628205571139917393698323156303594160200683262852138,1774847700,2026-03-30 07:34:11,1.0
19c2fceb,2026-03-30 07:29:58,BTC 5m UP,UP,5m,btc-5m-1774848300-up,0.99,1.0,180,1.8000,WIN,327.02,144.82,2.2581,0xcd51e4b5818fd3759665922cd5131ed3cd6b33f54df41c34e288232477943457,38178293836696072060929958115334988828320967277087100551664054773321980318537,1774848300,2026-03-30 07:34:11,1.0
a86e20ef,2026-03-30 07:34:52,BTC 5m DOWN,DOWN,5m,btc-5m-1774848600-down,0.99,1.0,180,1.8000,WIN,2009.9,1195.65,1.6810,0x9c5691818f8fa7ebd42303ee392573d93836e65ab0678fa758b9463dcfa144c3,113764622756284760025624140603818994456842702441660636270840939280001751040969,1774848600,2026-03-30 07:39:11,1.0
234fdadd,2026-03-30 07:39:23,BTC 5m DOWN,DOWN,5m,btc-5m-1774848900-down,0.99,1.0,180,1.8000,WIN,2445.82,1585.59,1.5425,0x5d13c0d288167be27f5db4bb7b981e0d61b087f888220e3fd5a1b6a5595db068,3430752707599652723273522235287263346083459559160301987110819938242738697554,1774848900,2026-03-30 07:44:11,1.0
0d61362c,2026-03-30 07:40:17,BTC 15m DOWN,DOWN,15m,btc-15m-1774848600-down,0.99,1.0,180,1.8000,WIN,2655.17,1680.47,1.5800,0x0ca2d8e3b978afcb00343a181a8916eab8b67dfba37862507e8e42e8390431cf,98487845594349832497246366099015365742032960373323781749935293763398977359658,1774848600,2026-03-30 07:51:11,1.0
c46a3dea,2026-03-30 07:42:12,ETH 15m DOWN,DOWN,15m,eth-15m-1774848600-down,0.99,1.0,180,1.8000,WIN,1807.73,328.13,5.5092,0x46b6f7285796dc67d9b256ad4cf85b2150bed71a9533c6f7cd7ea84345d3ebc1,51568857221902148876802552190445634902973652908767547502536287969291185914823,1774848600,2026-03-30 07:47:11,1.0
5bd5db28,2026-03-30 07:44:57,ETH 5m DOWN,DOWN,5m,eth-5m-1774849200-down,0.99,1.0,180,1.8000,WIN,196.06,45.37,4.3214,0xc82eb6b2cd45e26eba6a39737b1578383bb6ebfad80c6a8fffa6129aeade11a5,55233379165397150840236420545504578081699721304404464201275005303175891660918,1774849200,2026-03-30 07:49:11,1.0
3c1b6a7b,2026-03-30 07:59:08,ETH 15m DOWN,DOWN,15m,eth-15m-1774849500-down,0.99,1.0,180,1.8000,WIN,782.74,506.06,1.5467,0x8ddccc8aff491be823cef12dc709ebb515d1da6ab8b741126bec9edb3eb7dc2e,16732028513451738701583795225607606458571986493718595215001619289677687420118,1774849500,2026-03-30 08:04:11,1.0
b2691ea1,2026-03-30 08:04:40,BTC 5m UP,UP,5m,btc-5m-1774850400-up,0.99,1.0,180,1.8000,WIN,3089.21,1971.75,1.5667,0x44462a8d7af6fe6c5b0e8cc6f90f18e1441bd3f765e2b00651ce6f2bf716a08d,58779886948404723274706210851714639812502612473009192935774149725309916590172,1774850400,2026-03-30 08:11:11,1.0
dcc53197,2026-03-30 08:09:35,BTC 5m DOWN,DOWN,5m,btc-5m-1774850700-down,0.99,1.0,180,1.8000,WIN,3551.43,823.68,4.3117,0x2052604064eb1daf0e1c55d3c14d04a557c6579a5b3a4a3ef83863fee71be5e7,67508207503307617211962018873402293366351440604077724892098641815189326851462,1774850700,2026-03-30 08:14:11,1.0
fdac3555,2026-03-30 08:14:47,BTC 15m DOWN,DOWN,15m,btc-15m-1774850400-down,0.99,1.0,180,1.8000,WIN,1286.12,814.84,1.5784,0x79a6fcdaca07230c7f66454ed4bfa5aa6ee2959ff7c56dec3bb8a277955260d1,49458313988890020489666947236871161382864952552924176632884932052717878145203,1774850400,2026-03-30 08:19:11,1.0
2dacc8cf,2026-03-30 08:27:03,BTC 15m DOWN,DOWN,15m,btc-15m-1774851300-down,0.99,1.0,180,1.8000,WIN,3181.55,1989.32,1.5993,0x6404acb2e9ed6f71cd0433ed20675f84c1c9d434dd72a02aa66a1e46e6ec6396,41112782447734252716134778011754597445399888227083968426472945599941306125418,1774851300,2026-03-30 08:34:11,1.0
ab79eb4e,2026-03-30 08:35:01,BTC 5m DOWN,DOWN,5m,btc-5m-1774852200-down,0.99,1.0,180,1.8000,WIN,11296.2,2652.62,4.2585,0x35c48b7379edf16d15bad9129efb6e91400b5157be9a18daf45d0a66846181f3,83060106211162277671505369464827993537515056591402201347626038916517718917299,1774852200,2026-03-30 08:37:10,1.0
1854b0b7,2026-03-30 08:44:15,BTC 5m UP,UP,5m,btc-5m-1774852800-up,0.99,1.0,180,1.8000,WIN,3487.5,1917.67,1.8186,0x8ac1ac15936b4e0bffe77e77c46224e951350015a10e564b3f311cbd96703465,48020550297511828147167855907510288790879092041670581480300706864366520293514,1774852800,2026-03-30 08:49:11,1.0
ce8b96d2,2026-03-30 08:44:15,BTC 15m UP,UP,15m,btc-15m-1774852200-up,0.99,1.0,180,1.8000,WIN,2732.97,737.74,3.7045,0x4a50b888d8630ed6cba8861d927eefbd468f7113105aa2dea832f4bc02a288cd,100873333120609946334895713384533898763611154056686930324582220628534114850531,1774852200,2026-03-30 08:49:11,1.0
aab723c6,2026-03-30 08:44:16,ETH 15m UP,UP,15m,eth-15m-1774852200-up,0.99,1.0,180,1.8000,WIN,867.63,568.73,1.5256,0x14412aa548028b635846d57bb2c5410c2a681ed9ef0a258ad72b5413caff7001,20054012946248766321487955873315053776399068351827637738115347618997356502077,1774852200,2026-03-30 08:51:12,1.0
b3070295,2026-03-30 09:09:33,BTC 5m UP,UP,5m,btc-5m-1774854300-up,0.99,1.0,180,1.8000,WIN,4464.44,1855.87,2.4056,0xa90e6480d78e28edb171eb46486fb9c05e12d0aeca0a6727fd0a20f1fedf01b8,88928467498618861088345882015241834569392675366410487459972377495660336527560,1774854300,2026-03-30 09:14:11,1.0
96d58e57,2026-03-30 09:12:17,BTC 15m UP,UP,15m,btc-15m-1774854000-up,0.99,1.0,180,1.8000,WIN,1763.79,1141.87,1.5447,0xef4b2dbe400e2136c4bda514ae209bfacb57f78d1ab5e6b0af9f87a7e669ba09,62534651973099034372291141056968965825866106858490920662619590333368658187491,1774854000,2026-03-30 09:21:12,1.0
dc0dc09c,2026-03-30 09:24:48,BTC 5m DOWN,DOWN,5m,btc-5m-1774855200-down,0.99,1.0,180,1.8000,WIN,2072.0,292.98,7.0722,0x5fe861415c59b7d60fb058aabef74de94921eed56a9f75ae35829d9a5aee3c3d,83807973484666490096861512056565431740387774403851742347364474657481432339154,1774855200,2026-03-30 09:29:11,1.0
6d36618a,2026-03-30 09:28:07,ETH 15m DOWN,DOWN,15m,eth-15m-1774854900-down,0.99,1.0,180,1.8000,WIN,713.4,451.83,1.5789,0x32bf4e2a29fd76863cd3410984d6d68546559877238e5668c563e677e4065e59,71327598666793823831732311220209123047806475526528102443644669480833622198535,1774854900,2026-03-30 09:36:12,1.0
934e67ad,2026-03-30 09:34:51,ETH 5m DOWN,DOWN,5m,eth-5m-1774855800-down,0.99,1.0,180,1.8000,WIN,111.9,44.01,2.5426,0x453c9863a785bbe9c1093e9943343b396e37695d28b5bf84bb0deaddeef98577,109747972151530488252235332678785329792304424227290667402913139467781962897877,1774855800,2026-03-30 09:39:11,1.0
ce0067ac,2026-03-30 09:39:56,BTC 5m DOWN,DOWN,5m,btc-5m-1774856100-down,0.99,1.0,180,1.8000,WIN,317.38,187.43,1.6933,0x4b185b39e84a0637b5c0a94080221d531e786d0b50872093c15ed7c1aaef93b4,45796430074312715694330378590612868493089614477380708135557593639895496882993,1774856100,2026-03-30 09:46:11,1.0
6a9e6f0c,2026-03-30 09:44:57,BTC 15m DOWN,DOWN,15m,btc-15m-1774855800-down,0.99,1.0,180,1.8000,WIN,146.33,60.5,2.4187,0x05cb3c4736fce4e947c265ea0f5d15628ea057730a88dd5f76fe2fbf9b90dc7e,94927682273331117147926936035670198022742848266524476538974152266528917580254,1774855800,2026-03-30 09:49:11,1.0
4de603be,2026-03-30 09:49:28,BTC 5m UP,UP,5m,btc-5m-1774856700-up,0.99,1.0,180,1.8000,WIN,3406.77,2137.7,1.5937,0x74c7e2fef6118149966353df9e5f20d42d8ae138882312cfffc708195447831e,15271586770335295620208268317973140579444613210851452789310367185839569599396,1774856700,2026-03-30 09:54:11,1.0
73d386f9,2026-03-30 09:54:40,ETH 5m UP,UP,5m,eth-5m-1774857000-up,0.99,1.0,180,1.8000,WIN,587.1,67.88,8.6491,0x75108dd0055d5d5d2cc69d7f393df74f58f579494512d3efc1183da7be4ea0e3,23588259845998231895003919536533325191848130809461483364535882327681746869029,1774857000,2026-03-30 09:59:11,1.0
d538493f,2026-03-30 09:54:55,BTC 5m UP,UP,5m,btc-5m-1774857000-up,0.99,1.0,180,1.8000,WIN,1327.3,695.58,1.9082,0xa42bc64f855b07894b32c416338d2fddddfbe4ffb0981fc3a2a3ee7e3fd39537,95141272328911103225107100274756223791988278075067288722760608778672096889236,1774857000,2026-03-30 10:01:12,1.0
d7ae4119,2026-03-30 09:55:09,BTC 15m UP,UP,15m,btc-15m-1774856700-up,0.99,1.0,180,1.8000,WIN,1972.63,945.94,2.0854,0x6d4f25871a3e12c177aaf30e67c09a52215c82d74cbb0764d853699eb502a2af,113934142232630943563228685173341438737416186129026031800099420173477326770674,1774856700,2026-03-30 10:04:11,1.0
34256b45,2026-03-30 09:59:12,BTC 5m UP,UP,5m,btc-5m-1774857300-up,0.99,1.0,180,1.8000,WIN,4376.66,2712.2,1.6137,0xf29ebaa8e35be42980e31e3c3dd5e9f9616a03d874acc58b4c6048d47e9f677a,110372764427643914336313937333666780520882386813578328656650029912233441995714,1774857300,2026-03-30 10:06:11,1.0
050af87f,2026-03-30 10:09:30,ETH 5m DOWN,DOWN,5m,eth-5m-1774857900-down,0.99,1.0,180,1.8000,WIN,697.93,445.34,1.5672,0x4afef21974b6b1c95749a4493f5de4d4a7a417836f2a37bc62f477d305c2d479,48747196313012640493551751944999679059642167040959272801789418145985267463282,1774857900,2026-03-30 10:16:11,1.0
1f7080af,2026-03-30 10:11:05,BTC 15m UP,UP,15m,btc-15m-1774857600-up,0.99,1.0,180,1.8000,WIN,2235.32,1270.48,1.7594,0x3a1dd3f3b3f15bdbdc35337467bc9999f5d1881c9522a4996f5be6718bd5308d,18218477865871689875960303618294574324011958813284460390451920370337099090685,1774857600,2026-03-30 10:21:11,1.0
e36108d7,2026-03-30 10:14:31,BTC 5m UP,UP,5m,btc-5m-1774858200-up,0.99,1.0,180,1.8000,WIN,1442.75,905.79,1.5928,0x9390d89393978eb38296a5e7442eb90df0d288ac35bf7e0a48443f0a7c525ab9,85397638666493690697428114443490093419499468457775542183708317779820843850613,1774858200,2026-03-30 10:19:11,1.0
7b1bc664,2026-03-30 10:19:41,BTC 5m DOWN,DOWN,5m,btc-5m-1774858500-down,0.99,1.0,180,1.8000,WIN,209.29,132.2,1.5831,0x83035e9f39e825037b37af22734baad7b17e20d5624e6dbc7dec830cec3222eb,26182738873216357213745245419909445173346847230733639166381205401846833147889,1774858500,2026-03-30 10:26:11,1.0
d2426e19,2026-03-30 10:24:12,BTC 5m DOWN,DOWN,5m,btc-5m-1774858800-down,0.99,1.0,180,1.8000,WIN,3677.48,1815.35,2.0258,0x29011b9c00dccbe2ce0a0b94c3caaf0808ee542647dfe2680c182f4c07b9ba44,71252998500287148624697747892412379993856445086102529983392694039066660179666,1774858800,2026-03-30 10:29:11,1.0
faf63066,2026-03-30 10:26:46,BTC 15m DOWN,DOWN,15m,btc-15m-1774858500-down,0.99,1.0,180,1.8000,WIN,3079.69,1959.14,1.5720,0xef80359e577f32ebc0dcc78450f4763d693c56c2741d0a5b19da31bd8f5d8885,31820134764696278189802204724449019672720787548627628846206841915963732809726,1774858500,2026-03-30 10:36:11,1.0
e033a212,2026-03-30 10:34:46,ETH 5m UP,UP,5m,eth-5m-1774859400-up,0.99,1.0,180,1.8000,WIN,341.65,209.28,1.6325,0xceae3a0e37c606a8967217a29d4283dbc2684060a388770050b0c3fc1aba3103,60098981644514975301672151200565908580994654802888192557559877948078435750337,1774859400,2026-03-30 10:41:11,1.0
bb123d17,2026-03-30 10:38:18,ETH 15m UP,UP,15m,eth-15m-1774859400-up,0.99,1.0,180,1.8000,WIN,141.91,72.0,1.9710,0x883b96b0c795dd4ee28e5660bcb990fac6ff73f8fca78fd1ad44b769f85454aa,108056254033765803384292420391468032581472104900404354911414749946500497756858,1774859400,2026-03-30 10:49:11,1.0
79a0826f,2026-03-30 10:39:50,BTC 5m UP,UP,5m,btc-5m-1774859700-up,0.99,1.0,180,1.8000,WIN,2337.52,1456.29,1.6051,0x52ac3f5063268df5b74993ccd9bd04fc08c69c5c7eee67b6ed98687da29d6d4b,3563574315685845719522194826696785779844609199011429111757410815409565932616,1774859700,2026-03-30 10:44:11,1.0
6695e3e1,2026-03-30 10:44:44,BTC 5m DOWN,DOWN,5m,btc-5m-1774860000-down,0.99,1.0,180,1.8000,WIN,2427.95,1589.4,1.5276,0x7d9828716a3cf9c79548bc6d4ba60bd70faa238506e640d99a8489e4281a4c01,61720209671159286880237389277655872665146289950602151397711674410158033931615,1774860000,2026-03-30 10:49:11,1.0
4ab6de82,2026-03-30 10:49:57,BTC 5m DOWN,DOWN,5m,btc-5m-1774860300-down,0.99,1.0,180,1.8000,WIN,53.65,34.73,1.5448,0x25fd744eed66c08dc81550e80ab7378feb3c81fdd11df67f34e6af1acafddaa3,15479085371219598389702752902390615620962579054092811975926314599271962819739,1774860300,2026-03-30 10:54:11,1.0
43541cc9,2026-03-30 10:54:42,BTC 5m UP,UP,5m,btc-5m-1774860600-up,0.99,1.0,180,1.8000,WIN,2457.99,1621.01,1.5163,0xc6128d10ec2a05c3aba94a6bcae3f404887394c147658edffb42b9f96bba9bad,107618143150339271619990301556311318281060747348520622457539404138046480108607,1774860600,2026-03-30 10:59:11,1.0
579c88d0,2026-03-30 10:58:38,BTC 15m DOWN,DOWN,15m,btc-15m-1774860300-down,0.99,1.0,180,1.8000,WIN,1308.1,862.08,1.5174,0x2f2ccfeeb5d16ef097cf90c9e60e229f36b7a8e69bb986ad42b5e57a8c2b1414,113711890883546209133019583245719592408512649631532666356433307346601416520780,1774860300,2026-03-30 11:04:11,1.0
e768374d,2026-03-30 10:58:59,BTC 5m DOWN,DOWN,5m,btc-5m-1774860900-down,0.99,1.0,180,1.8000,WIN,1544.86,839.78,1.8396,0xfa179c519ab58171c76a4b079c244cfafe6aeef24252875f20f0f6f82c3ccf68,48388296721830548981735465495923026049118032939915015486930043942654863405949,1774860900,2026-03-30 11:04:11,1.0
aa017c7f,2026-03-30 11:04:20,BTC 5m DOWN,DOWN,5m,btc-5m-1774861200-down,0.99,1.0,180,1.8000,WIN,3251.15,2113.8,1.5381,0x60c940642ef74c51353976ecd41cb77f8d44fa7619af2f89ffd761a04494731d,45796387304437271048119849978794112049914224530419320345856703977987270493460,1774861200,2026-03-30 11:09:12,1.0
278fd290,2026-03-30 11:14:04,BTC 15m DOWN,DOWN,15m,btc-15m-1774861200-down,0.99,1.0,180,1.8000,WIN,2601.71,1444.11,1.8016,0xbeb137a614c5194642c2c15b851742edccf5ba4d4c0cd11a88a13e67f700c6e4,4559206469291985987100333417872108369198219918459514193921303980704052072857,1774861200,2026-03-30 11:19:11,1.0
baf9a16f,2026-03-30 11:14:51,BTC 5m DOWN,DOWN,5m,btc-5m-1774861800-down,0.99,1.0,180,1.8000,WIN,2471.5,715.66,3.4535,0xdc5ebe1eb6da0d80b7ced5a80c263cc054951276f4be24d5ee700c96c7b3b92a,105271292434129453879313230531697650313335503014830572316949304151407960028635,1774861800,2026-03-30 11:21:11,1.0
de348033,2026-03-30 11:19:53,BTC 5m UP,UP,5m,btc-5m-1774862100-up,0.99,1.0,180,1.8000,WIN,1018.22,216.85,4.6955,0x69a4f31dba47c752a0582e6816db1f6d43f4aa27cb8d0e20c413f15169247e5a,67911041246183847739730263681217748100687218061882546525157055854202830348885,1774862100,2026-03-30 11:26:11,1.0
38046d7f,2026-03-30 11:23:42,BTC 5m DOWN,DOWN,5m,btc-5m-1774862400-down,0.99,1.0,180,1.8000,WIN,3107.69,1222.48,2.5421,0xc070ed343ce36e52391ab45b1529db28a2871585cda3ef08d2f3ef417dc23b1c,7018953336421854222790326955744773037660255304284625790237152828300909586432,1774862400,2026-03-30 11:29:11,1.0
f38bb7b1,2026-03-30 11:29:20,BTC 15m DOWN,DOWN,15m,btc-15m-1774862100-down,0.99,1.0,180,1.8000,WIN,1440.74,935.57,1.5400,0x29c108ee0db9333ed18377e4d134b974a40313058c9c5e58a0e63080262e19ec,10601941018142293437424353886569545940996090271423309834208585905755171100358,1774862100,2026-03-30 11:36:11,1.0
0dc029cc,2026-03-30 11:29:56,ETH 5m DOWN,DOWN,5m,eth-5m-1774862700-down,0.99,1.0,180,1.8000,WIN,118.29,75.76,1.5614,0x0892dbfd254ccdf9b2dcd9cd67e7cbbbfaad18f84ab4ce34873446c68f19169e,3720280159479159478351093148926461086338114045544816384436508814661579388981,1774862700,2026-03-30 11:34:11,1.0
5d246a52,2026-03-30 11:34:47,BTC 5m DOWN,DOWN,5m,btc-5m-1774863000-down,0.99,1.0,180,1.8000,WIN,493.17,153.83,3.2059,0xd781c7c7eb79c4d9543fbc560caf0c4525a8c2b61ffc30572e404fe488c612b9,20593691594710607487124820606779815184753395589851179547751795629465390954519,1774863000,2026-03-30 11:39:11,1.0
54d43d87,2026-03-30 11:39:45,BTC 5m UP,UP,5m,btc-5m-1774863300-up,0.99,1.0,180,1.8000,WIN,2739.77,1771.76,1.5464,0x366163ecb7ed940123544cb6870144ea3663e78b035b649128dc16ba524dcb2f,89683109664028287332854737909600463944683522819121658751299992958086354824103,1774863300,2026-03-30 11:46:11,1.0
30a7be0b,2026-03-30 11:44:31,BTC 15m UP,UP,15m,btc-15m-1774863000-up,0.99,1.0,180,1.8000,WIN,2025.61,1234.26,1.6412,0xe0a15dec108c70646c80d8de5668af516b026e4734d2d69de87c9b1744e16730,63487731781870208852586024407360900661433585746347008768499184033884482733861,1774863000,2026-03-30 11:49:11,1.0
52e7a638,2026-03-30 11:44:41,ETH 5m DOWN,DOWN,5m,eth-5m-1774863600-down,0.99,1.0,180,1.8000,WIN,281.0,186.89,1.5036,0x0a7530c502783c2acdc11bf3635e39ffb7486305e333052c6e38c4ce464351ef,71196471724733081611076184400391476271132823772129609829263660208273024277033,1774863600,2026-03-30 11:49:11,1.0
b1ab6f08,2026-03-30 11:44:51,BTC 5m UP,UP,5m,btc-5m-1774863600-up,0.99,1.0,180,1.8000,WIN,1736.16,1107.13,1.5682,0x50b839b29311a3a3211314fd3d6bef05b52a6679c893a37f2f2254bd5d49fe8f,17714441889445604575585312660684965271689493769856752607564033206185687833814,1774863600,2026-03-30 11:51:11,1.0
5a6a5f33,2026-03-30 11:54:49,BTC 5m DOWN,DOWN,5m,btc-5m-1774864200-down,0.99,1.0,180,1.8000,WIN,2185.92,1287.73,1.6975,0x6367c80b45128c1c94c7e9206e724a1b6142f3d13296be7d5fab4c39ce0d3561,6523489750261908766433869280284368965911340999903563291400359140318117733729,1774864200,2026-03-30 12:01:11,1.0
0b830082,2026-03-30 11:58:06,BTC 15m DOWN,DOWN,15m,btc-15m-1774863900-down,0.99,1.0,180,1.8000,WIN,1564.0,641.11,2.4395,0xf96b8f986ea91ddd7212884fb5595de60e1ed065d507931b200c9e27fa5f29a3,80074930229718096049863146822954078269370997106060921934353339988590410084445,1774863900,2026-03-30 12:04:11,1.0
97305b3e,2026-03-30 12:12:51,BTC 15m DOWN,DOWN,15m,btc-15m-1774864800-down,0.99,1.0,180,1.8000,WIN,461.07,300.23,1.5357,0xb1fd7826f8b2cbc2596fd903a50e3f93af3dee1282407e662d9923d04164530a,58371842483210173220891098445888716903719843043699227029904431123921725768824,1774864800,2026-03-30 12:19:11,1.0
da5e8151,2026-03-30 12:14:02,ETH 15m DOWN,DOWN,15m,eth-15m-1774864800-down,0.99,1.0,180,1.8000,WIN,935.39,145.0,6.4510,0x59adbf1135bfd4636cb2be9fbfa2187b745b3670b9f77365f327c1b082681371,59809750444124988606290346559179075797188550242581363460155024481954463890436,1774864800,2026-03-30 12:19:11,1.0
27691f71,2026-03-30 12:19:52,BTC 5m UP,UP,5m,btc-5m-1774865700-up,0.99,1.0,180,1.8000,WIN,2908.47,1928.16,1.5084,0xef63ab0fb58ccb1527d212dbb6040189e9f37cdc4f7aff3cb4bf6c2183c897cc,16278853885355139160365413875148010852913926647463827591273602037550943624849,1774865700,2026-03-30 12:24:11,1.0
7886eb35,2026-03-30 12:24:48,BTC 5m DOWN,DOWN,5m,btc-5m-1774866000-down,0.99,1.0,180,1.8000,WIN,2564.03,1016.37,2.5227,0xe52e5a22304ee203d8525b78a4b4825a9bcdeb6a1e5ad7f5ab85431cfac6b000,46984951779456465990401496291355973337232570955299945516419476272167261532951,1774866000,2026-03-30 12:29:11,1.0
41db64e0,2026-03-30 12:29:58,BTC 5m DOWN,DOWN,5m,btc-5m-1774866300-down,0.99,1.0,180,1.8000,WIN,963.57,532.9,1.8082,0x70411f73b8a788f8870c0dd3d3639ee26e1c518a7cd9150883275b9fed80045f,91566309003214655450151438072549047151253964699852396842636411893990243429666,1774866300,2026-03-30 12:32:10,1.0
883ef9ad,2026-03-30 12:34:49,ETH 5m DOWN,DOWN,5m,eth-5m-1774866600-down,0.99,1.0,180,1.8000,WIN,258.89,61.58,4.2041,0xca9e32d4406fcc21b3a4aa000633f3222e599b144491dcbd1f55ce3df278cf59,80966677593584315135555781811535906198607029601304204405337241184700936796940,1774866600,2026-03-30 12:39:11,1.0
90e474fb,2026-03-30 12:39:58,BTC 5m DOWN,DOWN,5m,btc-5m-1774866900-down,0.99,1.0,180,1.8000,WIN,110.0,64.31,1.7105,0xc27d70ec32c6519d71e4e97612b3395df74c13e3e6d74b4033886dfe610059bd,52249748020336616344899878531979726223031667576902900434680964013611462811131,1774866900,2026-03-30 12:46:12,1.0
74935f60,2026-03-30 12:42:02,ETH 15m DOWN,DOWN,15m,eth-15m-1774866600-down,0.99,1.0,180,1.8000,WIN,358.98,179.96,1.9948,0x6974a344e4a5585f7d53ceee99a4a3ddb09b29e2a695a191febd0e8b359bc01c,54104327245611649621903145315131335658029215087445448464836179921221932465539,1774866600,2026-03-30 12:51:11,1.0
25b6bd11,2026-03-30 12:44:55,BTC 5m UP,UP,5m,btc-5m-1774867200-up,0.99,1.0,180,1.8000,WIN,2046.11,867.42,2.3588,0x1ea1100e6ceb1cb915370aeac6406e176ca67c4e0d19843129c402f63eebc8ec,84436920116787892816707479415123276429446774458027856468572141807731192135943,1774867200,2026-03-30 12:49:11,1.0
00c1a974,2026-03-30 12:49:29,ETH 5m UP,UP,5m,eth-5m-1774867500-up,0.99,1.0,180,1.8000,WIN,356.69,130.92,2.7245,0xc8784d3f77a204f33e3e6cead9c2c09bc63c5c53950d03f43ff498f7aaf9073a,17007931412471156873647826784486087282872706292817525815419651474497429906967,1774867500,2026-03-30 12:54:10,1.0
10738905,2026-03-30 12:54:13,ETH 5m UP,UP,5m,eth-5m-1774867800-up,0.99,1.0,180,1.8000,WIN,549.05,266.02,2.0639,0x2f0fd33e73355dcd3c31ac110a2d68625ca3d1739c4e6ced624a34f5e5df9da4,96542833229135827919890602416079829811034713586060783609661098765443742705048,1774867800,2026-03-30 12:59:11,1.0
da2fbda4,2026-03-30 12:58:08,BTC 15m UP,UP,15m,btc-15m-1774867500-up,0.99,1.0,180,1.8000,WIN,945.87,260.0,3.6380,0x185bf1ebb26ec956f290ab97cf34d004350ed129b104d41017b723fad9bc2e01,35379630300322760786472322181904950827527255955565631964704430181516898663932,1774867500,2026-03-30 13:06:12,1.0
f4add548,2026-03-30 12:58:30,ETH 5m UP,UP,5m,eth-5m-1774868100-up,0.99,1.0,180,1.8000,WIN,211.47,87.0,2.4307,0x9784c80af34b38102eff4c5e3b21b9d6b6c9c42ead42bac0e31aad976350ba53,31027962265712106900941731669779859305330128139591502471630097036318768504262,1774868100,2026-03-30 13:04:10,1.0
3a9a3e0f,2026-03-30 13:09:14,BTC 5m UP,UP,5m,btc-5m-1774868700-up,0.99,1.0,180,1.8000,WIN,1376.38,854.06,1.6116,0xc066d9e9acf89f2612809b6a5add593839295ecee1f109823d69b895a704d591,97182038459752935382687192507667215576314330917074393268638948327760717109263,1774868700,2026-03-30 13:14:11,1.0
70b547b9,2026-03-30 13:12:28,BTC 15m UP,UP,15m,btc-15m-1774868400-up,0.99,1.0,180,1.8000,WIN,1701.76,775.38,2.1947,0xa2d4b24da5d49332b523602de423b58ca9c0c5b78949ec5a2816425b9ff745a3,75218680394997253546374108046401159645266972749698537686153948186685285038678,1774868400,2026-03-30 13:17:11,1.0
9ca678ea,2026-03-30 13:13:36,ETH 15m UP,UP,15m,eth-15m-1774868400-up,0.99,1.0,180,1.8000,WIN,851.04,114.0,7.4653,0xd9faa17c1d62286f42d640748aff8eb4ae838e7e421d1853f6b2130807369c62,45890610390738876584204933373800881881144691160640852689507412916501561602480,1774868400,2026-03-30 13:19:10,1.0
bdd4a0c8,2026-03-30 13:19:25,BTC 5m DOWN,DOWN,5m,btc-5m-1774869300-down,0.99,1.0,180,1.8000,WIN,1657.42,625.63,2.6492,0x9d05096378f41b1e3829ff2663aaccc003165202a475025e387cb01c797d0506,10580792397069791014572684035750145828716587873557661457196613884411715930042,1774869300,2026-03-30 13:24:11,1.0
28996977,2026-03-30 13:24:00,BTC 5m UP,UP,5m,btc-5m-1774869600-up,0.99,1.0,180,1.8000,WIN,5087.64,2577.22,1.9741,0x93b9e791f3487eebcb799c2ac8807c981ddc27dc7ac94993fc3c01cacd23b879,34033708229935097862822242190782840686656763583728851300852576165575428625844,1774869600,2026-03-30 13:29:11,1.0
cc84e334,2026-03-30 13:26:50,BTC 15m UP,UP,15m,btc-15m-1774869300-up,0.99,1.0,180,1.8000,WIN,1162.28,753.38,1.5428,0x924eb01760d6aef76ec9cca6d453b079460c37e6d082268e023c29d5e9f04175,83829539720229662716295774251733942045328232865736223823624875560943999299945,1774869300,2026-03-30 13:36:12,1.0
2942a53b,2026-03-30 13:26:51,ETH 5m UP,UP,5m,eth-5m-1774869900-up,0.99,1.0,180,1.8000,WIN,723.04,142.2,5.0847,0x60925df9362736eb14845759267f3c8c800f13d6e81d60d5f19c8db4680f42b8,14111655970728121874261089361886596684196252959054729816785243920557591618516,1774869900,2026-03-30 13:34:12,1.0
87b84abb,2026-03-30 13:29:42,BTC 5m UP,UP,5m,btc-5m-1774869900-up,0.99,1.0,180,1.8000,WIN,2502.73,713.19,3.5092,0xb38f60780485022881f3a46932c1f6520bef033f86f5aa41042474955901415d,32548634071589629020279793430346428080394729025669746457934204626454128022605,1774869900,2026-03-30 13:36:11,1.0
5742b945,2026-03-30 13:34:29,BTC 5m DOWN,DOWN,5m,btc-5m-1774870200-down,0.99,1.0,180,1.8000,WIN,3109.9,2062.24,1.5080,0x26844a9a41c53635a4371195a8a3790b6baa3a2de48d967187146f5996417900,6812772207371329721915736712138609724860394633155540133130048851294761035531,1774870200,2026-03-30 13:39:10,1.0
49d560b1,2026-03-30 13:39:26,BTC 5m DOWN,DOWN,5m,btc-5m-1774870500-down,0.99,1.0,180,1.8000,WIN,2024.18,989.23,2.0462,0x7e6ae829254738ff2233b175a8f2ed1ea4924ddc8d8cae39a1d21d527aa65113,99505704136914869160689505400158235151928486219906420720148708202644007858743,1774870500,2026-03-30 13:46:12,1.0
75af51d6,2026-03-30 13:43:51,BTC 15m DOWN,DOWN,15m,btc-15m-1774870200-down,0.99,1.0,180,1.8000,WIN,1730.41,679.56,2.5464,0x388746ddbc9f7624206413f715676133f5509379d3acc6cb9c4bc629e2531d73,104156817793823287867993425987607347260076800779962268182359731979559306756620,1774870200,2026-03-30 13:49:11,1.0
2ad5325f,2026-03-30 13:49:00,BTC 5m UP,UP,5m,btc-5m-1774871100-up,0.99,1.0,180,1.8000,WIN,3439.64,2266.79,1.5174,0xcedc57cda1f2858657ebb70f785465b45ff5c3a129355d586cbe62ed1d731ded,34153806883817540220924201748126241169271227008154149806645159774708512634248,1774871100,2026-03-30 13:54:11,1.0
1752acff,2026-03-30 13:54:20,ETH 5m DOWN,DOWN,5m,eth-5m-1774871400-down,0.99,1.0,180,1.8000,WIN,377.88,223.99,1.6870,0x0d7d9db0275a27c75a60176ca385bc99804ea8b0c2558d0b210a2b0931a7e459,59531682941237769912453975052484301910194467342245485696826311356386036456753,1774871400,2026-03-30 13:59:11,1.0
04105af3,2026-03-30 13:54:38,BTC 5m DOWN,DOWN,5m,btc-5m-1774871400-down,0.99,1.0,180,1.8000,WIN,2464.55,630.54,3.9086,0xb6214d420cbb964735ad0425b72e7bb6278f3d15c0a7141ae66a2a24b30e1b74,52381727329707668292685003162466403029109778366012455454615515381091386038090,1774871400,2026-03-30 14:01:11,1.0
61399bae,2026-03-30 14:04:14,BTC 5m UP,UP,5m,btc-5m-1774872000-up,0.99,1.0,180,1.8000,WIN,3595.02,2384.03,1.5080,0xdfa531990b5312b84d0e1aeca29fd79649c30fe295fd862e2132cc575f1e8aa9,109515720297767169398984077538963673373941562196290957614252884417002611613500,1774872000,2026-03-30 14:09:11,1.0
d18ab660,2026-03-30 14:09:10,BTC 5m UP,UP,5m,btc-5m-1774872300-up,0.99,1.0,180,1.8000,WIN,2968.65,1170.34,2.5366,0x96ed2d34ad570e21c6f460c5e9e3b936264437ef0ccb7338ec61e8d2eb28b69b,102765060044584402000180426048097723673974132583282859553778518416736975480042,1774872300,2026-03-30 14:14:11,1.0
48638df6,2026-03-30 14:09:39,ETH 5m UP,UP,5m,eth-5m-1774872300-up,0.99,1.0,180,1.8000,WIN,187.32,21.71,8.6283,0x6aa3c1471ea2097509cafaba56f0517a214088c02e11351060c2bcc7fd1e2af9,81805938688771840666545292076050595346830510987542355820142125219956327825872,1774872300,2026-03-30 14:14:11,1.0
99022f62,2026-03-30 14:14:14,ETH 15m UP,UP,15m,eth-15m-1774872000-up,0.99,1.0,180,1.8000,WIN,701.04,351.3,1.9956,0x5e9e1616bd63abeeb1ae1a18885832d98e1a9e8d7f00e28e1ef63f66612f9701,25802460341287848167866261506379995642503158370595883621887118099892014928259,1774872000,2026-03-30 14:19:11,1.0
64589f50,2026-03-30 14:14:34,BTC 5m UP,UP,5m,btc-5m-1774872600-up,0.99,1.0,180,1.8000,WIN,3838.57,2081.15,1.8444,0x5304962d3e4a748b3bbdf0e37135b1b8df966db89adb91be7d02116798c94104,54814344638120523058937686538956551704014055460141579667794161270783491438033,1774872600,2026-03-30 14:19:11,1.0
ccd6a0f1,2026-03-30 14:14:57,ETH 5m DOWN,DOWN,5m,eth-5m-1774872600-down,0.99,1.0,180,1.8000,WIN,25.0,6.23,4.0128,0x1d6578e55fd7e57005d6aeb8fe41d4078ae78af2f530c2aed30572d671465703,31364863739933379737104660490972888042321159525496153251376015491318351502210,1774872600,2026-03-30 14:19:11,1.0
eb7c96a9,2026-03-30 14:29:37,ETH 15m DOWN,DOWN,15m,eth-15m-1774872900-down,0.99,1.0,180,1.8000,WIN,249.56,117.76,2.1192,0x6084819b8a9b09faa1f597365fa0d85d305c81efe2e79d1df2e7db627e217a6d,1714169823095316054696678860164685854869719217905370329281298698317525649514,1774872900,2026-03-30 14:34:11,1.0
983a1119,2026-03-30 14:29:52,BTC 5m DOWN,DOWN,5m,btc-5m-1774873500-down,0.99,1.0,180,1.8000,WIN,1171.08,775.89,1.5093,0x55ec6b649188011cd3f3d80d19d1a412654a54bb2baa99627a9da2085e2424cc,79781303161677345539387815841030310180205615438572998499589857082912092728410,1774873500,2026-03-30 14:36:11,1.0
c2f9dd18,2026-03-30 14:29:55,BTC 15m UP,UP,15m,btc-15m-1774872900-up,0.99,1.0,180,1.8000,WIN,1224.12,347.42,3.5235,0x2520f00a1cfd762723a8620b5eadfa12fe40103a7dfb21254b8e543592c1ca2c,99638817229564265863652677268090348148227643783312847098423107628552430858773,1774872900,2026-03-30 14:34:11,1.0
baa9ceb6,2026-03-30 14:34:33,BTC 5m UP,UP,5m,btc-5m-1774873800-up,0.99,1.0,180,1.8000,WIN,3210.54,1990.35,1.6131,0xdbf7c1bb777c5b8c5139603580c02ecff8fbb43f4f6a3dce09294f557c8f8c75,89897679377827080242590275520789028774310369455611184910975521307416524301081,1774873800,2026-03-30 14:39:11,1.0
fe6a0cce,2026-03-30 14:38:25,ETH 5m UP,UP,5m,eth-5m-1774874100-up,0.99,1.0,180,1.8000,WIN,333.73,43.42,7.6861,0x3a7eca762dbeca16955447046c9d71c57a3ebb356dabfc8c4f57e3a3526fdc74,47037088784986357080788919941009103957924623115724870113948104238556383404190,1774874100,2026-03-30 14:44:11,1.0
93b3b87d,2026-03-30 14:39:23,BTC 5m DOWN,DOWN,5m,btc-5m-1774874100-down,0.99,1.0,180,1.8000,WIN,2243.94,1384.29,1.6210,0xeb7464122946af673fc016934e872a41623be5102f2252efc44e943714b79ce1,32136552606742483945840279761082645339758746413160074214816141763288082199637,1774874100,2026-03-30 14:44:11,1.0
3c4a10fd,2026-03-30 14:43:41,ETH 15m UP,UP,15m,eth-15m-1774873800-up,0.99,1.0,180,1.8000,WIN,100.71,64.5,1.5614,0xe4efba0db2be702f9c5f9298e129541953f8cf572ba1e55b8fe97a7606d0358e,7620887031245101019428923816259822019267313182826710352767710333648499581292,1774873800,2026-03-30 14:49:11,1.0
a32dbeca,2026-03-30 14:44:55,BTC 15m UP,UP,15m,btc-15m-1774873800-up,0.99,1.0,180,1.8000,WIN,1165.68,765.64,1.5225,0x31ca9394bbb6d6b51d2a4a01ff0ee6d151cbe4a08b5da4abfb248e168287513e,109679934841677444027088841458196537539688487341529295088359077658422884317557,1774873800,2026-03-30 14:51:11,1.0
bba2b64b,2026-03-30 14:44:57,ETH 5m UP,UP,5m,eth-5m-1774874400-up,0.99,1.0,180,1.8000,WIN,194.67,111.76,1.7419,0x286fb59ad85ac1eec73604da846b9720878a75680c9c65aeaf35e4809486d98f,62366246290480551542715288698519952781256096107612145982575750562496065466299,1774874400,2026-03-30 14:49:11,1.0
4b30d568,2026-03-30 14:44:58,BTC 5m UP,UP,5m,btc-5m-1774874400-up,0.99,1.0,180,1.8000,WIN,529.37,284.45,1.8610,0x87c97ea2e0470819ab20a0e6d8309473dc635935b4b206a1f6e2cc24d9762275,105458378581193238021740114445293877924667741122241145076596261381653646581427,1774874400,2026-03-30 14:49:11,1.0
b7bbf50f,2026-03-30 14:54:59,BTC 5m UP,UP,5m,btc-5m-1774875000-up,0.99,1.0,180,1.8000,WIN,484.74,104.72,4.6289,0x3ced01e0efd52bd1b142fdb1affca05644f19f850dd92454725e9e7b45a9a901,107723213291039704331083672732734830428268413606645449849634161663655691334313,1774875000,2026-03-30 15:01:11,1.0
449981b8,2026-03-30 14:59:55,BTC 15m UP,UP,15m,btc-15m-1774874700-up,0.99,1.0,180,1.8000,WIN,1447.92,854.55,1.6944,0xe80b020d7ae53795e764d0637fdae4b4e83efeaff20fcb779f432a776649a53c,2432436328844639259426335391539090989311938251337508830211936872077757237185,1774874700,2026-03-30 15:06:11,1.0
c07c7133,2026-03-30 15:09:22,ETH 5m DOWN,DOWN,5m,eth-5m-1774875900-down,0.99,1.0,180,1.8000,WIN,253.69,77.83,3.2595,0xd7f3bac29f3ac167607a201e9205c6bff6b95a04fa478a1387d089202e63a9da,91419058943513403763392283678959642284148996983846153479399360011026538465277,1774875900,2026-03-30 15:16:11,1.0
94dfae00,2026-03-30 15:09:57,BTC 5m DOWN,DOWN,5m,btc-5m-1774875900-down,0.99,1.0,180,1.8000,WIN,152.17,74.16,2.0519,0x7ffb755cf858e987ac7a6ae7726d748f29e75baed6669e79eea04660e85ab58c,230244457213857363287577340066967131541143517820789230044316011838533536806,1774875900,2026-03-30 15:14:11,1.0
5f104241,2026-03-30 15:14:33,BTC 5m UP,UP,5m,btc-5m-1774876200-up,0.99,1.0,180,1.8000,WIN,1191.99,403.34,2.9553,0xced9a6de950896abf69a90e2e0e67239c2a7c89d52aba4cd104a84ba3868e19e,70365931903779472286501912617900698457022175929572812709608443928502414402436,1774876200,2026-03-30 15:19:11,1.0
21393405,2026-03-30 15:14:45,ETH 5m UP,UP,5m,eth-5m-1774876200-up,0.99,1.0,180,1.8000,WIN,126.97,69.88,1.8170,0x640d6f6b812a5b10bafc65908d86493051c6c65511a50bb3b9b1b507de137538,85920568033325084911716498650615384227063678467998778708460083134817087994150,1774876200,2026-03-30 15:19:11,1.0
11256ebb,2026-03-30 15:19:51,BTC 5m UP,UP,5m,btc-5m-1774876500-up,0.99,1.0,180,1.8000,WIN,2475.43,1577.3,1.5694,0x40255b51a02b58fdcc291c0a9a501cca23a66f9cabd8813a656ec133b1c21a53,49125697692192485285570750591352589988184893294556767554458373269737938152713,1774876500,2026-03-30 15:24:11,1.0
c21c8e36,2026-03-30 15:19:55,ETH 5m UP,UP,5m,eth-5m-1774876500-up,0.99,1.0,180,1.8000,WIN,40.83,6.2,6.5855,0x43faa6484e131a79b4cd42fc8904dac1afaece9026a149ba56e45565a9138304,64590523560116826366660728333571522377191353620586145375361719169639668581276,1774876500,2026-03-30 15:24:11,1.0
22b7ca93,2026-03-30 15:22:01,ETH 5m UP,UP,5m,eth-5m-1774876800-up,0.99,1.0,180,1.8000,WIN,172.69,80.49,2.1455,0xf5141f23b2943425a1f3cf5eabfbb456a972318bac233e7174c46793af6f414d,88805655869035499446509410834639754529782720048686094961068846590005029433108,1774876800,2026-03-30 15:29:11,1.0
35bf9065,2026-03-30 15:23:32,BTC 5m UP,UP,5m,btc-5m-1774876800-up,0.99,1.0,180,1.8000,WIN,3560.26,1843.63,1.9311,0xc9d19875ca5274dda0bd2488b6eaaf4911d52957db938f4d7a64201e74a4c008,51956074294262111691764560194665855625486821922699600373414684424626185713462,1774876800,2026-03-30 15:27:11,1.0
67b436bf,2026-03-30 15:29:15,ETH 5m DOWN,DOWN,5m,eth-5m-1774877100-down,0.99,1.0,180,1.8000,WIN,573.0,380.09,1.5075,0xe001e6a9815ff7bbf597e95970749f13883d65cb5d8acbb550ac3d2fc3149cf6,40860098992386146568165191057350428897522944573009086380064871703103893934134,1774877100,2026-03-30 15:36:11,1.0
be781a22,2026-03-30 15:29:16,BTC 5m DOWN,DOWN,5m,btc-5m-1774877100-down,0.99,1.0,180,1.8000,WIN,2861.61,517.85,5.5259,0x8516ccf674dc6fd03fa356ba6fbe4d72377861dffd2f066bfc520c545b2844e2,87650217288652648785805844010216174447008194052746675438973914468368531221873,1774877100,2026-03-30 15:36:11,1.0
4253720b,2026-03-30 15:29:59,ETH 15m UP,UP,15m,eth-15m-1774876500-up,0.99,1.0,180,1.8000,WIN,65.0,11.81,5.5038,0x3f79b5d9d5b172cbb835a7a1d2f3d70f8e616b25ce3e1f4b719c09444e61b3ba,80230701131606251287855640314345103038410888976986619995305852461596771065172,1774876500,2026-03-30 15:38:12,1.0
b0e3bade,2026-03-30 15:34:58,ETH 5m DOWN,DOWN,5m,eth-5m-1774877400-down,0.99,1.0,180,1.8000,WIN,208.74,135.4,1.5417,0x53b842b7e12aca7986c3caf608a8ed161526461642067df9385047d0692451c2,24983127613511948849062770411175720962629542125123409282904711269883813544881,1774877400,2026-03-30 15:39:11,1.0
82ba063c,2026-03-30 15:42:31,BTC 15m DOWN,DOWN,15m,btc-15m-1774877400-down,0.99,1.0,180,1.8000,WIN,1182.25,642.81,1.8392,0x15505834be3fb27bb07936c29d8624375add681d8ab326e740ec8ebfa85a5c46,77404774300139605637453558628864905538309022825152721873735049857453851632998,1774877400,2026-03-30 15:49:11,1.0
97d55281,2026-03-30 15:43:10,ETH 15m DOWN,DOWN,15m,eth-15m-1774877400-down,0.99,1.0,180,1.8000,WIN,258.61,26.44,9.7810,0x683a5f21309e75e96050431b87e145b65c19349cd29b673d1b9edf5d034e5915,81166772882533119740534265772897851607017542286721209461934782510997466430150,1774877400,2026-03-30 15:49:12,1.0
6bcff089,2026-03-30 15:44:06,BTC 5m DOWN,DOWN,5m,btc-5m-1774878000-down,0.99,1.0,180,1.8000,WIN,1195.63,96.87,12.3426,0x0b8d183ea8e8b7e518d17c52fe554fe4423ad61400f4e85b89b0a1a8d42db16b,45179317028535701936838037668506300633916533096571496349531770374993695171654,1774878000,2026-03-30 15:49:11,1.0
a19368fe,2026-03-30 15:49:51,BTC 5m DOWN,DOWN,5m,btc-5m-1774878300-down,0.99,1.0,180,1.8000,WIN,1468.13,808.44,1.8160,0xdcde781c044616be249492c3259a58aec8e08b73aad5bde80d02bc7ba5798ad0,100609201952313001548955544829171697773263338257281857762089758543847752853104,1774878300,2026-03-30 15:54:11,1.0
f05bcd56,2026-03-30 15:54:46,ETH 5m UP,UP,5m,eth-5m-1774878600-up,0.99,1.0,180,1.8000,WIN,980.29,396.08,2.4750,0x74d8ebe6bea392f6558727afb15c8a10795eb326a803967ec3ed2fe220b600f2,110495547850784090351934591125943750192177919830663671135183870912697271206961,1774878600,2026-03-30 15:59:11,1.0
af0d6612,2026-03-30 15:57:53,BTC 15m DOWN,DOWN,15m,btc-15m-1774878300-down,0.99,1.0,180,1.8000,WIN,925.55,445.67,2.0768,0x8bb685f760bcabc86fca33af38bc0ed3cf8a0c4991cfb04d5f68a447b539f2c1,31585077437641455754490744498840887732117479361482605664612081216451676359541,1774878300,2026-03-30 16:06:11,1.0
992855ee,2026-03-30 15:58:27,ETH 5m DOWN,DOWN,5m,eth-5m-1774878900-down,0.99,1.0,180,1.8000,WIN,322.33,90.46,3.5632,0x75047826b79c3982ecd42bd69748335a64cb47bc67be652001ab75674a268c1d,16344065059778338123782268269147665050531748348464097180500555141549171981660,1774878900,2026-03-30 16:06:12,1.0
d8b3d8e1,2026-03-30 16:04:19,BTC 5m UP,UP,5m,btc-5m-1774879200-up,0.99,1.0,180,1.8000,WIN,983.56,648.02,1.5178,0x34c2cdb5cb55fa63daccccacc1a81b366c13d4fa87ec7f190ba62bbc400fc1ef,7450524624439107588417065125716700806596596878580371157928151905290824495914,1774879200,2026-03-30 16:09:11,1.0
ffb29ef2,2026-03-30 16:12:02,ETH 15m UP,UP,15m,eth-15m-1774879200-up,0.99,1.0,180,1.8000,WIN,125.38,31.52,3.9778,0xf2f864fa20e3fe43022183eb9522351ba051425986f68a9fd28ed789c7367b83,96639257367114275249165500650141014025826659585603525211616547093534136481947,1774879200,2026-03-30 16:19:11,1.0
fdcd8ac4,2026-03-30 16:12:27,BTC 15m UP,UP,15m,btc-15m-1774879200-up,0.99,1.0,180,1.8000,WIN,2442.68,1591.71,1.5346,0x20ceba5ac856ae40a275d98e1d578bde7f866c9a9ffcbc602d426276357b4d6c,103638995304450164163777036563846411695096407541746660903931916608220707150713,1774879200,2026-03-30 16:19:11,1.0
3fbc0454,2026-03-30 16:13:55,ETH 5m UP,UP,5m,eth-5m-1774879800-up,0.99,1.0,180,1.8000,WIN,1144.04,748.96,1.5275,0x88a640e337586256dd8224fc725168fed708a683368255befc426e7748a5eaff,27147795648667001022006246532578581484415785697387314516101017200124391357784,1774879800,2026-03-30 16:19:11,1.0
5d38affd,2026-03-30 16:14:04,BTC 5m UP,UP,5m,btc-5m-1774879800-up,0.99,1.0,180,1.8000,WIN,3111.28,1616.54,1.9247,0xec3c0cf2c3004dafeb7f7faab869316b993f7999c245d648adb309ce6c214c80,21724102623518366343193898133507714838789402661809232576662672899340458684441,1774879800,2026-03-30 16:21:11,1.0
96dcd350,2026-03-30 16:18:41,ETH 5m DOWN,DOWN,5m,eth-5m-1774880100-down,0.99,1.0,180,1.8000,WIN,365.4,205.43,1.7787,0x85d5410d1054a3a40ec2b6dc6db22e9c8835d378ad0135b711d8851b8732f6ff,106147360309654009318248547922576277190711318596269034741089866657799670293210,1774880100,2026-03-30 16:24:11,1.0
ea0012f5,2026-03-30 16:18:51,BTC 5m DOWN,DOWN,5m,btc-5m-1774880100-down,0.99,1.0,180,1.8000,WIN,3363.05,2227.68,1.5097,0xbd0d7e763f6386a265578bd6b164e9bd3c425d7d32ce1843674e1dba5c316ab8,13631104091984845924740173854864944063054571280148590732524834886683562018245,1774880100,2026-03-30 16:26:11,1.0
40777b89,2026-03-30 16:24:47,BTC 5m UP,UP,5m,btc-5m-1774880400-up,0.99,1.0,180,1.8000,WIN,702.06,343.27,2.0452,0x45054460fbd1e4f544f5045c2cdd3d9043af0288644ccd3ae3b94aea116965e6,22570485116712621755512485658394962091789543166390520094392458557649707247069,1774880400,2026-03-30 16:29:11,1.0
5227b371,2026-03-30 16:24:52,ETH 5m UP,UP,5m,eth-5m-1774880400-up,0.99,1.0,180,1.8000,WIN,142.02,36.16,3.9275,0x0a09d898d8fece9de54c80f7fe34dc38899bce4ea5d7b179f1639c96e82b6c2a,62652467557670500318407975605106936760225250807061092932806819652653695980160,1774880400,2026-03-30 16:31:11,1.0
bbbd1904,2026-03-30 16:26:13,BTC 15m DOWN,DOWN,15m,btc-15m-1774880100-down,0.99,1.0,180,1.8000,WIN,2463.52,1552.14,1.5872,0xb31ba03779ea007588ce5469011299c4b759daa035806cc1b481a35988618344,81904411462430254872747095752053226142158712647603480662546590588206956567824,1774880100,2026-03-30 16:36:12,1.0
8302d1a5,2026-03-30 16:28:56,BTC 5m DOWN,DOWN,5m,btc-5m-1774880700-down,0.99,1.0,180,1.8000,WIN,2815.42,1833.26,1.5357,0xf92cec92b9e595dcbb04cdc4d0d238bcb44bcab1cc96b2980b89fe33554c0009,23735488414446127720292218784902607337330621795489158135695432557677740683180,1774880700,2026-03-30 16:36:12,1.0
24ed4958,2026-03-30 16:37:15,ETH 5m DOWN,DOWN,5m,eth-5m-1774881300-down,0.99,1.0,180,1.8000,WIN,551.12,342.0,1.6115,0x48bd083494f1356c78e3ed2c960c4b69a877f570b581a00e637fbcb3260c00d0,67748114339816710044681098560321026354403213132706052989843353485723513716227,1774881300,2026-03-30 16:44:12,1.0
0ac479c4,2026-03-30 16:39:34,BTC 5m DOWN,DOWN,5m,btc-5m-1774881300-down,0.99,1.0,180,1.8000,WIN,1153.24,708.19,1.6284,0x15efda4e9aed1b6db3d22ba28143de3f8ca88d3acdb49465dbd1e2d08dd327ed,94216723638832170613448060294530511039686726266933065528334152925108615990609,1774881300,2026-03-30 16:46:11,1.0
c42ae6e7,2026-03-30 16:43:50,BTC 15m DOWN,DOWN,15m,btc-15m-1774881000-down,0.99,1.0,180,1.8000,WIN,1303.93,839.28,1.5536,0x41cffaa5dca1e1902999bb235b95748b0966d3ea5d64e4fb1474bd484303724c,114466177127116207987152725214504465282983524696326144537391295307877408076665,1774881000,2026-03-30 16:49:11,1.0
631feb1d,2026-03-30 16:43:55,ETH 15m DOWN,DOWN,15m,eth-15m-1774881000-down,0.99,1.0,180,1.8000,WIN,2043.49,353.6,5.7791,0x683ff62158868b354c10ce373ddf09d0064b2e318b766c78c0d5791da65d2995,85649577071270377153349810711343737436792503070999430889149386100325268769410,1774881000,2026-03-30 16:49:11,1.0
707d119c,2026-03-30 16:44:25,ETH 5m DOWN,DOWN,5m,eth-5m-1774881600-down,0.99,1.0,180,1.8000,WIN,1516.01,1006.79,1.5058,0x7d442f808c6683b1c6a39e1bf35be17edaa12d54fe1de3283e2beb163df78b39,109688533518968440217171958543872119801813929449562189951411287160168613718694,1774881600,2026-03-30 16:51:12,1.0
b5327019,2026-03-30 16:48:50,BTC 5m UP,UP,5m,btc-5m-1774881900-up,0.99,1.0,180,1.8000,WIN,917.11,496.53,1.8470,0x9fcc3892bf84ad542f204347c3b7047bc33f5b815101769e6884d16b2be07e26,89413890867837973730941982062352831679960193575448649073336116491258194852424,1774881900,2026-03-30 16:56:12,1.0
b2e6eeb7,2026-03-30 16:49:23,ETH 5m UP,UP,5m,eth-5m-1774881900-up,0.99,1.0,180,1.8000,WIN,1292.7,825.72,1.5655,0x3a9f50c706faf2cb7b49a395ab31411b55b6be6afcd389c2c1fd5f57aad87387,103538050001809907245489976532374980732947682921267114228314529033791673124507,1774881900,2026-03-30 16:56:11,1.0
411455fb,2026-03-30 16:53:37,BTC 5m UP,UP,5m,btc-5m-1774882200-up,0.99,1.0,180,1.8000,WIN,4339.34,2439.27,1.7790,0xf770dbb62b2fa7beacaad5684d0121e9cbb90748a2e913dce4d3f206059e111e,101415734650802187050097921715934775699987061022696299277790109035532331141551,1774882200,2026-03-30 16:59:12,1.0
1a8e4a63,2026-03-30 16:53:40,ETH 5m UP,UP,5m,eth-5m-1774882200-up,0.99,1.0,180,1.8000,WIN,1631.69,1049.52,1.5547,0x70d67f71505bb43623f1e7606c463cd282c8eac8c088b1a979c53807adb37c98,70131141544293214752108227514134405902552677319370680362553306214534442274748,1774882200,2026-03-30 17:01:12,1.0
5366ca72,2026-03-30 16:53:47,BTC 15m UP,UP,15m,btc-15m-1774881900-up,0.99,1.0,180,1.8000,WIN,8980.61,3763.98,2.3859,0x6250a9add4df6e7ddfae91d79c8772671ad5311e6a7db9cf89a2bd58874cf922,92922208199708158710091595515531458067510484693289454135837420889834495876050,1774881900,2026-03-30 17:04:12,1.0
532fdd55,2026-03-30 16:57:40,BTC 5m UP,UP,5m,btc-5m-1774882500-up,0.99,1.0,180,1.8000,WIN,2815.6,1743.23,1.6152,0xc874c997b7de91bd7462c9cd73daf6e2548ef51ab0cad2ef92f207c9daf82690,32841439585136122459186610599423678815461812293089169277053176514692458145335,1774882500,2026-03-30 17:06:11,1.0
c8f4cd4d,2026-03-30 16:57:40,ETH 5m UP,UP,5m,eth-5m-1774882500-up,0.99,1.0,180,1.8000,WIN,1168.04,393.64,2.9673,0x4eb470f3ede1fdd3d3c88b75e9d35de39573697a6d3e13603c3ffe9a1f77734e,56999896144740395156845020164717495502283593932229678679711529531825830209743,1774882500,2026-03-30 17:06:12,1.0
181e8ce4,2026-03-30 17:08:15,BTC 5m DOWN,DOWN,5m,btc-5m-1774883100-down,0.99,1.0,180,1.8000,WIN,4438.93,2900.2,1.5306,0x908ee5be99aed031ec97c1c5747dd31413fb8043fef0bf17544b53f9bda524cc,85527744411038930244972690915626698435451075741669523740849978822520973355572,1774883100,2026-03-30 17:14:11,1.0
6750ea7f,2026-03-30 17:11:31,BTC 15m DOWN,DOWN,15m,btc-15m-1774882800-down,0.99,1.0,180,1.8000,WIN,885.44,567.43,1.5604,0xaa7f3fe09ac10d441fd6071c40b9fe8bce894e67e3bca53997213f3cdb64a558,48047151418220948281247147071911429220393860196700596855217079736961378457476,1774882800,2026-03-30 17:19:11,1.0
6377576b,2026-03-30 17:14:05,ETH 5m UP,UP,5m,eth-5m-1774883400-up,0.99,1.0,180,1.8000,WIN,422.69,228.66,1.8486,0xe6dba915b740c507b3744eb1ef72a5c1e34b9a74dbacb4405820771c42396d38,80189411033423682724755235650644081720086991191499735827754250333908791962891,1774883400,2026-03-30 17:17:10,1.0
8772b757,2026-03-30 17:14:19,ETH 15m DOWN,DOWN,15m,eth-15m-1774882800-down,0.99,1.0,180,1.8000,WIN,1810.8,557.06,3.2506,0x62475c398382d934e3fb5a5f93ef5f5b8a71a1dd2c5da50a008fd2627470b988,30890652194466922063331283420137498698098152909831943738549635940832311464339,1774882800,2026-03-30 17:19:11,1.0
457ab845,2026-03-30 17:18:36,BTC 5m DOWN,DOWN,5m,btc-5m-1774883700-down,0.99,1.0,180,1.8000,WIN,4993.4,2643.72,1.8888,0x84bb2f46c5f6be8b2c81183b8ce59a9c976f9a3ec107d3b10b91281ac42afa7d,38416910263180720938736972015655432568655840749728388491715059242381085114296,1774883700,2026-03-30 17:24:11,1.0
b63e9bb9,2026-03-30 17:19:29,ETH 5m DOWN,DOWN,5m,eth-5m-1774883700-down,0.99,1.0,180,1.8000,WIN,962.31,592.58,1.6239,0x708fe8c8e79126def55190468e693683ca35383aa1574cf0815b934cb4300e59,12742179520429989024158430109752654010303763660024584557681695924467417466771,1774883700,2026-03-30 17:22:11,1.0
c6503d90,2026-03-30 17:29:03,BTC 5m UP,UP,5m,btc-5m-1774884300-up,0.99,1.0,180,1.8000,WIN,2519.34,1519.22,1.6583,0x85f4137431329203057b20e3098872330f544ffd97082780f8fbc875d7119455,110647843549804973436556592743780858370775968178741891270876640662280960180130,1774884300,2026-03-30 17:34:11,1.0
469b4971,2026-03-30 17:29:50,BTC 15m DOWN,DOWN,15m,btc-15m-1774883700-down,0.99,1.0,180,1.8000,WIN,3663.19,2390.05,1.5327,0x5f6db6f5b6e3ce42597d0410a5889ad4b0a0c51cdc3c7192144d085c4175e486,63358338402140382878304289639732227057868211586465936455279734701684186073307,1774883700,2026-03-30 17:34:11,1.0
4c9af8de,2026-03-30 17:33:23,BTC 5m UP,UP,5m,btc-5m-1774884600-up,0.99,1.0,180,1.8000,WIN,2796.6,1807.07,1.5476,0x792dba2813adf083fd8395ecf6ff23b3af7e1ea3718528dfceb9b8790fcb56c8,95908230244290053494493251310461869306279365785286852327055064720948999244501,1774884600,2026-03-30 17:39:11,1.0
5f2a19c8,2026-03-30 17:33:48,ETH 5m UP,UP,5m,eth-5m-1774884600-up,0.99,1.0,180,1.8000,WIN,240.93,64.06,3.7610,0xab92de23535e931a5f262138ce74d49f7d51f7ca3c610651a25fb030cb1821f5,78462646315308364044157989375312573780333185157833456192497094785322022321658,1774884600,2026-03-30 17:39:11,1.0
7c6c37ca,2026-03-30 17:37:43,BTC 15m UP,UP,15m,btc-15m-1774884600-up,0.99,1.0,180,1.8000,WIN,2127.32,353.47,6.0184,0x595f0415151c01fd5506de618bf6302baca3a83c9be7e8824f2a8c27c49c8984,99733917323442256813799879003205560124027203316007075152847380524072875513412,1774884600,2026-03-30 17:51:11,1.0
45fc1469,2026-03-30 17:39:55,ETH 5m DOWN,DOWN,5m,eth-5m-1774884900-down,0.99,1.0,180,1.8000,WIN,211.09,85.0,2.4834,0x2280cd12614b638f3b96ea37796293ca189027f711e1213425fea0fd0c9a6a0d,89195861060059792419783280087647564927518402717861465789685543304770566325631,1774884900,2026-03-30 17:44:11,1.0
fd5d090a,2026-03-30 17:44:33,BTC 5m DOWN,DOWN,5m,btc-5m-1774885200-down,0.99,1.0,180,1.8000,WIN,2459.68,1265.12,1.9442,0x7dbacb4fd944588381b3fa314cdee35bd1df0a4b92a2134915428333d1ab33cd,31024647850786858836409089858560915328034265658795019777903323183031352970832,1774885200,2026-03-30 17:47:11,1.0
637e7208,2026-03-30 17:54:38,BTC 5m UP,UP,5m,btc-5m-1774885800-up,0.99,1.0,180,1.8000,WIN,2524.98,1460.83,1.7285,0xdffeaa5182c36200f1c20a0bbcba99035209aad159642e76c75938f91bb8dfd6,65020757309717921649284205761629163179375201991468905113923002376970806370638,1774885800,2026-03-30 17:59:11,1.0
173d8d46,2026-03-30 17:57:30,BTC 15m DOWN,DOWN,15m,btc-15m-1774885500-down,0.99,1.0,180,1.8000,WIN,3281.52,1304.36,2.5158,0x989c14cd9227ad8ef56dab4a726551d401f37e71ce30f13ae6647c2c9e917753,96390368007340524748408038050460597516351050767618476578782285440679956990171,1774885500,2026-03-30 18:06:12,1.0
2d0a9591,2026-03-30 17:58:58,BTC 5m DOWN,DOWN,5m,btc-5m-1774886100-down,0.99,1.0,180,1.8000,WIN,2180.29,1400.43,1.5569,0x3d00c325c5d5a04dc8c7ebe778cc7fce74dd0c5723ad44d564d1e761547a8601,8115522328580095645804436962412961396274436088599338778743551281023068610141,1774886100,2026-03-30 18:04:10,1.0
bf1d213c,2026-03-30 17:58:59,ETH 5m DOWN,DOWN,5m,eth-5m-1774886100-down,0.99,1.0,180,1.8000,WIN,79.09,31.23,2.5325,0xef5c56d8c7200c081228b0696cfecacc333d1181fc988e09f112cf0ff81aedb1,97390231107806566455344742414634764657053755513096920524727180646180579126177,1774886100,2026-03-30 18:06:11,1.0
c213dd7b,2026-03-30 17:59:24,ETH 15m DOWN,DOWN,15m,eth-15m-1774885500-down,0.99,1.0,180,1.8000,WIN,1911.48,1152.28,1.6589,0xa8d62235340e1ffa0405127d68455e7734a3c91e1eb4f5dcc5338b06823d586f,98558575342113951836851865780670830858747824914302819127223882084160863054216,1774885500,2026-03-30 18:04:11,1.0
6f4c1010,2026-03-30 18:03:14,BTC 5m DOWN,DOWN,5m,btc-5m-1774886400-down,0.99,1.0,180,1.8000,WIN,1894.19,1222.33,1.5497,0xf59e2f806deb4d3cf35e1cde89cc0bdd6925ebb195e01ed5c1fbd31dd1a5d52f,75943588592883710901198843626352805118811658029792649814056129584626785324305,1774886400,2026-03-30 18:11:11,1.0
9cab2dd8,2026-03-30 18:11:08,BTC 15m DOWN,DOWN,15m,btc-15m-1774886400-down,0.99,1.0,180,1.8000,WIN,638.65,410.46,1.5559,0x2a07d67f6f7d5a380bbe6c0de51cdc763d5997831efd1a1fc07f4f11c1763ffc,40564035460632397795139342595703634598810792635778818386239165648190756183506,1774886400,2026-03-30 18:19:11,1.0
cd49c544,2026-03-30 18:11:57,ETH 15m DOWN,DOWN,15m,eth-15m-1774886400-down,0.99,1.0,180,1.8000,WIN,347.0,95.93,3.6172,0x2aace1b460519951e123f06b259ca5747bc6e6f032655fbe4877fee52f1e5065,2829505671475074386427353306628496187417059263525018543024083566780654450847,1774886400,2026-03-30 18:21:11,1.0
9bf76a7d,2026-03-30 18:19:34,BTC 5m DOWN,DOWN,5m,btc-5m-1774887300-down,0.99,1.0,180,1.8000,WIN,962.38,80.0,12.0297,0xe9354aa5882bcfd707a47c531e1cfe342647fb42768f3575e8bd3fb53896bd9c,11153762909059383021212990977010388873825442408668547524001714052195231287011,1774887300,2026-03-30 18:26:12,1.0
32585450,2026-03-30 18:24:22,ETH 5m DOWN,DOWN,5m,eth-5m-1774887600-down,0.99,1.0,180,1.8000,WIN,395.7,251.08,1.5760,0x4af143b91cb9523bd14ab4af7bdb0f5c7ab8a9f525e8de255a429f4aa56885f4,105948222156151241369490950344129149282070798828770450283946468491604105617208,1774887600,2026-03-30 18:29:11,1.0
b51acb49,2026-03-30 18:24:22,BTC 5m DOWN,DOWN,5m,btc-5m-1774887600-down,0.99,1.0,180,1.8000,WIN,2160.14,1080.33,1.9995,0x75afce6348a62767414aef0b1c53eed954803c96518b37da379112c93d8332c9,56468004426136686509824383244152833932436999766107712264473038637555657288632,1774887600,2026-03-30 18:29:12,1.0
e5926eac,2026-03-30 18:26:32,ETH 15m DOWN,DOWN,15m,eth-15m-1774887300-down,0.99,1.0,180,1.8000,WIN,450.69,277.82,1.6222,0xbe63fb41880703bf9c7c81c70c894f348b2b72ee9d2160b1daf7cdbcbd0dddf7,99724198168845321453015883257533687005543770760027179360835865349973364007398,1774887300,2026-03-30 18:36:11,1.0
b09be7e1,2026-03-30 18:28:35,BTC 15m DOWN,DOWN,15m,btc-15m-1774887300-down,0.99,1.0,180,1.8000,WIN,3063.69,1978.89,1.5482,0x986fae6ad8b76077a64c4fa07dc4cdb80015aad4b46ffd4737fce2cbcc2656f1,43187793297536247616551405777900799345668654507354140024619918145837638852053,1774887300,2026-03-30 18:34:11,1.0
7c5d1aa4,2026-03-30 18:38:57,BTC 5m UP,UP,5m,btc-5m-1774888500-up,0.99,1.0,180,1.8000,WIN,2347.21,1365.89,1.7184,0xbd3fa09c4815c0ccf7081215ee7e3af832245058a845805ec85d56a6192a7304,3115159435922796923032313145522024728477899969431217834217483340077204805018,1774888500,2026-03-30 18:44:11,1.0
8b9b052e,2026-03-30 18:57:50,BTC 15m DOWN,DOWN,15m,btc-15m-1774889100-down,0.99,1.0,180,1.8000,WIN,3051.25,1281.2,2.3816,0x8b5201986429f2ad32b3e0d33091a81527285e3ccedeeca263d19f756678c35e,25618561998129283476535120044060280164730011770210476723869051423781350743551,1774889100,2026-03-30 19:04:11,1.0
3484bebc,2026-03-30 18:59:04,ETH 15m DOWN,DOWN,15m,eth-15m-1774889100-down,0.99,0.0,180,-178.2000,LOSS,130.0,81.98,1.5858,0xbcf1057ac89bd88e3cf1b714e703d31ea9b053bdf04d6372a58c0361ece849c5,74370949859838886087915774244212048938716307590816080408438650948096782637357,1774889100,2026-03-30 19:04:11,0.0
3b011319,2026-03-30 18:59:15,ETH 5m UP,UP,5m,eth-5m-1774889700-up,0.99,1.0,180,1.8000,WIN,477.02,165.0,2.8910,0x804e79c356066e90de07101e9bf0aa7fd847ec1f27f1978b64fa2777198a11dc,48545001867324730528947030418139589471157725402659401279073086145776687606738,1774889700,2026-03-30 19:06:12,1.0
10ee3ee3,2026-03-30 18:59:22,BTC 5m UP,UP,5m,btc-5m-1774889700-up,0.99,1.0,180,1.8000,WIN,2581.44,997.31,2.5884,0xeda970df8ea20cdc1095271c5c3f6de516ee8bddb28f90e7599dcf1d490a11b1,86598389953291419899519694097184555561958388602773914713833903072198048158155,1774889700,2026-03-30 19:06:12,1.0
7e760583,2026-03-30 19:09:48,BTC 5m UP,UP,5m,btc-5m-1774890300-up,0.99,1.0,180,1.8000,WIN,2076.9,447.2,4.6442,0x9925f5fd3a62ee07f1a96a96a77e23a8416bca9b67a3b75f8384d350a45906c4,52535910173467442211987427449333211079115608744950283993854817355613288120865,1774890300,2026-03-30 19:14:11,1.0
57492f81,2026-03-30 19:09:56,ETH 5m UP,UP,5m,eth-5m-1774890300-up,0.99,1.0,180,1.8000,WIN,160.17,45.3,3.5358,0xb8cf7e8396eee34957f6d5fdbb970991beacc624a301aadd2c9dbcea261b4a8e,737326546533846128090623450857195220262013530700512025306852197754447712000,1774890300,2026-03-30 19:16:11,1.0
0f5ba841,2026-03-30 19:12:46,BTC 15m DOWN,DOWN,15m,btc-15m-1774890000-down,0.99,1.0,180,1.8000,WIN,753.28,427.0,1.7641,0xeb5eff4f7abfafe45f6f1b92d83b6453af41a28183754f4325b764b86de2457d,83095538528658824131910187094900861296073885551907565342646131550072211831693,1774890000,2026-03-30 19:21:11,1.0
395fc1ca,2026-03-30 19:13:42,ETH 5m DOWN,DOWN,5m,eth-5m-1774890600-down,0.99,1.0,180,1.8000,WIN,362.31,82.05,4.4157,0x4b625211547594d45b9670844738b5d289df6faf0dcdbc936435c2e80b8401c5,65575716672909065999834024314068169597858514814955535011245498439770250884420,1774890600,2026-03-30 19:19:12,1.0
714473b5,2026-03-30 19:13:54,BTC 5m DOWN,DOWN,5m,btc-5m-1774890600-down,0.99,1.0,180,1.8000,WIN,4028.62,1860.03,2.1659,0x6c5df2aea18d782a4aabdf89184f2e20c2d225aace76f5006be321d1adbdc685,81536481808669025624685638648093843052895238241761745257250523458249365376312,1774890600,2026-03-30 19:19:12,1.0
65b81042,2026-03-30 19:18:06,ETH 5m DOWN,DOWN,5m,eth-5m-1774890900-down,0.99,1.0,180,1.8000,WIN,274.5,132.08,2.0783,0x9ea37f5eb340bdb9e9b872358d071a961fec7cf2ee6917cbd6dd27c1011dee2f,39306278954415347623383210731642879931354108786069517421672224462447247148888,1774890900,2026-03-30 19:26:11,1.0
88ee499f,2026-03-30 19:19:26,BTC 5m DOWN,DOWN,5m,btc-5m-1774890900-down,0.99,1.0,180,1.8000,WIN,2481.54,1597.76,1.5531,0x9a13df2e341c6b5474ebd29e45631ae4e8193491c42b8acdaa0c1e449597bd32,65269337803026395907914693428825382694831495666005074071516044317587871824245,1774890900,2026-03-30 19:26:11,1.0
08622bbc,2026-03-30 19:22:44,ETH 15m DOWN,DOWN,15m,eth-15m-1774890900-down,0.99,1.0,180,1.8000,WIN,420.05,272.3,1.5426,0xb7ad37b8de7b0a7f9b9399332a667e57f6597e9872b3ce99a36fcec0d7fb0b7c,35096564160317320261377215780280978292476208483078395600253720758667890033943,1774890900,2026-03-30 19:34:11,1.0
cd429785,2026-03-30 19:23:04,ETH 5m DOWN,DOWN,5m,eth-5m-1774891200-down,0.99,1.0,180,1.8000,WIN,194.0,20.95,9.2601,0x449e0c6631c3d85cbb1dbe30f14bcbf53c777dcafb5e288c2d77c8fa84999ff5,40237557950828376179110020256562277033017356363965792939840357583250241633161,1774891200,2026-03-30 19:31:11,1.0
c9d92427,2026-03-30 19:23:08,BTC 5m DOWN,DOWN,5m,btc-5m-1774891200-down,0.99,1.0,180,1.8000,WIN,4805.88,2907.06,1.6532,0x9e016d93f55de32ae29b11311ba71beadab36bcbcf7a1adec7ab5424787bb54c,36145784616337426794809203759456215650127923690768531748335168070480373582947,1774891200,2026-03-30 19:29:11,1.0
076685c1,2026-03-30 19:23:45,BTC 15m DOWN,DOWN,15m,btc-15m-1774890900-down,0.99,1.0,180,1.8000,WIN,2821.69,460.38,6.1290,0x9a0db0b46ee6e90ec0d779888467d1c655e9d28703f05106309df71c0b07d923,26072524500340645794095268223889097149109810814877349694939135520156162442545,1774890900,2026-03-30 19:34:11,1.0
61f3c91c,2026-03-30 19:28:16,ETH 5m DOWN,DOWN,5m,eth-5m-1774891500-down,0.99,1.0,180,1.8000,WIN,217.06,120.39,1.8030,0xf10eca23e300b21a74f8d0750a17bc1d0b2b38da1b2697a4910d5e1619c01fb3,114524452127773992663924138628931698371963650134526850472109093554971739961332,1774891500,2026-03-30 19:34:11,1.0
448d53be,2026-03-30 19:34:21,BTC 5m UP,UP,5m,btc-5m-1774891800-up,0.99,1.0,180,1.8000,WIN,3617.16,2330.57,1.5520,0x5b9252b213c6cc99e30f91bb34a92970f396400af0f5c495ca2c9399438d40d4,82883903962206133437268708206168188066548882795234747295928756881850541912856,1774891800,2026-03-30 19:39:11,1.0
6d1583d2,2026-03-30 19:39:25,BTC 5m UP,UP,5m,btc-5m-1774892100-up,0.99,1.0,180,1.8000,WIN,3492.76,1945.85,1.7950,0x31c39528e4956f6c5bba35817ae80c95fcacedb610d925eebb9c30300c68c550,77667881603014909084890248425241562921271076485482133348425609463351591715746,1774892100,2026-03-30 19:46:11,1.0
05f15972,2026-03-30 19:43:37,ETH 15m UP,UP,15m,eth-15m-1774891800-up,0.99,1.0,180,1.8000,WIN,1920.59,1265.81,1.5173,0x38681d3753867a250fc2be0575ebb5a1fe63f7744b658c8a48cd72ff7a46c511,17831054241504046335540791510401935575551960796489062876632600705372007991416,1774891800,2026-03-30 19:51:11,1.0
ca99bdff,2026-03-30 19:43:43,BTC 15m UP,UP,15m,btc-15m-1774891800-up,0.99,1.0,180,1.8000,WIN,3859.83,1371.33,2.8147,0xf7ecb498554704a73462971f8fa14cd8898c21cf1beeabfeb66ce8c7d5d0416c,67421481231761703759023564341023728684579990321191995355704399327775380402104,1774891800,2026-03-30 19:49:11,1.0
5a21c202,2026-03-30 19:44:51,BTC 5m UP,UP,5m,btc-5m-1774892400-up,0.99,1.0,180,1.8000,WIN,2580.36,1718.23,1.5018,0xe7e30980ec2f5d3daaca2902b8306dbcbcecbfae20401e2f1190d3bbe524c6f9,45092797218451640748455475319481747201650738401098249949705636429190487050363,1774892400,2026-03-30 19:49:11,1.0
938c002d,2026-03-30 19:48:45,BTC 5m DOWN,DOWN,5m,btc-5m-1774892700-down,0.99,1.0,180,1.8000,WIN,2332.04,1540.26,1.5141,0xcaf8c9e400c54209f9d9612db71db2f6fcb51850d13e5a211f69e645fe59287e,104782057106089879111754278052957114963658026661114836779726798035070949799767,1774892700,2026-03-30 19:54:11,1.0
6af2fa01,2026-03-30 19:54:36,BTC 5m DOWN,DOWN,5m,btc-5m-1774893000-down,0.99,1.0,180,1.8000,WIN,3464.16,2239.98,1.5465,0xedb043bb8af4ab42637bdc6764ce58a601c2f5c879090abcabe4400fc8eafe3e,104667469656397904194646763769399581543374573624921084759681188673466197409023,1774893000,2026-03-30 19:57:11,1.0
eb2bf5c1,2026-03-30 19:54:41,ETH 5m DOWN,DOWN,5m,eth-5m-1774893000-down,0.99,1.0,180,1.8000,WIN,793.72,410.19,1.9350,0xd0f4c3c27d5648cc9be1e8c72ae3330b79982d0b80fa34e5ceda94d09a94161f,112052188403534564948238879751109962327102920713069899301271266207811200408816,1774893000,2026-03-30 19:59:11,1.0
d39d6853,2026-03-30 19:57:08,ETH 15m DOWN,DOWN,15m,eth-15m-1774892700-down,0.99,1.0,180,1.8000,WIN,1853.23,694.82,2.6672,0xac54e1e77fa0e6963c47278b09bcfa068f4d66062aad5513685ad0b64f4c2a79,38798550448048130597629682274506439491837003923698187232946002513171941997240,1774892700,2026-03-30 20:06:12,1.0
6cf74555,2026-03-30 19:57:34,BTC 15m DOWN,DOWN,15m,btc-15m-1774892700-down,0.99,1.0,180,1.8000,WIN,2484.1,967.28,2.5681,0xb40b767d112c494aa9f27241caa340c9c93a1968dae5b52a44267e9ad4cb7633,52027706145265177425197169807334210823823847720065207156608500703732987485224,1774892700,2026-03-30 20:04:11,1.0
fa11e071,2026-03-30 19:59:41,ETH 5m DOWN,DOWN,5m,eth-5m-1774893300-down,0.99,1.0,180,1.8000,WIN,1092.51,683.58,1.5982,0x69f4bd49a1f77412c9dd48ed167037ac957739f76026ba3102adbd0444f0cae7,18849145533913928524582009709536632849526178552617133074186821768080452419509,1774893300,2026-03-30 20:06:11,1.0
d93b3d7c,2026-03-30 20:09:21,BTC 5m DOWN,DOWN,5m,btc-5m-1774893900-down,0.99,1.0,180,1.8000,WIN,3719.19,2420.47,1.5366,0x69548847f7130172f08d8ecfe2f1a68f1e1d8d9a8361b794a6a4d64e0b210289,113912885658784414854773716690895379399095436131835097076637273351832120663586,1774893900,2026-03-30 20:16:12,1.0
87878345,2026-03-30 20:13:37,ETH 15m DOWN,DOWN,15m,eth-15m-1774893600-down,0.99,1.0,180,1.8000,WIN,660.19,364.99,1.8088,0x3d7b3209e91747967e4b055c7059085fdeb3618159bd7abc532c5257dd8afb4b,42164397318395320540421145217923321656888073875058945846288041727632183605637,1774893600,2026-03-30 20:21:11,1.0
1e0ba6fb,2026-03-30 20:14:18,BTC 5m UP,UP,5m,btc-5m-1774894200-up,0.99,1.0,180,1.8000,WIN,375.16,231.52,1.6204,0x39c777865258c6d90f849cd54c641f2dbef6215b427a9dfef0abf01e81b282b2,33143683857905923087193991531796671068200837239621892755568057939743694330972,1774894200,2026-03-30 20:19:11,1.0
0c69ef12,2026-03-30 20:23:50,BTC 5m DOWN,DOWN,5m,btc-5m-1774894800-down,0.99,1.0,180,1.8000,WIN,1459.8,317.52,4.5975,0xee9e792a17358c64a7a4a64ce21c48d82acc6985530dfed94b51a50dc6d56b4e,63273618975740970278227145872595561130219939811811562360641099962824663554961,1774894800,2026-03-30 20:31:12,1.0
1f56d557,2026-03-30 20:25:48,BTC 15m DOWN,DOWN,15m,btc-15m-1774894500-down,0.99,1.0,180,1.8000,WIN,4813.04,3177.72,1.5146,0x3cb57c7b30da0039ba49be885a8f056939f37f9ddaf8fdda4ef3a28d4b98a1b0,59481050267827408658467068396142482100877395086832878194292558290407698811407,1774894500,2026-03-30 20:36:12,1.0
1caf2c90,2026-03-30 20:26:33,ETH 15m DOWN,DOWN,15m,eth-15m-1774894500-down,0.99,1.0,180,1.8000,WIN,390.07,171.96,2.2684,0x92ef45978a070f15b0f83f1dccdeb672213324fb9773fead412d4f37e4387dfb,19210267895822115435414938038233061207482459416815921713391669671462562709905,1774894500,2026-03-30 20:36:11,1.0
d37535b2,2026-03-30 20:29:56,ETH 5m DOWN,DOWN,5m,eth-5m-1774895100-down,0.99,1.0,180,1.8000,WIN,278.81,118.13,2.3602,0xe608dd51dfc55820a9a92e8a4c5324b755997885286f0f278362932f6af906e0,40642013457111786863462476827353056246045304876720552344381370967472512440423,1774895100,2026-03-30 20:34:12,1.0
2a0b3830,2026-03-30 20:44:34,ETH 15m UP,UP,15m,eth-15m-1774895400-up,0.99,1.0,180,1.8000,WIN,753.84,392.41,1.9211,0x2c57c0ec9cca503d973c3ed3fef4de920c31cfacd486556da9f3219d3ed13dda,54442388490151073880443074266142704291528287561066869312914757346168014342666,1774895400,2026-03-30 20:49:11,1.0
cb94219c,2026-03-30 20:44:35,BTC 15m UP,UP,15m,btc-15m-1774895400-up,0.99,1.0,180,1.8000,WIN,2098.69,1392.34,1.5073,0x21cc0176b4a6c250948123f5e2534a2d8e12594a3e44ffbdce3b986d6a284cee,104770621329719967588037694108774563805435563671258571429057279283321054931070,1774895400,2026-03-30 20:49:12,1.0
269c47fe,2026-03-30 20:54:26,ETH 5m DOWN,DOWN,5m,eth-5m-1774896600-down,0.99,1.0,180,1.8000,WIN,295.84,56.9,5.1993,0x0081426fb2cac787f8b901621efb55c302c18099510b2d012868b53b726b9e79,36070497208202620897270620496091885471162075191571158741065450424971080806655,1774896600,2026-03-30 21:01:11,1.0
c53fe7e9,2026-03-30 20:54:56,BTC 5m DOWN,DOWN,5m,btc-5m-1774896600-down,0.99,1.0,180,1.8000,WIN,1891.07,1244.25,1.5198,0xcb45bffa3761196b4a2dcb0e9840b69ad299a925668830ef21db1b03c64a014f,71944877251720910744013581218267114720993823967165769235938312957010294332367,1774896600,2026-03-30 20:57:11,1.0
cb433c4e,2026-03-30 20:57:07,BTC 15m DOWN,DOWN,15m,btc-15m-1774896300-down,0.99,1.0,180,1.8000,WIN,1301.76,832.82,1.5631,0x275eaa7d05a2b1d015e4b8f0a4126ea95f6fb06afde70eca98c013785413d7d5,110867924389607768740638009561453117608773379255900966188498652522625539116997,1774896300,2026-03-30 21:04:11,1.0
3e8d19f5,2026-03-30 20:59:44,ETH 5m UP,UP,5m,eth-5m-1774896900-up,0.99,1.0,180,1.8000,WIN,393.96,247.36,1.5927,0xac80869cf805180c38380f4650671e8acfa5a06008d8f42ec04a8fb45cd3cb98,6401347044522948101234692327990954182602638213018630999982263657560401967810,1774896900,2026-03-30 21:04:11,1.0
f0c96715,2026-03-30 21:04:31,BTC 5m DOWN,DOWN,5m,btc-5m-1774897200-down,0.99,1.0,180,1.8000,WIN,1056.14,631.62,1.6721,0xc52c2ef20f9c3fb1a6f147e5306038063e896315dcb7b72b2d1f0e382987cae2,96888614082725659040988114964924815990150205724617855693451216972342145199445,1774897200,2026-03-30 21:11:11,1.0
741d98a0,2026-03-30 21:07:44,BTC 5m DOWN,DOWN,5m,btc-5m-1774897500-down,0.99,1.0,180,1.8000,WIN,5216.58,2367.23,2.2037,0x346984cd4ced6dd7f05277e129ac369d1e354e26b53053fa2e13387fc08fe03f,36749125900706873538609100903518126370596428908728018494182073065612210246631,1774897500,2026-03-30 21:16:11,1.0
0eff65b7,2026-03-30 21:08:32,BTC 15m DOWN,DOWN,15m,btc-15m-1774897200-down,0.99,1.0,180,1.8000,WIN,4781.0,1847.93,2.5872,0x24392cfefa862e657943a78aad610c9524b805ae237948e4983ea4a908b26d6c,37731473089054843184484920167088343932308537204540572310185303884382800520775,1774897200,2026-03-30 21:19:11,1.0
01fdbb08,2026-03-30 21:14:57,BTC 5m DOWN,DOWN,5m,btc-5m-1774897800-down,0.99,1.0,180,1.8000,WIN,24.2,2.7,8.9630,0xf8718f9e4fcbdf4ce60ca0d6af4aa23c1ea6766ed2b17d50d32ca99eb73bbb16,7771391520025274804727614262193454873890531678131894480974330369395808603925,1774897800,2026-03-30 21:19:11,1.0
cae9d3ca,2026-03-30 21:19:52,BTC 5m DOWN,DOWN,5m,btc-5m-1774898100-down,0.99,1.0,180,1.8000,WIN,1793.12,259.75,6.9033,0x66b4cda305bd04eff98947cc1684083a28d282ed9d468fddca446eb08c55a995,110686005023804284656006669024778385439585694423752238210563422309864686277537,1774898100,2026-03-30 21:22:11,1.0
7769c9c5,2026-03-30 21:24:26,BTC 5m DOWN,DOWN,5m,btc-5m-1774898400-down,0.99,1.0,180,1.8000,WIN,2642.26,1110.29,2.3798,0x6c73518ab2b66b56be6e375cb70fad5fcdc44d3a27186b07f337a6de944009e0,37085066784554697335336271115216029247883391158660138797284147990621639819724,1774898400,2026-03-30 21:29:11,1.0
740bf452,2026-03-30 21:28:15,BTC 5m UP,UP,5m,btc-5m-1774898700-up,0.99,1.0,180,1.8000,WIN,2468.91,1277.07,1.9333,0xb83aaa4acfe9790545ae65d273cd2df99fdc2ce060b51526f80e92d3aa54c440,107171208509295702576949796430746962203175921972896948146060939344231245916815,1774898700,2026-03-30 21:34:11,1.0
0264a66b,2026-03-30 21:29:04,ETH 15m DOWN,DOWN,15m,eth-15m-1774898100-down,0.99,1.0,180,1.8000,WIN,840.08,318.92,2.6341,0x92a444d7eb8187b73e7762ba89830fbf2c925f6be361ef87c273f0d84465f099,107391420138412485481452839666743608200743307106609394240023509867753938016006,1774898100,2026-03-30 21:36:12,1.0
977c4525,2026-03-30 21:29:06,BTC 15m DOWN,DOWN,15m,btc-15m-1774898100-down,0.99,1.0,180,1.8000,WIN,2989.85,1016.8,2.9405,0xb1ab151b7ec91ac5dd4188989f40fff3df1901eaa3c72d048fd589e1679256e0,12935374401563648303178580577582333807567837545847470457784093093423768721784,1774898100,2026-03-30 21:34:10,1.0
61895253,2026-03-30 21:34:18,ETH 5m UP,UP,5m,eth-5m-1774899000-up,0.99,1.0,180,1.8000,WIN,594.88,374.85,1.5870,0xd8217dbc5d49fe14f6d6c8083b89e20c901ef79529415b0eb82bb369622a108c,73683376254891880559127738055932989851280345274983840939465794561492925858760,1774899000,2026-03-30 21:41:11,1.0
e01bc19c,2026-03-30 21:44:50,BTC 15m UP,UP,15m,btc-15m-1774899000-up,0.99,1.0,180,1.8000,WIN,2093.61,1332.66,1.5710,0x50c3c6dee1ef8f5c8457f0e1dcbaac76de5f6d72f3567a4376d139e63bb333fc,104567277917235784456975550844855085969253158635724224614423649396194198694558,1774899000,2026-03-30 21:51:12,1.0
e493b4d3,2026-03-30 21:49:02,ETH 5m UP,UP,5m,eth-5m-1774899900-up,0.99,1.0,180,1.8000,WIN,735.26,370.76,1.9831,0x59057f5b3f128c93a572fb8f4fd8ae2f204fc1d3667f3fc8e09cc6829dcd002d,61350114514440192680981602733535363651184714528603932489947389339780578570221,1774899900,2026-03-30 21:54:12,1.0
97082804,2026-03-30 21:49:04,BTC 5m UP,UP,5m,btc-5m-1774899900-up,0.99,1.0,180,1.8000,WIN,2964.57,1940.15,1.5280,0xbda61cdb09e3a4bd3496a50701f623027d7d31a6991548d490b8bce460a3fe30,61022049159284820871796748578539901374121629352971448281091095269385828490213,1774899900,2026-03-30 21:54:12,1.0
f69d6c16,2026-03-30 21:54:22,ETH 5m UP,UP,5m,eth-5m-1774900200-up,0.99,1.0,180,1.8000,WIN,785.84,367.15,2.1404,0x8c1fea04ebd674d2dd450c3845deac3c73a03dc4fe118ec5bdb159d9b612a8c9,747329995619570517548970031844425110626529154950265693036892240747695431361,1774900200,2026-03-30 21:59:11,1.0
63f67d54,2026-03-30 21:54:43,BTC 5m UP,UP,5m,btc-5m-1774900200-up,0.99,1.0,180,1.8000,WIN,417.61,240.75,1.7346,0x4e490a7904dec0fec1175d7193f480df499210855879f4dc5485c7863b286f52,102625488347327232688755846135419210520808764042994254436202436272095567700393,1774900200,2026-03-30 21:59:11,1.0
e49e839f,2026-03-30 21:55:06,ETH 15m UP,UP,15m,eth-15m-1774899900-up,0.99,1.0,180,1.8000,WIN,435.26,228.91,1.9014,0x7f47dcfed618e5d58f82f19327c1fa6faffaae89671069ff065512e1e1c9be7f,4939368963095501081562331126209790822256219080611801375327572985420833195163,1774899900,2026-03-30 22:04:11,1.0
03e290ef,2026-03-30 21:55:36,BTC 15m UP,UP,15m,btc-15m-1774899900-up,0.99,1.0,180,1.8000,WIN,2558.56,1564.4,1.6355,0x055f113a827e33ac4955226eb5efe7674e96dd00c52b02dc7d46f3d75cbfe1df,55355821984721725573436729648814455540195721182755520876843146614142983741439,1774899900,2026-03-30 22:06:12,1.0
fb6e4d89,2026-03-30 21:59:05,ETH 5m DOWN,DOWN,5m,eth-5m-1774900500-down,0.99,1.0,180,1.8000,WIN,748.21,373.52,2.0031,0x6d32588f051a0f87fc1742222e58aa854b34e74767febf7a8fa662998a64891f,81996889579590903343670805974487681645332408180845335374660545259457542273252,1774900500,2026-03-30 22:04:12,1.0
572a609c,2026-03-30 22:04:52,ETH 5m UP,UP,5m,eth-5m-1774900800-up,0.99,1.0,180,1.8000,WIN,38.0,10.0,3.8000,0x86d6316ba622b47baad39a124863158805e6aa5a32dd56c625c1efb6f9b250b4,98769045733880275373939443463944778803411348903386992790397392871973154890091,1774900800,2026-03-30 22:11:11,1.0
52047ef4,2026-03-30 22:09:19,BTC 5m UP,UP,5m,btc-5m-1774901100-up,0.99,1.0,180,1.8000,WIN,1852.68,1035.27,1.7896,0x2029463a9e52788aa3d263e85c5fe97c3233e6d8a9b61cb55a0ebd1310962aa7,17755889992207008739321024241981887013444666565782256416101190314815442191962,1774901100,2026-03-30 22:14:11,1.0
707bec40,2026-03-30 22:13:08,BTC 15m UP,UP,15m,btc-15m-1774900800-up,0.99,1.0,180,1.8000,WIN,1548.17,1018.8,1.5196,0x942a8b0cba66b12c19517c3b706428f219c6b203c5185a21ac750d377e8da5da,11847148692707858385772816471679502274092259722825579993132533091768831249012,1774900800,2026-03-30 22:19:11,1.0
95751af6,2026-03-30 22:14:50,BTC 5m DOWN,DOWN,5m,btc-5m-1774901400-down,0.99,1.0,180,1.8000,WIN,5485.28,3619.1,1.5156,0x457b77eaf534fad597157f288b0daa012e3fb19cc7e3169d868933687fee10f6,22044082175191699518308836303103633202069169150146046853926008264625164505220,1774901400,2026-03-30 22:21:11,1.0
072319a1,2026-03-30 22:24:34,BTC 5m UP,UP,5m,btc-5m-1774902000-up,0.99,1.0,180,1.8000,WIN,3724.87,522.33,7.1313,0x660c759b95f7afa231b50d48d580115ee8a76afffd658a9c9e7461375aeefb10,39157174329066512710270356854580148839708427468763268321971648322393517306099,1774902000,2026-03-30 22:31:11,1.0
d161e523,2026-03-30 22:29:57,ETH 15m UP,UP,15m,eth-15m-1774901700-up,0.99,1.0,180,1.8000,WIN,27.28,7.36,3.7065,0xa9cc29f18e61178a53c65c5be26a2c2d3a45042ff05fce593e0c6903f0a45b7f,28456599289902186093497514312722397642388502470102756204113961841893933804531,1774901700,2026-03-30 22:36:11,1.0
067313e9,2026-03-30 22:34:08,BTC 5m DOWN,DOWN,5m,btc-5m-1774902600-down,0.99,1.0,180,1.8000,WIN,6253.78,4000.8,1.5631,0x1c4f46d10574276003f50ac23ff2556183ce1bd0b6e6437ae387b327164aca27,95291481053067395058735790809689753864913385445431180958629696984224972060035,1774902600,2026-03-30 22:39:10,1.0
2e9312b9,2026-03-30 22:39:25,BTC 5m UP,UP,5m,btc-5m-1774902900-up,0.99,1.0,180,1.8000,WIN,1636.89,1016.75,1.6099,0xea1f61d1cb426eeb11b65d1fcb4830cd828516eb800020b99034fd84285b5f7c,4212127127093295254137129262581900663737959089491759659516883080078602162075,1774902900,2026-03-30 22:44:11,1.0
e3771859,2026-03-30 22:44:59,ETH 5m UP,UP,5m,eth-5m-1774903200-up,0.99,1.0,180,1.8000,WIN,21.0,11.71,1.7933,0x74e8d5b638bc10a72c25586085e99124c22412558d00f0f053a1ebb1a6e26179,33977898389212702776190415163393746116997641997906120457127584595357992995506,1774903200,2026-03-30 22:49:11,1.0
bb364fc7,2026-03-30 22:54:45,ETH 5m UP,UP,5m,eth-5m-1774903800-up,0.99,1.0,180,1.8000,WIN,441.21,217.0,2.0332,0x70a1bc8f13305208a11877bc3d3b943e87f8ad16be489a9b31c108b66f7dcee4,82696193395072347428897119057048683297187537610356293252436403923917006225142,1774903800,2026-03-30 22:59:11,1.0
4e628caf,2026-03-30 23:09:22,BTC 5m UP,UP,5m,btc-5m-1774904700-up,0.99,1.0,180,1.8000,WIN,1656.2,562.19,2.9460,0x54a3af130258196b58f5122768a918d109f368bba8a0ef8870ca6d82e732af83,55753659708595519153756136132505377176568071663379549697098980686360044253106,1774904700,2026-03-30 23:14:10,1.0
04580b1f,2026-03-30 23:10:46,ETH 15m UP,UP,15m,eth-15m-1774904400-up,0.99,1.0,180,1.8000,WIN,369.62,222.72,1.6596,0xb9539750df6b17c15eb369a3e92e4aa99b75f74d4bd80b7387baf202b1ca352c,10572398713097918735505654638981467048919252378844623417228908198550924721128,1774904400,2026-03-30 23:21:12,1.0
99eff063,2026-03-30 23:12:15,ETH 5m UP,UP,5m,eth-5m-1774905000-up,0.99,1.0,180,1.8000,WIN,198.81,44.73,4.4447,0xa8e249074b52b20c11f4d79fc75c23f0bcfb4b20ee964d2375133de0757c026e,46215101840405629995030915731035714634153353565878278526041673114155087753551,1774905000,2026-03-30 23:19:11,1.0
14e7c5e2,2026-03-30 23:12:25,BTC 15m UP,UP,15m,btc-15m-1774904400-up,0.99,1.0,180,1.8000,WIN,751.11,462.96,1.6224,0x70730b8c07bd69f51d1e024e826f20048022f7b7da4807f1a3bc18a50549075a,13380498435509676321898703776487774760747690794014752080894312341161254807752,1774904400,2026-03-30 23:19:11,1.0
3fbd082f,2026-03-30 23:14:32,BTC 5m UP,UP,5m,btc-5m-1774905000-up,0.99,1.0,180,1.8000,WIN,2539.39,1639.61,1.5488,0xc17978a407f46f6ed6808189617930d5408ef062b5cdadbe19014297041bb1f7,76885300804851789375699758180111578496123652461490842248117960700047870987509,1774905000,2026-03-30 23:19:12,1.0
b96deb50,2026-03-30 23:24:23,BTC 15m UP,UP,15m,btc-15m-1774905300-up,0.99,1.0,180,1.8000,WIN,1453.54,756.0,1.9227,0xff811e63b469b706bd34159b848210ab7ae44724e5197ba4789c8269002256c2,23268723707988578610328953137016829096122938409996211097567512770715362417740,1774905300,2026-03-30 23:34:12,1.0
d019dc35,2026-03-30 23:28:00,ETH 5m DOWN,DOWN,5m,eth-5m-1774905900-down,0.99,1.0,180,1.8000,WIN,363.73,106.13,3.4272,0x9e58d22e65fe5dbb722794eeab54227c173f239553c0c3740ccc7167d32c2989,8353385024831010579813244200239778822221459477618219014648562467907866321656,1774905900,2026-03-30 23:34:12,1.0
918db10d,2026-03-30 23:28:13,BTC 5m DOWN,DOWN,5m,btc-5m-1774905900-down,0.99,1.0,180,1.8000,WIN,2489.39,1388.09,1.7934,0x04ada102b970fe53fdf9fd3f6e263a59d90ed4d4666906e85158ecf48bcdd3ab,75411821860363248121682563188282108117372256070083447161926543584855114455852,1774905900,2026-03-30 23:36:12,1.0
5a5b622c,2026-03-30 23:28:17,ETH 15m UP,UP,15m,eth-15m-1774905300-up,0.99,1.0,180,1.8000,WIN,129.0,79.55,1.6216,0x8284b4d8440663674ed5152b0c5e3cc0439dfcbdb7fefbb6312d81ce86bc26dd,108608936673551400913555982666266004939925024516259637305255561636903558157900,1774905300,2026-03-30 23:34:11,1.0
bd4e52e1,2026-03-30 23:34:54,ETH 5m UP,UP,5m,eth-5m-1774906200-up,0.99,1.0,180,1.8000,WIN,25.0,6.72,3.7202,0x52bc3818196d0567cdd8c6b03f07111f87755ec17ae618abf69cbb51691470ba,111199650821200583898914935496472969234375427875230332437488628752912613796419,1774906200,2026-03-30 23:39:11,1.0
e319911a,2026-03-30 23:39:37,BTC 5m UP,UP,5m,btc-5m-1774906500-up,0.99,1.0,180,1.8000,WIN,2046.76,527.03,3.8836,0x7adf0f29565772229e92c2b9a5959a5420f0d0838acf7fe9c45ed008c5d5f484,72068092724144070500490812461429749792900382197859356263359753392238956969706,1774906500,2026-03-30 23:44:11,1.0
42fa3e59,2026-03-30 23:43:35,BTC 15m UP,UP,15m,btc-15m-1774906200-up,0.99,1.0,180,1.8000,WIN,743.27,495.46,1.5002,0x0fe96c230eec86763fa761480a954d9466aadb2feed0b080f5b29be3936f11fd,100719244596167565729040893206274571929147346079858779613599258126634593581669,1774906200,2026-03-30 23:51:12,1.0
ff22dd5b,2026-03-30 23:44:02,ETH 15m UP,UP,15m,eth-15m-1774906200-up,0.99,1.0,180,1.8000,WIN,248.93,159.2,1.5636,0x60a01a2845c47b73408d1b24d71790928e6b25af571f9e7e9a81baaacd2bd112,75404174257506343371190673427947785528810002095074029831709345947247165185338,1774906200,2026-03-30 23:49:11,1.0
267e3818,2026-03-30 23:44:59,BTC 5m UP,UP,5m,btc-5m-1774906800-up,0.99,1.0,180,1.8000,WIN,567.53,43.82,12.9514,0x87805d5dfc98c001344df3642bc3f9d872adf930b24830a7a592ceb9c86e5ddf,44886690895925967625183721329452650317909339976289148943225093199851639859217,1774906800,2026-03-30 23:51:11,1.0
86295bac,2026-03-30 23:49:33,BTC 5m DOWN,DOWN,5m,btc-5m-1774907100-down,0.99,1.0,180,1.8000,WIN,2647.87,1430.03,1.8516,0xd8486e788dd5e6eddcc288f928f3bb9dd7ccd495bf76ab80ac4a83d0fc1d8876,32088862740195713688729422558236412441891213475507963317382745694969570985241,1774907100,2026-03-30 23:54:11,1.0
c5f60577,2026-03-30 23:49:41,ETH 5m DOWN,DOWN,5m,eth-5m-1774907100-down,0.99,1.0,180,1.8000,WIN,360.72,237.57,1.5184,0x391a3c40d9b3f0cd4d5efe679eafab3e38b89a1601ddf8aebdd6b73020c19ceb,70583644946171320713918838831624679001364240799513949642271243636347358227762,1774907100,2026-03-30 23:54:11,1.0
14673282,2026-03-30 23:54:44,BTC 5m DOWN,DOWN,5m,btc-5m-1774907400-down,0.99,1.0,180,1.8000,WIN,1213.03,692.31,1.7521,0x55c1086427b8e11e6a93ea996671604e151e2704f2f01c3e36f045087b2a2a17,80481013960114571546623129794380396882970096623753821989182633967482590660116,1774907400,2026-03-30 23:59:11,1.0
13746355,2026-03-30 23:56:21,ETH 15m DOWN,DOWN,15m,eth-15m-1774907100-down,0.99,1.0,180,1.8000,WIN,608.12,236.31,2.5734,0x79dc87256db52bd99beed95c143b002cc82045008832a89f6d3950e082f7f9b6,103493414966299837165336636973943614505660286422799044684665728646978064681287,1774907100,2026-03-31 00:02:11,1.0
be7e9d2b,2026-03-30 23:57:59,BTC 15m DOWN,DOWN,15m,btc-15m-1774907100-down,0.99,1.0,180,1.8000,WIN,297.6,151.96,1.9584,0x6b9ac4258c86fc41740772be7c7d1c4198baea5a4a5ede25a98700c51fbe7bed,107654196298988609797081917162858207087379551997591617285151992536425863508967,1774907100,2026-03-31 00:02:11,1.0
0794874d,2026-03-31 00:03:29,ETH 5m UP,UP,5m,eth-5m-1774908000-up,0.99,1.0,180,1.8000,WIN,912.42,389.01,2.3455,0x820822a9cdbd9d1d7982e3a45db3fbd638deb36b9dd951380006c846598b3b1f,14036075270224242802159775424128183413701432249815466646991616385145622048554,1774908000,2026-03-31 00:09:11,1.0
aad5d624,2026-03-31 00:03:37,BTC 5m UP,UP,5m,btc-5m-1774908000-up,0.99,1.0,180,1.8000,WIN,1630.02,828.46,1.9675,0x237c668adbf815abfe744dde67c9d7806092ad49dc76d3d831fecadf9b296037,50238214290654951211873467696618879488351716074392508901224569312381553528431,1774908000,2026-03-31 00:09:11,1.0
cfc6d8d8,2026-03-31 00:07:40,ETH 5m DOWN,DOWN,5m,eth-5m-1774908300-down,0.99,1.0,180,1.8000,WIN,460.26,163.19,2.8204,0x430a68efe154588d320bc22b74e4bce64820314022667e990f84e7a0640717b4,50315866094554896104832961682509039403741991621164861089778297970928948481479,1774908300,2026-03-31 00:12:11,1.0
d09b1351,2026-03-31 00:19:33,ETH 5m UP,UP,5m,eth-5m-1774908900-up,0.99,1.0,180,1.8000,WIN,281.95,186.0,1.5159,0x8e8fb687f931250a5b5a6c1ca984cdf883b2d3a196969591634bbb4793a1d31f,42045546332036463129157783289219883642508242519669849705735680728483016655945,1774908900,2026-03-31 00:26:12,1.0
e6b71c7d,2026-03-31 00:24:26,BTC 5m UP,UP,5m,btc-5m-1774909200-up,0.99,1.0,180,1.8000,WIN,2937.86,1666.37,1.7630,0xf0b52cb1031a39f76f7588011fdc78c5356346cd3635a9b3b97f67ef5ed6c7ba,26708507520776355142732249521989252756472552097955857504565231861299965389899,1774909200,2026-03-31 00:29:11,1.0
a17c24b6,2026-03-31 00:25:36,BTC 15m UP,UP,15m,btc-15m-1774908900-up,0.99,1.0,180,1.8000,WIN,2085.02,350.0,5.9572,0x26950de1a69cde629056dadeba826718a5ef2d938ac6fb8be2b90b9aa6c72177,114759648266896051250949279693238504699455676954122013585451483688106006702286,1774908900,2026-03-31 00:34:11,1.0
6ac7b8c3,2026-03-31 00:44:52,BTC 5m UP,UP,5m,btc-5m-1774910400-up,0.99,1.0,180,1.8000,WIN,2025.04,1127.27,1.7964,0x10087202bea2ce62a163d6f9600497663351b99f5a73676d32620da181cb78e1,56310715872619562835616416079630265575068327331403127920380813302394499460352,1774910400,2026-03-31 00:51:12,1.0
ceb491a5,2026-03-31 00:48:13,BTC 5m DOWN,DOWN,5m,btc-5m-1774910700-down,0.99,1.0,180,1.8000,WIN,2408.98,1136.12,2.1204,0xd32a213cb57c06748726154202145dae7a9dfb6f700cd6aaf23714553d4dc001,106516885046326949740503857997961812856014423429575713109753028325094707860938,1774910700,2026-03-31 00:54:11,1.0
a781160e,2026-03-31 00:55:01,ETH 5m UP,UP,5m,eth-5m-1774911000-up,0.99,1.0,180,1.8000,WIN,1554.0,694.36,2.2380,0xd6dc17e9483e04a04b148c39d18e86201d32405193703f1fbef9d5f482b26bcc,98245830603917109938583688206165283854147078754930007348394972512587560498609,1774911000,2026-03-31 01:01:11,1.0
e9963efc,2026-03-31 00:58:41,ETH 15m DOWN,DOWN,15m,eth-15m-1774910700-down,0.99,1.0,180,1.8000,WIN,146.62,64.0,2.2909,0x27f36b376d4fde38874660db15170dc921e951ecde63f4ad8a3fad0bea7d37cd,83673881253478940958824533932602959491351682769873769950677980359358455112658,1774910700,2026-03-31 01:04:11,1.0
d9b7e01e,2026-03-31 00:59:50,BTC 5m UP,UP,5m,btc-5m-1774911300-up,0.99,1.0,180,1.8000,WIN,2196.26,1460.45,1.5038,0xbc18c9f70bd6db589a8861d73074a89d0a7111135326307d1a1d17194cc1d21f,23097970395290249261701058825852456200513346332504674543892306250725122436466,1774911300,2026-03-31 01:04:11,1.0
dd62105c,2026-03-31 01:02:10,ETH 5m DOWN,DOWN,5m,eth-5m-1774911600-down,0.99,1.0,180,1.8000,WIN,739.06,285.2,2.5914,0x293f673fea7000e328963a42411207a73c56f108e5a9e528319c8d4612cfc9b6,55229153824543165133342145774720671502660762494564061412202407134131863748488,1774911600,2026-03-31 01:09:11,1.0
5ba918c5,2026-03-31 01:02:22,BTC 5m DOWN,DOWN,5m,btc-5m-1774911600-down,0.99,1.0,180,1.8000,WIN,3430.97,2268.08,1.5127,0x574d976b0df0402670bafa66023d63bdc2156762d5019c60c17746c338e72a8e,78759345936632222924463134955125920495387282461286290653262752867333229253829,1774911600,2026-03-31 01:09:11,1.0
486288cb,2026-03-31 01:06:01,BTC 15m DOWN,DOWN,15m,btc-15m-1774911600-down,0.99,1.0,180,1.8000,WIN,1634.5,840.42,1.9449,0x8d79c95d60bf587a5f846a02427d4d73f3933aae0e91849ff21bc170ee35fc82,20427494901760781924432442699158314476347691679030015704811277718801974641260,1774911600,2026-03-31 01:19:11,1.0
c3568373,2026-03-31 01:06:48,ETH 15m DOWN,DOWN,15m,eth-15m-1774911600-down,0.99,1.0,180,1.8000,WIN,374.16,206.64,1.8107,0xf064f99459c9e37a943a33d773b553ebff4c0b35e0035fcc8895fb2b28b972ea,70440253835096191071500886000182771807573940778596569917511087186132440728526,1774911600,2026-03-31 01:19:11,1.0
3d7085bb,2026-03-31 01:09:50,ETH 5m DOWN,DOWN,5m,eth-5m-1774911900-down,0.99,1.0,180,1.8000,WIN,122.67,79.72,1.5388,0xc9d162d9d74d8359102b177fc9bc8c06fa675bf38a9fda058c0058e534697085,87423544576108663881052729245076410354282154787715258617237376243974468251885,1774911900,2026-03-31 01:14:11,1.0
b650bbdd,2026-03-31 01:14:31,BTC 5m UP,UP,5m,btc-5m-1774912200-up,0.99,1.0,180,1.8000,WIN,4642.93,1119.78,4.1463,0x0839861b4a0171cec754189aea6f731c2727e6421823002f4a820e5f1e1246f6,32801079391449785298963661398081220605341371123601998218316406975193653523622,1774912200,2026-03-31 01:21:12,1.0
5bf9d87e,2026-03-31 01:19:57,ETH 5m UP,UP,5m,eth-5m-1774912500-up,0.99,1.0,180,1.8000,WIN,96.51,8.98,10.7472,0xb2262a94f1989553303578eef6e0c7490a5a0c6e1e9399f2b3fac61a45ba946a,103231348597189999146252111877054019342913209293451438601007127978183544043829,1774912500,2026-03-31 01:24:11,1.0
97fce9cd,2026-03-31 01:24:26,BTC 5m UP,UP,5m,btc-5m-1774912800-up,0.99,1.0,180,1.8000,WIN,2211.83,642.47,3.4427,0x6b65683477f1cd1c9d8291f80301a0c93132e244f13f9ad1a2d91290c54adf32,78076943710182167936068548034363719988649224331893181372035459250324587791348,1774912800,2026-03-31 01:29:11,1.0
0941e493,2026-03-31 01:24:33,ETH 5m UP,UP,5m,eth-5m-1774912800-up,0.99,1.0,180,1.8000,WIN,207.11,28.97,7.1491,0x62d2911b4b63223701ab78da9c828c18140a1769a1527a98bbfd48b39b70ca2b,70707130871303878980885167740708906472982416948998255321334418121966499274223,1774912800,2026-03-31 01:29:11,1.0
6d210160,2026-03-31 01:27:27,ETH 15m UP,UP,15m,eth-15m-1774912500-up,0.99,1.0,180,1.8000,WIN,610.77,354.39,1.7234,0x3331b7961bd3c2680725629c9b1ea87daccc9eb2539990e717dbffbc86ef285c,12613864156527804640883865700058434466081829074139905529185366450260147772266,1774912500,2026-03-31 01:34:11,1.0
605e5958,2026-03-31 01:29:54,BTC 5m UP,UP,5m,btc-5m-1774913100-up,0.99,1.0,180,1.8000,WIN,2231.78,1221.27,1.8274,0xb033f1fc13b781d05d98dabc2f18126086bf7850c2d85c1ac97992108f583419,61379874079679293928364316085944428283195075085546436495463089632251468531986,1774913100,2026-03-31 01:36:11,1.0
e906aa3f,2026-03-31 01:34:49,ETH 5m UP,UP,5m,eth-5m-1774913400-up,0.99,1.0,180,1.8000,WIN,108.06,15.79,6.8436,0x95ab6af63242c6a0db219752776b9e57b03c363695a6a23f11a2cc2f20ce208f,29018744870595393711448395680311115897487649027677468357887604507953400109655,1774913400,2026-03-31 01:39:10,1.0
1e87739b,2026-03-31 01:34:52,BTC 5m UP,UP,5m,btc-5m-1774913400-up,0.99,1.0,180,1.8000,WIN,2748.46,1823.96,1.5069,0xbefcb42ea4a81972d9c92b45b4b631b5215dfba688ef78049deee9121333f254,23721157393583501231799008977288141832116699162452560734441052086614583891014,1774913400,2026-03-31 01:39:11,1.0
ab83dea5,2026-03-31 01:39:44,ETH 5m DOWN,DOWN,5m,eth-5m-1774913700-down,0.99,1.0,180,1.8000,WIN,469.2,258.48,1.8152,0x218c4ccadb5b3e34fcb726de778a916b37d6e19cc6d99e44aa4c52c92f33c7b5,17160519968007341158083315527398072970319378504941124485968728197970158226047,1774913700,2026-03-31 01:46:12,1.0
2980595d,2026-03-31 01:39:47,BTC 5m DOWN,DOWN,5m,btc-5m-1774913700-down,0.99,1.0,180,1.8000,WIN,1235.57,820.98,1.5050,0x6802045e8d8ebf1c070e0bfaa9faf2ac6635784cfb56bd321f3e35975d5c3dbd,108054287068638752448101985967733821838516718535428899408555693290128626972000,1774913700,2026-03-31 01:44:12,1.0
0fed0c8f,2026-03-31 01:44:07,BTC 5m UP,UP,5m,btc-5m-1774914000-up,0.99,1.0,180,1.8000,WIN,1142.01,247.18,4.6202,0x219bcc4bec0a03f9398b5cc7cd50e86bcfb7e990ed7fd5ece51f3f255f583224,55251036916086227574779088867478080690645104553247461544808942111844748924851,1774914000,2026-03-31 01:51:12,1.0
8f877f51,2026-03-31 01:44:10,BTC 15m UP,UP,15m,btc-15m-1774913400-up,0.99,1.0,180,1.8000,WIN,1202.8,160.0,7.5175,0x64a9b7771a0b161b9a84ab0f867aebbd40d1fdca1722cb471d0ae38d963d297b,37545100212208454779089986234750240480950357732610810327035646219036191025452,1774913400,2026-03-31 01:49:11,1.0
9fa39752,2026-03-31 01:44:21,ETH 5m UP,UP,5m,eth-5m-1774914000-up,0.99,1.0,180,1.8000,WIN,140.2,67.0,2.0925,0x753af51862381b825b591212e7f9f1b0f2a3563afca8027e108ab1ac05ccd388,58692452901383392205322504100222752817440621975059458947651285606891008617536,1774914000,2026-03-31 01:49:11,1.0
b4344127,2026-03-31 01:44:42,ETH 15m UP,UP,15m,eth-15m-1774913400-up,0.99,1.0,180,1.8000,WIN,646.16,397.07,1.6273,0x3ae0efffda953cd7da7eb0ed2d3034a77e81b17ecd0af1da14f209547b90ab3e,46882924312507104708865552200249506150818445815325363346736764323404303606681,1774913400,2026-03-31 01:49:11,1.0
ea1d7c37,2026-03-31 01:49:54,BTC 5m DOWN,DOWN,5m,btc-5m-1774914300-down,0.99,1.0,180,1.8000,WIN,2036.47,1226.91,1.6598,0x949fa66915a13ff480499d11b2914ff54cee7c3566972d512911a08625e0d148,93154250590992859828107064654328035659800957570204213358770628318908649150852,1774914300,2026-03-31 01:54:10,1.0
cc3d9a2a,2026-03-31 01:54:50,ETH 5m UP,UP,5m,eth-5m-1774914600-up,0.99,1.0,180,1.8000,WIN,473.15,249.59,1.8957,0x073b33529e193c3b02ae88c45b382f60ef1a7a0cb1a83b1c979277afc755c2a8,103997814755512817328859175318255153780486357001351768285567739476159044756668,1774914600,2026-03-31 01:59:11,1.0
b81d9950,2026-03-31 01:54:58,BTC 5m UP,UP,5m,btc-5m-1774914600-up,0.99,1.0,180,1.8000,WIN,325.01,216.28,1.5027,0xaebdf8e63bae2ef0a45079db94ed47869c8adbc76284a28841f6662b2d234f59,93149263174441182857333116240918577251945174494192189724084806001044456164465,1774914600,2026-03-31 01:59:11,1.0
5e7b8a3c,2026-03-31 02:04:39,ETH 5m DOWN,DOWN,5m,eth-5m-1774915200-down,0.99,1.0,180,1.8000,WIN,527.35,35.76,14.7469,0x1e5b2cf6261ecd21e4b4cacc5b98eb774615cdd8fbd433e97bfa881636ce4c31,59221110795915641585646255119806050630197480367770750487308645240537528862289,1774915200,2026-03-31 02:11:11,1.0
8817ab26,2026-03-31 02:10:43,ETH 15m DOWN,DOWN,15m,eth-15m-1774915200-down,0.99,1.0,180,1.8000,WIN,940.02,267.41,3.5153,0x39599a24d1602dc10ec74db7c077f6fcb92753688a623009f87652fc5c5109d5,39683702498097138912295313218181040078541856407253665423904784204436046074830,1774915200,2026-03-31 02:19:11,1.0
db5d61e1,2026-03-31 02:11:49,BTC 15m DOWN,DOWN,15m,btc-15m-1774915200-down,0.99,1.0,180,1.8000,WIN,1584.27,948.17,1.6709,0x1b87fae3d89f7afd5c1380089c48d44db9eb7d1da0c389b7ef9303d173b551dd,105562026962651857589021212088585401411102711760621435608486159867941204641282,1774915200,2026-03-31 02:19:12,1.0
f662f9e4,2026-03-31 02:12:25,ETH 5m DOWN,DOWN,5m,eth-5m-1774915800-down,0.99,1.0,180,1.8000,WIN,173.42,11.95,14.5121,0x9a2041a6145130bb74cc080ccd8cf09a68182d44323e4fdaf49b24730a7f2cd5,57358702631021970581975345334267229168039715759965677240666552951065694768303,1774915800,2026-03-31 02:21:12,1.0
b78a2855,2026-03-31 02:19:16,BTC 5m DOWN,DOWN,5m,btc-5m-1774916100-down,0.99,1.0,180,1.8000,WIN,2138.46,222.94,9.5921,0x41ea264ade0be6d1e37dabc37e677fb648e541dd9d277cb34678dbf5a5ebe448,931544594896149958006286358988853981259143805463532706886529178711683038172,1774916100,2026-03-31 02:24:11,1.0
e8dc9fa9,2026-03-31 02:24:36,BTC 5m UP,UP,5m,btc-5m-1774916400-up,0.99,1.0,180,1.8000,WIN,2333.95,1248.22,1.8698,0x997b1534d2dabe1434367f01de1673eb18d8d376e0bb6d2854bd7b8a9d7a39cd,32676583457134212096085064157505336273918007545215602125981980008269672394311,1774916400,2026-03-31 02:29:11,1.0
736f1190,2026-03-31 02:27:31,ETH 15m UP,UP,15m,eth-15m-1774916100-up,0.99,1.0,180,1.8000,WIN,758.0,438.09,1.7302,0x58ae8f44f2f2c4552ac08d80397420267085ca2f4251ee52238c307750a05f16,79045256280002496871449597695200831103047077001036208492543358534066326728589,1774916100,2026-03-31 02:34:11,1.0
57bebb65,2026-03-31 02:27:33,BTC 15m UP,UP,15m,btc-15m-1774916100-up,0.99,1.0,180,1.8000,WIN,3250.84,2089.6,1.5557,0x1d152740508f9b39138191a78041033dcf4ce603de1b75804685d555189743b3,88575036001923099357927134537191900875577654795416166353365157236150907905650,1774916100,2026-03-31 02:34:12,1.0
9e671047,2026-03-31 02:29:13,ETH 5m UP,UP,5m,eth-5m-1774916700-up,0.99,1.0,180,1.8000,WIN,572.78,379.41,1.5097,0x5ff2d279d558e3fe7d247fb388d64395acc014c75f369a15dc40f5eb9ece1b1d,12726852929879008686394623198216272823860066914033206879831963092904124102637,1774916700,2026-03-31 02:34:11,1.0
828b60cf,2026-03-31 02:29:44,BTC 5m UP,UP,5m,btc-5m-1774916700-up,0.99,1.0,180,1.8000,WIN,2281.13,1369.28,1.6659,0x390397e7434fad709408b604cd75738491d3070c7aa594c9a555a8c09529fdc0,107702849589674164681945518246221234109318193799552497586369519809055985819304,1774916700,2026-03-31 02:34:12,1.0
0106e960,2026-03-31 02:38:50,ETH 5m UP,UP,5m,eth-5m-1774917300-up,0.99,1.0,180,1.8000,WIN,414.73,174.95,2.3706,0x3e26c1fa5621c5795b6b35d5f3ad1bf9b9d1245f1dcbdfdb11d603ec8108220d,26294059311375065371515401196816537929275189604350061636902479527131732428243,1774917300,2026-03-31 02:44:11,1.0
a65d521a,2026-03-31 02:39:07,BTC 5m UP,UP,5m,btc-5m-1774917300-up,0.99,1.0,180,1.8000,WIN,548.52,365.42,1.5011,0xfabeb619b0bf97855e371ba487d2e9194703dc4ac3cb8ae715901a8edbc0f574,30912337893718837355018368565194099550992863366425127272896362280137839792664,1774917300,2026-03-31 02:46:12,1.0
831c5ed7,2026-03-31 02:44:03,BTC 15m UP,UP,15m,btc-15m-1774917000-up,0.99,1.0,180,1.8000,WIN,1165.6,511.01,2.2810,0x32b6b4feb32dbfe05a4346fca13768bceba7470b0ac3da42824f941ffd160672,29022744259401311136771344471451131347035778273716147283297327056662418244855,1774917000,2026-03-31 02:49:11,1.0
d3063cfd,2026-03-31 02:44:29,ETH 15m UP,UP,15m,eth-15m-1774917000-up,0.99,1.0,180,1.8000,WIN,92.19,34.48,2.6737,0xe5beb8c8909f6ab7f7cc6f0f3bea1b5a1a64c354bf1ecc88843f0f119182556c,76742986846741661970593016979120310741438771165593268942901531982158126272308,1774917000,2026-03-31 02:49:11,1.0
fcf083e0,2026-03-31 02:44:57,BTC 5m UP,UP,5m,btc-5m-1774917600-up,0.99,1.0,180,1.8000,WIN,628.56,388.08,1.6197,0x33e245e16971ab219e1fa9dbe2070421998625b705c3c931592c07d3b472a810,109607370565822834528994439135482544473474058383613650584621888440907569226930,1774917600,2026-03-31 02:49:12,1.0
906916e0,2026-03-31 02:44:59,ETH 5m UP,UP,5m,eth-5m-1774917600-up,0.99,1.0,180,1.8000,WIN,34.0,20.66,1.6457,0xe80d9cd180770d9bbbfc31b3d77b664f517d2193b554a6562e2203dfbba4d1ed,32059905270233414837272516540485665727198885123680675380011728460863164675363,1774917600,2026-03-31 02:49:11,1.0
64fe6c5d,2026-03-31 02:47:56,ETH 5m UP,UP,5m,eth-5m-1774917900-up,0.99,1.0,180,1.8000,WIN,534.8,309.0,1.7307,0x5e56f37c3fab18657bab469eda98d6c3112333fcbe6fd712da67913c4787738e,48868104885351816052050169965847710785901086262373286215575560326677163119486,1774917900,2026-03-31 02:54:11,1.0
d41ed38d,2026-03-31 02:48:11,BTC 5m UP,UP,5m,btc-5m-1774917900-up,0.99,1.0,180,1.8000,WIN,1740.21,1056.35,1.6474,0x26dd9417a443970d978e0d77a516ef9c9530f7c4a8fd7444f40a5ec90d7bd44a,73321782024954235383860466635344779738728388227454900341443890729404238989665,1774917900,2026-03-31 02:54:11,1.0
f49c4c64,2026-03-31 02:53:39,ETH 5m DOWN,DOWN,5m,eth-5m-1774918200-down,0.99,1.0,180,1.8000,WIN,368.22,194.9,1.8893,0xbb8aa010119b41e8013830fd511cf8f133295636b017735f1cad91f4590bbef6,25910538451639087203826642375643665073469434672050133984687432784330616378266,1774918200,2026-03-31 03:01:12,1.0
12d1e683,2026-03-31 02:57:39,BTC 15m UP,UP,15m,btc-15m-1774917900-up,0.99,1.0,180,1.8000,WIN,2153.02,1429.2,1.5065,0xecef1f4f1a49ce5a194916d5ea7593574de09a3f5811a32d36d0f09910ef0e7f,100760233555866440549047371125145262896992750104497579341672763947963212680256,1774917900,2026-03-31 03:04:11,1.0
e8f496d1,2026-03-31 02:57:41,ETH 15m UP,UP,15m,eth-15m-1774917900-up,0.99,1.0,180,1.8000,WIN,769.69,196.33,3.9204,0xff45dadadb9e11bbb03fdc4e16316fbb87f098cf12ae4baa157db47a67ee778d,101154096180375501494784007313112884314780504994016514278845418283776552191195,1774917900,2026-03-31 03:06:11,1.0
ee728ac0,2026-03-31 03:04:54,BTC 5m DOWN,DOWN,5m,btc-5m-1774918800-down,0.99,1.0,180,1.8000,WIN,1110.97,434.28,2.5582,0x0a47a741564a75baeac501b3492b950ef85297af9a06cab201b6bbd7aaf69cb6,92108881389607427740775504362672281135481655752171005747935328372116473855653,1774918800,2026-03-31 03:11:12,1.0
231560cc,2026-03-31 03:13:30,ETH 5m UP,UP,5m,eth-5m-1774919400-up,0.99,1.0,180,1.8000,WIN,79.74,38.9,2.0499,0x5d375da0b7a8c0da13bbc27821ecc3c80628309061ea35cb424c599fc23b8bc2,100935195634475300165821285631750546732556097203147800896703087306353129358032,1774919400,2026-03-31 03:21:11,1.0
36584077,2026-03-31 03:14:18,ETH 15m UP,UP,15m,eth-15m-1774918800-up,0.99,1.0,180,1.8000,WIN,154.95,10.47,14.7994,0x57d691c350b172080c3df5a5dcc347d6056784773304927d9d6cc1e9d5bc2b6e,80477530828286826002068712278652074559754575636591392115520904403313783279817,1774918800,2026-03-31 03:19:12,1.0
c6b1b6c3,2026-03-31 03:19:01,ETH 5m UP,UP,5m,eth-5m-1774919700-up,0.99,1.0,180,1.8000,WIN,175.0,111.08,1.5754,0x9d04377837a419f8999970fbf106a31a8d4f3df18f9d2a574bc0e53c40256a7d,13239135885566547651446026498354615470003481512856083349319948554161971679420,1774919700,2026-03-31 03:24:11,1.0
2eac7812,2026-03-31 03:23:17,BTC 15m UP,UP,15m,btc-15m-1774919700-up,0.99,1.0,180,1.8000,WIN,2009.99,1299.84,1.5463,0x0036803667cdb67084e88db40c18b7087a1aaa3ece18a8839f30b8ee3fabc23a,75523222010916697880240898427806793040986054620587270384827083623131061931003,1774919700,2026-03-31 03:34:10,1.0
3f08c1d3,2026-03-31 03:23:21,ETH 5m UP,UP,5m,eth-5m-1774920000-up,0.99,1.0,180,1.8000,WIN,472.39,154.68,3.0540,0xf3b93bb737d0d2d75ea8eb286fd700378060f3cbc9fee1ad30d5bf43fcef89c6,70918719974177899878344768789795406810243667178864992155556614185658492607236,1774920000,2026-03-31 03:29:11,1.0
a0081bd1,2026-03-31 03:23:27,ETH 15m UP,UP,15m,eth-15m-1774919700-up,0.99,1.0,180,1.8000,WIN,424.38,63.0,6.7362,0x8f2bf4c8537ff788161559569a62225336f7eaca1130d91af5d7e21a596c58b8,54828702640619290436995822114742133750821117171769222253296315726850517873662,1774919700,2026-03-31 03:34:11,1.0
f9a5aeee,2026-03-31 03:29:22,BTC 5m DOWN,DOWN,5m,btc-5m-1774920300-down,0.99,1.0,180,1.8000,WIN,1895.72,975.63,1.9431,0x2c9594cb65f90b01fc0c8b7deb01e969d3bbce9ed9065c3ea94e44879d869085,96146173556289323898102175200962054336404135815459067587718732009880119516208,1774920300,2026-03-31 03:34:11,1.0
dd01e4ee,2026-03-31 03:32:51,ETH 5m UP,UP,5m,eth-5m-1774920600-up,0.99,1.0,180,1.8000,WIN,146.88,61.0,2.4079,0x10274b39c85353073d8ddc007ec8fce77319d299a9ec40db459ea7f3d26e594a,83807829578037309935212794960950435346109233429240731079329125547322338184781,1774920600,2026-03-31 03:39:11,1.0
48ddba3c,2026-03-31 03:38:42,ETH 5m DOWN,DOWN,5m,eth-5m-1774920900-down,0.99,1.0,180,1.8000,WIN,370.53,65.0,5.7005,0xc0d8326868c3d05709a54adec08f086db4bbafcc72635016547fa0aefb229181,44319576812101709241243163212272849527781624761042901963998789424091245832605,1774920900,2026-03-31 03:44:11,1.0
b77d9339,2026-03-31 03:39:05,BTC 5m DOWN,DOWN,5m,btc-5m-1774920900-down,0.99,1.0,180,1.8000,WIN,2177.23,886.23,2.4567,0xae0ab918fdc59e641cac2b3b150965c0bdf89857d0555509aa991905f2103aea,92970847015927047636806384632179667643562079163187155215592151287730682255641,1774920900,2026-03-31 03:44:12,1.0
0c850fbc,2026-03-31 03:40:09,ETH 15m UP,UP,15m,eth-15m-1774920600-up,0.99,1.0,180,1.8000,WIN,290.44,159.94,1.8159,0x1a140d5380a578d78a370eb0cae1c2b677156d78c44265f0ab5c4505a0605bb3,74427291642088219664150521525442965553080840970319813953524575614395669267228,1774920600,2026-03-31 03:49:11,1.0
cf73a800,2026-03-31 03:42:59,BTC 15m UP,UP,15m,btc-15m-1774920600-up,0.99,1.0,180,1.8000,WIN,2188.31,897.36,2.4386,0x8df9d5271c97021c78b893814fda64a89bc952a42179f56c970d3a35c37e3527,99972688293058876090678485280911772840309388687754799715924559027086318405131,1774920600,2026-03-31 03:49:11,1.0
a3693001,2026-03-31 03:43:01,ETH 5m DOWN,DOWN,5m,eth-5m-1774921200-down,0.99,1.0,180,1.8000,WIN,704.66,434.72,1.6210,0x0a5996f33421b9d0af14f26fb65c3473692a32b5f96b040bcbf121e55831a852,20534479477140155308130714087833022596373700246240419241888094263538519244806,1774921200,2026-03-31 03:47:11,1.0
21990ba9,2026-03-31 03:54:56,BTC 5m UP,UP,5m,btc-5m-1774921800-up,0.99,1.0,180,1.8000,WIN,668.24,269.0,2.4842,0x50e246e626de2c6d870cb9bb9b70a3da2ffe9c6f9f6408cc93c35c253ae54603,102464379919372488542864848844546062769487227879824072382290438963332672598422,1774921800,2026-03-31 03:59:11,1.0
6fca0c45,2026-03-31 04:14:43,ETH 5m UP,UP,5m,eth-5m-1774923000-up,0.99,1.0,180,1.8000,WIN,452.49,298.08,1.5180,0xece8404cfc409f7a10dbfe03737c75c770cb3185a13ff684a8d11639c8480a49,113439411729412834245806015625949181538891457103546619764244227424744620444694,1774923000,2026-03-31 04:19:11,1.0
bb63cb3e,2026-03-31 04:14:57,BTC 15m DOWN,DOWN,15m,btc-15m-1774922400-down,0.99,1.0,180,1.8000,WIN,466.41,270.3,1.7255,0xbc72ca2ac8eddbbe4f51649cce2207007d4a9d39d6742fe5d0e05aa7dcda6374,81536970254932255835830608268287834748403869648457743315311276581477855679345,1774922400,2026-03-31 04:21:11,1.0
085a5feb,2026-03-31 04:14:58,BTC 5m UP,UP,5m,btc-5m-1774923000-up,0.99,1.0,180,1.8000,WIN,208.45,136.26,1.5298,0x7f1f04f567aa4246a2b74b1f38f612a0ac75e1cb9e9089b8a14bf9bbec596353,29663568421665501825278796284809925893978140634751674792176179244450686939029,1774923000,2026-03-31 04:19:10,1.0
7518a59a,2026-03-31 04:18:36,BTC 5m UP,UP,5m,btc-5m-1774923300-up,0.99,1.0,180,1.8000,WIN,2374.35,1516.64,1.5655,0xe3a69be0843fd1fe430d75e21d352d71c20ca901e09c5d60d86f036d365b326a,14674064781150534094015290381656810797031317772751988285232237115958526134090,1774923300,2026-03-31 04:24:11,1.0
4ea5c299,2026-03-31 04:27:55,BTC 15m UP,UP,15m,btc-15m-1774923300-up,0.99,1.0,180,1.8000,WIN,1321.73,827.33,1.5976,0x14088e4ed74101c889cfe95ecb1ad8a47b1987aba0f979e35f83e07356de9a01,109574485031301493912660632178424477145019013418929637925220369924436524651631,1774923300,2026-03-31 04:34:12,1.0
38cbbf85,2026-03-31 04:29:09,ETH 5m DOWN,DOWN,5m,eth-5m-1774923900-down,0.99,1.0,180,1.8000,WIN,432.61,195.85,2.2089,0x1c640d0de78d952a3adb5f4ec3368a39a42c48f74d002c2a700d90822295014e,28904849232953198946003952972782169411795162313130200093309500004808714195027,1774923900,2026-03-31 04:36:11,1.0
e709313a,2026-03-31 04:29:32,BTC 5m DOWN,DOWN,5m,btc-5m-1774923900-down,0.99,1.0,180,1.8000,WIN,447.7,295.99,1.5126,0x8aef44a68b8fc4272a1171c7650484177d4e236c9f8f839718413ac4a21525e5,66924741989830364161661130669420133146072953415957368896448192140637044010226,1774923900,2026-03-31 04:34:12,1.0
89f8d0b0,2026-03-31 04:33:41,ETH 5m DOWN,DOWN,5m,eth-5m-1774924200-down,0.99,1.0,180,1.8000,WIN,345.68,223.37,1.5476,0x708ecb16e08302583f5c07c0c0f2edc40eec72d2945046dbf2b1835464608a2b,81226208186521018408778149678715148323852126503801490000708061518699283458705,1774924200,2026-03-31 04:37:10,1.0
e220dc2d,2026-03-31 04:39:53,ETH 5m DOWN,DOWN,5m,eth-5m-1774924500-down,0.99,1.0,180,1.8000,WIN,320.18,211.08,1.5169,0xec77388dd0070d77a4a0f6d206a57989f7a15b04dbabe565394fbe0eea7e243f,66233246000748889878833997044076680030890807370332428297072970196428184090199,1774924500,2026-03-31 04:44:11,1.0
5c4dde2d,2026-03-31 04:43:54,BTC 15m DOWN,DOWN,15m,btc-15m-1774924200-down,0.99,1.0,180,1.8000,WIN,1968.89,1068.42,1.8428,0xe3d0eacc8b89fcd1b8282b0ad3a0959d00e39f9200f340e5d5e2a1f99628b1a8,42329119437013018800555400742155476304315648730075075606932360406000557556079,1774924200,2026-03-31 04:51:11,1.0
16e95321,2026-03-31 04:44:40,BTC 5m UP,UP,5m,btc-5m-1774924800-up,0.99,1.0,180,1.8000,WIN,1850.95,1190.38,1.5549,0x9de1b0036a20b69fdf2938b9f7f7303d568840eddc9f7fe8d4e49888932383e7,29718367439241034314467513931286948410203799819339690802721216528355863329092,1774924800,2026-03-31 04:51:11,1.0
0d07567e,2026-03-31 04:52:38,ETH 5m UP,UP,5m,eth-5m-1774925400-up,0.99,1.0,180,1.8000,WIN,349.2,82.0,4.2585,0xd4881932726e36c3ee643044626003a51da9f83e84c90df139bb40089b67e95c,51013823577172014578843291493975738824584652250869011609005410039575159973670,1774925400,2026-03-31 05:01:11,1.0
55aa1c7a,2026-03-31 04:59:40,ETH 5m DOWN,DOWN,5m,eth-5m-1774925700-down,0.99,1.0,180,1.8000,WIN,322.5,130.0,2.4808,0x5426d0eba0210f6b9f478c48452b465f37c41986ae249fc10cbe40174140b5ad,2246961052251632195869931138106829376759291925356863215038496486507982579906,1774925700,2026-03-31 05:04:11,1.0
70abf329,2026-03-31 04:59:54,BTC 5m DOWN,DOWN,5m,btc-5m-1774925700-down,0.99,1.0,180,1.8000,WIN,2317.26,582.05,3.9812,0xc7eb1ad350946f927ed5be99f243ccd3830778b466ce2f305875c778b433d143,51863815084936468669755413075303788444928179514992423781979213579717684864036,1774925700,2026-03-31 05:06:11,1.0
21fd6918,2026-03-31 05:03:42,ETH 5m DOWN,DOWN,5m,eth-5m-1774926000-down,0.99,1.0,180,1.8000,WIN,530.13,263.0,2.0157,0x5fc24831a2e2a519f0e25fd5a11bcf0d3e5f142f74220413c46bfd7dc12cfd70,13991312618061347022875017678959063488803870784946794733269097384116139703355,1774926000,2026-03-31 05:09:11,1.0
1e307ba7,2026-03-31 05:09:51,BTC 5m UP,UP,5m,btc-5m-1774926300-up,0.99,1.0,180,1.8000,WIN,504.82,331.01,1.5251,0x47abc7dc9245bded4f1c3ce694308b6d2d5dae1ff6e1c7906b050c40cbe796b5,52660411228625284479697072074088829755020506478217266125480470109144474675200,1774926300,2026-03-31 05:14:11,1.0
6b371899,2026-03-31 05:14:25,ETH 5m DOWN,DOWN,5m,eth-5m-1774926600-down,0.99,1.0,180,1.8000,WIN,350.18,72.95,4.8003,0x29fd06fdc9cc337db8853a9f33679fae54361b66b4b18587d6b22d7f0c816910,31801826740588834379399364446923430861212682644939986088580120648531168054319,1774926600,2026-03-31 05:21:12,1.0
c1961957,2026-03-31 05:14:48,BTC 15m DOWN,DOWN,15m,btc-15m-1774926000-down,0.99,1.0,180,1.8000,WIN,506.72,205.06,2.4711,0x6bb60232ff1d99bf4011616ff3aeb0fb42230001f7649d9346215defe744b105,89095830262327617409134176803900460759543200284763251570041813931625141978356,1774926000,2026-03-31 05:19:11,1.0
103dd026,2026-03-31 05:14:55,BTC 5m DOWN,DOWN,5m,btc-5m-1774926600-down,0.99,1.0,180,1.8000,WIN,2218.33,1462.5,1.5168,0xed9691b00cf7b8b3329746a09cbb0d02fa0e08e4fc0d7f2ed027683f12a107a7,17776818652798985911116861140737756665878598685769042250627923331538196413307,1774926600,2026-03-31 05:21:12,1.0
089fa6db,2026-03-31 05:19:18,ETH 5m DOWN,DOWN,5m,eth-5m-1774926900-down,0.99,1.0,180,1.8000,WIN,413.6,50.83,8.1369,0x6f27c894d43f6783dbb08c100ef9b470a42b198a0143b5ee7760fca45d0f5ba6,36718478336725760815918348805819799124105911367048141949106156457071196672589,1774926900,2026-03-31 05:24:11,1.0
07467a6b,2026-03-31 05:26:03,ETH 15m DOWN,DOWN,15m,eth-15m-1774926900-down,0.99,1.0,180,1.8000,WIN,707.4,100.34,7.0500,0xd5f468ff6924bccd3378f136672e080eea010585bb7d5ee88f37f12bea8e2259,80398482296114530158204116688154434158760553267962888071420652465739198308206,1774926900,2026-03-31 05:34:11,1.0
a95e5f09,2026-03-31 05:28:27,BTC 15m DOWN,DOWN,15m,btc-15m-1774926900-down,0.99,1.0,180,1.8000,WIN,1825.6,1040.32,1.7548,0x930570615f62ca01bdb37cb5167df9cf45e5c206b7c0e625d0ebd4ede0b9f681,4587686466220809359508044283111375338988641781527219638318008326622124996797,1774926900,2026-03-31 05:34:11,1.0
fa355e4a,2026-03-31 05:34:22,ETH 5m UP,UP,5m,eth-5m-1774927800-up,0.99,1.0,180,1.8000,WIN,476.5,307.47,1.5497,0x344ca7ff4301ff8ea2571f50debde2105cf0d93c4397316f7a7c7dcd5988d611,101690464438898370218042338142039852379392337254533674380241277499877263446351,1774927800,2026-03-31 05:41:11,1.0
3a49780a,2026-03-31 05:34:25,BTC 5m UP,UP,5m,btc-5m-1774927800-up,0.99,1.0,180,1.8000,WIN,2399.68,930.35,2.5793,0xa8b83f3b61d01a74b49a01d3252acf953f773b282e3540fd8875618459f7bf3e,17673409116827441579720421642782706626408262562779010615354496335607007348044,1774927800,2026-03-31 05:39:12,1.0
da818b7f,2026-03-31 05:38:02,ETH 5m DOWN,DOWN,5m,eth-5m-1774928100-down,0.99,1.0,180,1.8000,WIN,919.29,310.73,2.9585,0xb6b995fcec3d62b6271df85c5e65ef384fcd54f725cabe46fb15f63961c44132,102423557288354225894250739735458119723797476666665291967257342094994549196968,1774928100,2026-03-31 05:44:11,1.0
64207cc5,2026-03-31 05:40:39,BTC 15m DOWN,DOWN,15m,btc-15m-1774927800-down,0.99,1.0,180,1.8000,WIN,938.4,566.3,1.6571,0x2234c03b425d9810b5d67c9db1b5df8c2a8d89ebbd0c6995b4858a6e52164028,69324539504440748731387186261499282358679008510070021745118645033291591978640,1774927800,2026-03-31 05:49:11,1.0
3cfe0bbe,2026-03-31 05:42:08,ETH 15m DOWN,DOWN,15m,eth-15m-1774927800-down,0.99,1.0,180,1.8000,WIN,412.2,91.81,4.4897,0x9e40c8d655f875363d2bc692781217bce9299ff3b9258919a379de59c08aade3,66634127472462690023982714709498382012433546528195526653389759846056877755129,1774927800,2026-03-31 05:49:11,1.0
bf3592bb,2026-03-31 05:44:49,BTC 5m UP,UP,5m,btc-5m-1774928400-up,0.99,1.0,180,1.8000,WIN,504.18,317.84,1.5863,0x5ca7b1fbfcead9935120f2d1f481442784bb3a0faa101015d7269c001b9eb936,60373409684388167431801580031957260810775061519271413083270726380368597675021,1774928400,2026-03-31 05:49:12,1.0
4952e58f,2026-03-31 05:49:53,ETH 5m UP,UP,5m,eth-5m-1774928700-up,0.99,1.0,180,1.8000,WIN,10.0,5.0,2.0000,0x4e6416b1c1f479ec9766cdb937b9a94495342b0f741f6570ef23fa88e8cff92a,97298520504530364514331838884710685542582960001449443944607245261550942758314,1774928700,2026-03-31 05:52:11,1.0
b1305543,2026-03-31 05:53:38,ETH 5m UP,UP,5m,eth-5m-1774929000-up,0.99,1.0,180,1.8000,WIN,547.7,274.78,1.9932,0xeaf5144cad5afde19975e3bc91e5b41433154f02fa00170d4587128393503c5c,81117305197163706523292529758038614329634740543765676680798404617892785377594,1774929000,2026-03-31 05:59:11,1.0
d9de387f,2026-03-31 05:53:58,BTC 5m UP,UP,5m,btc-5m-1774929000-up,0.99,1.0,180,1.8000,WIN,4821.34,1069.26,4.5090,0x9470592b201c0223ecee38517ec509ffe54cfdf378296f2c0cda36062f42010a,75629655427064828028815881486757581349390179964200210249749590172192847939352,1774929000,2026-03-31 05:59:11,1.0
cabf17b1,2026-03-31 05:56:45,ETH 15m UP,UP,15m,eth-15m-1774928700-up,0.99,1.0,180,1.8000,WIN,1333.62,835.94,1.5954,0xcd3405b1151a09c1f0d4e8fac06c31789c610ccc331d0cff77f4feb7ac02e512,22464091965431655766312659719851921745107910189972904723380791432044147202746,1774928700,2026-03-31 06:04:11,1.0
fb2a2ff0,2026-03-31 05:59:51,BTC 5m DOWN,DOWN,5m,btc-5m-1774929300-down,0.99,1.0,180,1.8000,WIN,2554.82,1291.19,1.9787,0xa6d7bd0a7d20ac73743e9908dbd8b27dc676cfe3ce9ecffb7ff3eaaa4aee564f,90269176484678732764333647774406332254739366181003969847286777466252828214226,1774929300,2026-03-31 06:04:12,1.0
88bae874,2026-03-31 06:04:42,ETH 5m DOWN,DOWN,5m,eth-5m-1774929600-down,0.99,1.0,180,1.8000,WIN,316.9,171.68,1.8459,0xf96a044587d688e034b11010264f5ea39bbbe745663a4bb73b0525964aa3ba20,90682281285659635213763699270467614417439383187455751173041096189408861096141,1774929600,2026-03-31 06:09:11,1.0
e8ac9792,2026-03-31 06:08:27,ETH 5m UP,UP,5m,eth-5m-1774929900-up,0.99,1.0,180,1.8000,WIN,759.41,437.05,1.7376,0xdae8b7119c281f0d9f51d5894de9f5be842121743af9e33d03aaec9aa45aaff8,28838014043862523505315298619582964970676922089956612340405115374643056273265,1774929900,2026-03-31 06:14:11,1.0
1d083607,2026-03-31 06:13:06,BTC 15m DOWN,DOWN,15m,btc-15m-1774929600-down,0.99,1.0,180,1.8000,WIN,2088.46,1012.85,2.0620,0xf82ea2ef0819dfc43e2c01e93388e5cf77ccab1b507c7f2e2b29c92df4c2056f,89717808848600576078019589268324842022603601627926813873292137987910389530075,1774929600,2026-03-31 06:19:11,1.0
2894624a,2026-03-31 06:13:45,ETH 15m DOWN,DOWN,15m,eth-15m-1774929600-down,0.99,1.0,180,1.8000,WIN,71.25,45.58,1.5632,0x4d394113ef642cba90ccbb4217216fa868f0fa35409ef10db7ad4d932fe63d2b,95996554769791085496934446754834174878324080685659092332658907871880672596048,1774929600,2026-03-31 06:19:11,1.0
956d805c,2026-03-31 06:13:54,ETH 5m DOWN,DOWN,5m,eth-5m-1774930200-down,0.99,1.0,180,1.8000,WIN,345.21,66.85,5.1639,0x352580b3422797b2ef27d6ffec0975527f3bd9aafb086b1ec34f98c029753ca5,26298650345662785767816240114341807934657741016999677267381916287198341173383,1774930200,2026-03-31 06:21:11,1.0
77aaaaa7,2026-03-31 06:19:31,BTC 5m UP,UP,5m,btc-5m-1774930500-up,0.99,1.0,180,1.8000,WIN,9009.97,5678.8,1.5866,0x30106fc0764f55fdcb743d93adad33e0f0b4954b248147656943a6bce423cad1,17458507485647230254750501052835535618124726464790476095784850622676508985592,1774930500,2026-03-31 06:24:11,1.0
f58f88b0,2026-03-31 06:19:31,ETH 5m UP,UP,5m,eth-5m-1774930500-up,0.99,1.0,180,1.8000,WIN,282.96,64.19,4.4082,0x5938773b8acbc35717586838b84b64b1cd05812da2c2863de11c21dcbb16a7a7,1493565724290702011930382807470715732217027511942386457984233893638812586633,1774930500,2026-03-31 06:24:11,1.0
3ba88cd8,2026-03-31 06:34:57,ETH 5m DOWN,DOWN,5m,eth-5m-1774931400-down,0.99,1.0,180,1.8000,WIN,122.44,51.94,2.3573,0xf81b1d9679ac5a755e5f1fe271ef195a209ea9c7caeecac2694205ee83b331d4,16261121362360893685064392036914262812053732915445008938129695189632443869223,1774931400,2026-03-31 06:39:11,1.0
355dcec4,2026-03-31 06:34:58,BTC 5m DOWN,DOWN,5m,btc-5m-1774931400-down,0.99,1.0,180,1.8000,WIN,932.64,538.09,1.7332,0x3c3a67e6a4dc2d9ea73cce3d9634481b4d4fa79888b4d452f3e4672b4b0c5134,5163277361352001879176258302920429565733982793287203426222898431319601773843,1774931400,2026-03-31 06:39:11,1.0
41744b62,2026-03-31 06:39:48,ETH 5m UP,UP,5m,eth-5m-1774931700-up,0.99,1.0,180,1.8000,WIN,161.19,59.83,2.6941,0xaf77ee980f2ba9df85dd5e75333ab0d41c9137ba50a5cac18a97118aecb26a49,115325829532283217019716494532038632247126986885659726063606351152487508416306,1774931700,2026-03-31 06:42:10,1.0
36ca043c,2026-03-31 06:49:12,ETH 5m UP,UP,5m,eth-5m-1774932300-up,0.99,1.0,180,1.8000,WIN,395.41,227.29,1.7397,0xb81587755aa8e89776b4a8ded52bdda4d0eaf90c8d309265786bab64d74644b4,29364679952524541946954341880013476177181673531973049303630195666047388871712,1774932300,2026-03-31 06:54:11,1.0
9ccc975a,2026-03-31 06:49:30,BTC 5m UP,UP,5m,btc-5m-1774932300-up,0.99,1.0,180,1.8000,WIN,5275.26,3313.05,1.5923,0xf13a83fc86792e60ceb83dc8192625351f0bcde35d1f88159bff60ec344a8c10,14686273451394662184774177538745854930384233635305254118469204848129918984426,1774932300,2026-03-31 06:54:11,1.0
46dd65b4,2026-03-31 06:59:50,BTC 5m DOWN,DOWN,5m,btc-5m-1774932900-down,0.99,1.0,180,1.8000,WIN,833.26,398.58,2.0906,0xd599836fc8f42e64f9e2d06171b9e47eea7f35d68534edf02161ddea9b897f61,32942947588014143288248613988493665826144310528138958582422440875557090090498,1774932900,2026-03-31 07:04:12,1.0
54b32340,2026-03-31 07:04:51,BTC 5m UP,UP,5m,btc-5m-1774933200-up,0.99,1.0,180,1.8000,WIN,654.17,425.91,1.5359,0xb6e08b960727d55906cfd71f76f1cd80f80a3ebc635046339eec2fd9f3d78dc5,81392744735430469724872983643601074517218090895184825668513659519847467493965,1774933200,2026-03-31 07:09:11,1.0
cb37a3c9,2026-03-31 07:13:45,BTC 15m DOWN,DOWN,15m,btc-15m-1774933200-down,0.99,1.0,180,1.8000,WIN,2237.16,924.1,2.4209,0x15a568f65723973d171d884ca3f7c02b14d5bf2752884b82058faf45b32d882e,26980792034925873523160046291672506230562226421557048195937452083263100962259,1774933200,2026-03-31 07:19:11,1.0
87dd6805,2026-03-31 07:14:22,ETH 5m DOWN,DOWN,5m,eth-5m-1774933800-down,0.99,1.0,180,1.8000,WIN,457.7,230.17,1.9885,0x53f4ee6d87de637c42f87ac32096215b0fbd44bbab40427121f17a6ae4b56444,114823819220707687583442985561494319598909469705711816703235061770041616095584,1774933800,2026-03-31 07:19:11,1.0
5f03e083,2026-03-31 07:19:54,BTC 5m UP,UP,5m,btc-5m-1774934100-up,0.99,1.0,180,1.8000,WIN,1152.92,724.29,1.5918,0x6330d50148de2aaf8c734f00f126a41b0d01ea49c0a3fa2cebd1409fa2b666c6,102727484106677869210081628041639679978957599211081483200287735708575951965099,1774934100,2026-03-31 07:24:11,1.0
ef4e98c6,2026-03-31 07:23:56,ETH 5m UP,UP,5m,eth-5m-1774934400-up,0.99,1.0,180,1.8000,WIN,444.21,276.02,1.6093,0xa8bee04592326f0d968ac0775bd0608557aa0160c0feaf7bd417eee3d67a1645,111291943212766837011565361270695444484646094150116444763695386948628578119887,1774934400,2026-03-31 07:29:11,1.0
821e5ae2,2026-03-31 07:25:52,BTC 15m UP,UP,15m,btc-15m-1774934100-up,0.99,1.0,180,1.8000,WIN,3403.9,2265.13,1.5027,0x568941a45d1f06c90ce05816107a6e59f447e0ba4d5236c6a1c7a4234fede12c,99128164757128199696505642958045778113527949167100989049497282510463951460857,1774934100,2026-03-31 07:36:12,1.0
8ece4daa,2026-03-31 07:43:42,ETH 5m DOWN,DOWN,5m,eth-5m-1774935600-down,0.99,1.0,180,1.8000,WIN,305.23,200.0,1.5262,0x6f8f416a7b7900dd71c68245e860090a84a3139f6b0b603184d39406d73edef4,58109825075356903627232660950677836381992092921538261942005375940452862224393,1774935600,2026-03-31 07:51:11,1.0
8f094c56,2026-03-31 07:48:58,ETH 5m UP,UP,5m,eth-5m-1774935900-up,0.99,1.0,180,1.8000,WIN,395.65,101.52,3.8973,0x89d2f5fbc862efc8900381d9fe2f5b9dd2554f0a11332b8859d69453e8ed408c,36644952634031156316069957960687387796361242050573449207374066374947563387881,1774935900,2026-03-31 07:54:11,1.0
5a6f3370,2026-03-31 07:54:09,ETH 5m DOWN,DOWN,5m,eth-5m-1774936200-down,0.99,1.0,180,1.8000,WIN,234.06,90.66,2.5817,0x94f5e5f220ac330d03636bb1ce78bc2fb1bb4137f466117d906e730f0c19753b,42954137005248750611075093527834526898587182270530013878005607096584086003927,1774936200,2026-03-31 07:59:10,1.0
a57fbdbf,2026-03-31 07:59:52,BTC 5m DOWN,DOWN,5m,btc-5m-1774936500-down,0.99,1.0,180,1.8000,WIN,1555.66,1033.92,1.5046,0x0e56e3fcc4e8d4b22d09deb7be903d193515ed1c0daa4c1222af9c18211eedc7,299049337621700013866725726365212245593349434489664387633887843787174596135,1774936500,2026-03-31 08:04:11,1.0
19dedb8a,2026-03-31 08:02:32,ETH 5m DOWN,DOWN,5m,eth-5m-1774936800-down,0.99,1.0,180,1.8000,WIN,158.11,71.49,2.2116,0x92c8e3f02b47525c8ee21f5295ab92eddadffeaf3693b0ac03608569cef99d1b,40355271409562161282310409580285446741416700739295127975568486053692783819429,1774936800,2026-03-31 08:11:11,1.0
76430d14,2026-03-31 08:08:38,ETH 5m DOWN,DOWN,5m,eth-5m-1774937100-down,0.99,1.0,180,1.8000,WIN,345.13,151.96,2.2712,0xd09065b57f913e288ac855c255eb7cfa0d4eac600a58327bcc1343800af161ce,79627925550475919847470766659491790240897610465094803466513221035951101865235,1774937100,2026-03-31 08:16:12,1.0
44f45374,2026-03-31 08:09:29,BTC 5m DOWN,DOWN,5m,btc-5m-1774937100-down,0.99,1.0,180,1.8000,WIN,3622.14,1362.4,2.6586,0x80e13f406f3b47b8fd5dfe6cc21c667c35bed1de513b384d4e6bc95de5eaa1ee,31933405032159045480492578617604504774299244006618581754394624266806506733387,1774937100,2026-03-31 08:14:11,1.0
4078aa49,2026-03-31 08:10:09,BTC 15m DOWN,DOWN,15m,btc-15m-1774936800-down,0.99,1.0,180,1.8000,WIN,2495.9,1629.97,1.5313,0x7545cfd5bc03e47688945366f103019b545cab82a745b69a15a2eeb2307ebec7,6079642253179969472338350028585334582243718624196757411611594284873627671624,1774936800,2026-03-31 08:19:11,1.0
5cf0d661,2026-03-31 08:10:53,ETH 15m DOWN,DOWN,15m,eth-15m-1774936800-down,0.99,1.0,180,1.8000,WIN,780.07,442.89,1.7613,0xc2a6d21c497fa9258c471a65ed4aeb85935a552aeab399757df2db01781a1a9e,20983685762055001106178041606982328016281997083798081710005477219144128613453,1774936800,2026-03-31 08:19:11,1.0
b560acf4,2026-03-31 08:14:55,ETH 5m DOWN,DOWN,5m,eth-5m-1774937400-down,0.99,1.0,180,1.8000,WIN,154.6,26.17,5.9075,0x6de19b6fbeb3e405dcb9ad5dd35d4209c428ae168c5ab527c3c9d138f1d68dff,9009160160858933296942465066844024304147211421474859863502867051574870687204,1774937400,2026-03-31 08:21:11,1.0
d054ce9c,2026-03-31 08:19:49,BTC 5m DOWN,DOWN,5m,btc-5m-1774937700-down,0.99,1.0,180,1.8000,WIN,795.39,458.81,1.7336,0x8e401916bb62c6171a48147d18fff80c164fd4dae392c228325fc41adf3fd932,14558638995483194952755724773496752264466222753166780759370277310766399217342,1774937700,2026-03-31 08:26:11,1.0
25e78659,2026-03-31 08:19:54,ETH 5m DOWN,DOWN,5m,eth-5m-1774937700-down,0.99,1.0,180,1.8000,WIN,190.9,118.81,1.6068,0xada4b5dc4ddef424955410c3e1058a9c6e5d6983ec98b7bc6837c137f98106ba,15473398766892496577040389382603665507650267390916631056864485975687714541867,1774937700,2026-03-31 08:24:11,1.0
de6286a2,2026-03-31 08:27:21,BTC 15m DOWN,DOWN,15m,btc-15m-1774937700-down,0.99,1.0,180,1.8000,WIN,1746.97,1082.85,1.6133,0x65a63d5a071144a57799520ec84cec7a1862a81e5fdd70de57ec72819b360ba2,11966595685888051925853973982340596248582923784834244198094345453715314633709,1774937700,2026-03-31 08:34:11,1.0
92e38edd,2026-03-31 08:29:35,ETH 15m DOWN,DOWN,15m,eth-15m-1774937700-down,0.99,1.0,180,1.8000,WIN,346.19,159.92,2.1648,0x312c7258ab7f1019f2c402c937db115836437742dff80337310b1ce748c6b844,5597775698205393027210509067511508128786805022790555526210164523428354702657,1774937700,2026-03-31 08:34:11,1.0
e99be979,2026-03-31 08:35:01,BTC 5m DOWN,DOWN,5m,btc-5m-1774938600-down,0.99,1.0,180,1.8000,WIN,9600.0,2735.7,3.5092,0x38d5bcf1bb4fc473381fded3813c427679df8bf20339e8810b733d12b76d90a0,61197090215661054963144065772512941094264325681776656214961060085296264616274,1774938600,2026-03-31 08:39:11,1.0
d5f30bc9,2026-03-31 08:44:53,BTC 5m UP,UP,5m,btc-5m-1774939200-up,0.99,1.0,180,1.8000,WIN,1815.08,1184.77,1.5320,0x4dad523d8d9409e8775f2c8b7fbb1d9351c1884da6d3a890926635df8f5c0e97,104983925834175038642643775250262668303322930920272140137080727247414272609431,1774939200,2026-03-31 08:49:11,1.0
66af79ad,2026-03-31 08:54:55,BTC 5m UP,UP,5m,btc-5m-1774939800-up,0.99,1.0,180,1.8000,WIN,1197.74,403.9,2.9654,0xdf329228c6f63eaa8d136f7db245f27fadd5b2b0ab9122f2846f664746bdaa54,78968956589722795934295589226068185917549977006800090160725056798841867579382,1774939800,2026-03-31 09:01:11,1.0
f835b9c4,2026-03-31 08:56:42,ETH 15m UP,UP,15m,eth-15m-1774939500-up,0.99,1.0,180,1.8000,WIN,838.98,341.14,2.4593,0x13fef1352139a7361c6a7af0e8dbfa18b26c73ab477e6d9cd4fd62d47e04f426,93057242319218784174767714792555617341325652008796131494905625143444798844513,1774939500,2026-03-31 09:06:11,1.0
c45189fe,2026-03-31 08:58:48,BTC 15m UP,UP,15m,btc-15m-1774939500-up,0.99,1.0,180,1.8000,WIN,1119.24,733.3,1.5263,0xccfad074335e59b007e5ea5f09e04befd9d1f0235f9743b94f248773f2bc8f0f,47316892079006215320555039741067158410211492233432891886125632875448085795458,1774939500,2026-03-31 09:04:11,1.0
77e811c5,2026-03-31 09:09:35,BTC 5m DOWN,DOWN,5m,btc-5m-1774940700-down,0.99,1.0,180,1.8000,WIN,2448.04,1631.41,1.5006,0x7ba1737daa44dc482b7d8be77f795d0771057386b5651138f33b742c41be609b,54658526562987082796840372203194549951799395546537848086551409477956774664516,1774940700,2026-03-31 09:16:12,1.0
aa70455b,2026-03-31 09:12:11,ETH 5m DOWN,DOWN,5m,eth-5m-1774941000-down,0.99,1.0,180,1.8000,WIN,231.42,41.03,5.6403,0x48cb479b7b27a619b59482c3f457ab76bf52413102428feb6bc3687ee17c2599,77961153535752237145908516450485734332930013605844775052845455104931716319665,1774941000,2026-03-31 09:19:10,1.0
196fe696,2026-03-31 09:19:06,BTC 5m DOWN,DOWN,5m,btc-5m-1774941300-down,0.99,1.0,180,1.8000,WIN,9564.12,3511.51,2.7236,0x5dfeb26aa4b2851f95f612f2439c8c40eba538d84c2d4df01c0273e5028bab74,25367755314826652052693201093278600104940802287392604184765740407730683242266,1774941300,2026-03-31 09:26:11,1.0
b34a0a11,2026-03-31 09:26:52,BTC 15m DOWN,DOWN,15m,btc-15m-1774941300-down,0.99,1.0,180,1.8000,WIN,6611.1,1357.67,4.8694,0x4a2b468c6746e2fdde2774de9f4e67f0b408a000fa28a2696ed9f0b6e12bd018,63960818270613963223402749961375082000746942906063210477586582256097316241762,1774941300,2026-03-31 09:32:11,1.0
612a3505,2026-03-31 09:26:57,ETH 15m DOWN,DOWN,15m,eth-15m-1774941300-down,0.99,1.0,180,1.8000,WIN,534.69,151.75,3.5235,0x6e1a69845a1c534e93833aea7cbb8c44621e69c9cff5cdf5c8145db8dda0deee,77160148160013527558547776871171176735688726685706964584733956645988204720015,1774941300,2026-03-31 09:36:11,1.0
5c90acce,2026-03-31 09:27:40,ETH 5m UP,UP,5m,eth-5m-1774941900-up,0.99,1.0,180,1.8000,WIN,1013.33,623.64,1.6249,0xae79052d1076b0bd14da6852230a1c2823be2e805d57db2f3d63c5211d47d95b,54526371419889225166870185557422984038240473375072013066266943180717427867828,1774941900,2026-03-31 09:34:11,1.0
f477f474,2026-03-31 09:27:58,BTC 5m UP,UP,5m,btc-5m-1774941900-up,0.99,1.0,180,1.8000,WIN,3019.74,2012.59,1.5004,0x5b5298f43b09d3359b8588bfa4b6c66d01cf45f14ad7456da50cc7cfd94dc7cf,108216946985582739338435503317467648041668292464561087096483800792698832678399,1774941900,2026-03-31 09:36:12,1.0
6108244c,2026-03-31 09:34:58,BTC 5m UP,UP,5m,btc-5m-1774942200-up,0.99,1.0,180,1.8000,WIN,933.69,379.41,2.4609,0x4292ac701d955cb631d1f07910cac087dc8e931221e4e55871228daf0ba3332d,102898195861103367764039095705256767529316625176633974730047548393640955970825,1774942200,2026-03-31 09:39:11,1.0
2e73f31d,2026-03-31 09:43:52,ETH 15m UP,UP,15m,eth-15m-1774942200-up,0.99,1.0,180,1.8000,WIN,266.16,130.45,2.0403,0x2a78aada9af10073207f5a3d63b07352becb8960ecf066e5516030f2ea89c981,63274638432880558951751735792361563883579804542112312829589723819951326186297,1774942200,2026-03-31 09:51:12,1.0
1e8abfb9,2026-03-31 09:44:37,BTC 15m UP,UP,15m,btc-15m-1774942200-up,0.99,1.0,180,1.8000,WIN,445.95,38.07,11.7139,0x5821b1bdfcd4024ab04f91f4fd52e65a1dbcb14f7d12a1565c28c3e1d188fda4,95864000530666182732154605132525030062436501813396174671309476884893981203333,1774942200,2026-03-31 09:49:11,1.0
27f3dd2b,2026-03-31 09:44:57,BTC 5m UP,UP,5m,btc-5m-1774942800-up,0.99,1.0,180,1.8000,WIN,229.12,151.85,1.5089,0x14f36f94bc6578cde71edbd28398c997ec2805a13ec87ff3e0db298d776355db,66711938771924928226798683198059094670622396847885812063974853833333086155597,1774942800,2026-03-31 09:49:11,1.0
b2c4af68,2026-03-31 09:48:12,ETH 5m UP,UP,5m,eth-5m-1774943100-up,0.99,1.0,180,1.8000,WIN,524.19,271.06,1.9339,0x6c46ed1c1595461694f013122ee7293717873ec487781ba3fb25f5e56fa00024,105239050048872139824900333095595282201252834442659339478965983984691377309635,1774943100,2026-03-31 09:54:11,1.0
d9665a6e,2026-03-31 09:48:56,BTC 5m UP,UP,5m,btc-5m-1774943100-up,0.99,1.0,180,1.8000,WIN,1694.12,949.74,1.7838,0x9b3d22d5f9bfb129dae1885b0185f2a9191a6d9f518dc44753cc3a5d37693a22,32834957610620667524138004066345237641576040736696918963532309588148272480001,1774943100,2026-03-31 09:54:11,1.0
072dec32,2026-03-31 09:54:58,ETH 5m UP,UP,5m,eth-5m-1774943400-up,0.99,1.0,180,1.8000,WIN,28.44,10.0,2.8440,0x6df9102b89a6f162c4891fa9aa04c4fed66b443ee11df2c4ad8e04f633732500,69380409483584723638756952229334046822057732569397164769006031204675646413219,1774943400,2026-03-31 09:59:11,1.0
0fa584be,2026-03-31 09:58:47,ETH 15m UP,UP,15m,eth-15m-1774943100-up,0.99,1.0,180,1.8000,WIN,506.18,326.97,1.5481,0xed97660a2fc2680c5eb8aeab253f67e9355dcf9662263f2dd74dc61dcad339c4,95341843179313502275182291822867409750021004826019844859605510280937444317615,1774943100,2026-03-31 10:06:11,1.0
aee25d10,2026-03-31 09:59:56,BTC 5m DOWN,DOWN,5m,btc-5m-1774943700-down,0.99,1.0,180,1.8000,WIN,96.99,47.5,2.0419,0x91e22c5f629357e778fb187105cb3e5a5920791f51a88230caf4506a470091e3,106230938575915798649440491746060044976970182891728207351184801836481736839096,1774943700,2026-03-31 10:06:11,1.0
9413cec9,2026-03-31 10:13:20,BTC 5m DOWN,DOWN,5m,btc-5m-1774944600-down,0.99,1.0,180,1.8000,WIN,377.26,40.02,9.4268,0x046e6577376804d1ef1a45e6146dfca3e7d84e52197eea762983b370de6ea228,36364274834183922585399664395418322887408234813732254722780277546759003836534,1774944600,2026-03-31 10:19:10,1.0
81d80997,2026-03-31 10:13:26,ETH 5m DOWN,DOWN,5m,eth-5m-1774944600-down,0.99,1.0,180,1.8000,WIN,402.72,29.68,13.5687,0x19e5c4d65279e3affede976dab7f3fb6836fd906ce0ea05eb7790168fec12111,30191696271964796938426811448433804006006495814362692096824955990489575438667,1774944600,2026-03-31 10:19:11,1.0
da202943,2026-03-31 10:29:39,ETH 5m DOWN,DOWN,5m,eth-5m-1774945500-down,0.99,1.0,180,1.8000,WIN,245.65,84.89,2.8937,0x282fbe7461342114b92594aea07f208fc9716716a503b2107be146656727ace4,65904763214307611976313335061925685977488707456655614125748912269522235493151,1774945500,2026-03-31 10:34:11,1.0
e180ea70,2026-03-31 10:29:47,BTC 5m DOWN,DOWN,5m,btc-5m-1774945500-down,0.99,1.0,180,1.8000,WIN,3411.21,1113.5,3.0635,0xddc3057a5ec21886249272d43b5ac8f7d0351eecc2f0dab9f19e7516c4c3c19a,54189999560785691693242510834320726252789014437465755941697280299548601238161,1774945500,2026-03-31 10:34:11,1.0
8b9755da,2026-03-31 10:29:53,BTC 15m DOWN,DOWN,15m,btc-15m-1774944900-down,0.99,1.0,180,1.8000,WIN,807.78,449.65,1.7965,0x270672f6a6487ab07dbb471c6f8385c11ac1326926517266331d668d85093f55,56547671433109408031959414695542625603219818019505536204723483817989432560242,1774944900,2026-03-31 10:34:11,1.0
044a6d85,2026-03-31 10:33:02,BTC 5m DOWN,DOWN,5m,btc-5m-1774945800-down,0.99,1.0,180,1.8000,WIN,9057.92,5166.21,1.7533,0xe508ee4cc1b4d783cfface81ec8405059f9c7aae51a3a7e4213e5489e7e0923d,23411762391697154142553150887216878381897655386257509766448005904901472119860,1774945800,2026-03-31 10:39:11,1.0
a1454a17,2026-03-31 10:43:13,BTC 5m DOWN,DOWN,5m,btc-5m-1774946400-down,0.99,1.0,180,1.8000,WIN,5373.63,3500.88,1.5349,0x0a1fdb91155d13d2502c6ad05bbaeb65fac5daea1bc5efdf51d68a753612b99b,3374070487487467496862479287349849944388799526942506196626605804134193323242,1774946400,2026-03-31 10:49:12,1.0
6d535b77,2026-03-31 10:49:18,ETH 5m UP,UP,5m,eth-5m-1774946700-up,0.99,1.0,180,1.8000,WIN,390.0,180.17,2.1646,0x9bfc4a9ce2f012f2f06ba853bb31e7f7b3dfc77710693aa3df4d9fb71dc66b01,9616383324555475988361612378814254471467955406111177571348098099410249518886,1774946700,2026-03-31 10:54:11,1.0
ebef22cf,2026-03-31 10:49:46,BTC 5m UP,UP,5m,btc-5m-1774946700-up,0.99,1.0,180,1.8000,WIN,2143.8,1428.89,1.5003,0x483faba396f9d8c3d0d5d0203c7ab5fab7bef36e50ce58306fe0a59ff7199a11,87971671052258298473608847929796729627279787568226500515164386683173962635380,1774946700,2026-03-31 10:52:11,1.0
f3b72116,2026-03-31 11:09:06,ETH 5m DOWN,DOWN,5m,eth-5m-1774947900-down,0.99,1.0,180,1.8000,WIN,150.0,25.65,5.8480,0xebeca6c5e306309567c780512bd4bca88622327c17133da7af74046acf08fbea,45160160840975692481877775988266293316864441702102230896983962850574121931590,1774947900,2026-03-31 11:14:11,1.0
bff86663,2026-03-31 11:12:49,BTC 15m DOWN,DOWN,15m,btc-15m-1774947600-down,0.99,1.0,180,1.8000,WIN,859.89,569.17,1.5108,0x3308278c306aaadb8926efc70204c7f1031fc2491901d2f8481064af126757ac,42082001065332942261877413533349414312321662478618124113293012833433805734712,1774947600,2026-03-31 11:19:11,1.0
58760eb7,2026-03-31 11:13:04,BTC 5m DOWN,DOWN,5m,btc-5m-1774948200-down,0.99,1.0,180,1.8000,WIN,3904.94,447.02,8.7355,0xd44404d35b373753e49c6a5a16f4456ac2c26022473c66e907f8aee0cadc443d,51978066497414027681338759596582504347385017589101954855041034292683887178142,1774948200,2026-03-31 11:21:11,1.0
904b099f,2026-03-31 11:13:09,ETH 15m DOWN,DOWN,15m,eth-15m-1774947600-down,0.99,1.0,180,1.8000,WIN,508.9,214.7,2.3703,0xb5f9dfd4d2f08904941262367d5f25988d75a2d6e9e2c361e46f3810a61ad42b,63880697127953817368707857819142163288584245914732919206376032177099106391273,1774947600,2026-03-31 11:19:11,1.0
4cb0190b,2026-03-31 11:24:49,BTC 5m UP,UP,5m,btc-5m-1774948800-up,0.99,1.0,180,1.8000,WIN,1344.5,570.09,2.3584,0xbe5964c7061c753d53c24edcdab71a14f6460e43e48c0a0c1a83185c37ceb116,71676451397691911244191863150859377724251001573249327748983798330245484887034,1774948800,2026-03-31 11:29:11,1.0
bcf08f03,2026-03-31 11:26:09,BTC 15m DOWN,DOWN,15m,btc-15m-1774948500-down,0.99,1.0,180,1.8000,WIN,2039.62,858.84,2.3749,0xbaf8d91d93c2c280c638468989a4647972ba57ef32a2e08388ebac3c69a119c9,33223201576675120705181447037273249829832826053351553964898249898436222525859,1774948500,2026-03-31 11:32:11,1.0
c90e3c1e,2026-03-31 11:28:55,ETH 5m DOWN,DOWN,5m,eth-5m-1774949100-down,0.99,1.0,180,1.8000,WIN,1093.23,665.9,1.6417,0x57e18c1c6b1ad3283889c4ce310203178ee8c4b82fe9ce65eddd8a5093d5210e,8705395068857085743631173505186971411511785726958802919412834596906175799620,1774949100,2026-03-31 11:36:11,1.0
a25230c7,2026-03-31 11:34:54,BTC 5m UP,UP,5m,btc-5m-1774949400-up,0.99,1.0,180,1.8000,WIN,1472.0,213.18,6.9050,0xc00c735893d928eeaea2099c583224dd2f6ec731df1a5d460ab10f9bff24fe6b,1802698587371944905414616342775573508249685234392894708299579486582110202453,1774949400,2026-03-31 11:39:11,1.0
8d59c511,2026-03-31 11:43:03,ETH 15m UP,UP,15m,eth-15m-1774949400-up,0.99,1.0,180,1.8000,WIN,831.53,487.11,1.7071,0x1b993206af8ce6927a6b09803ae8b60c3d0c6800808a764136d35e7d52e902bc,57175053737094165866902073451232327241586791413613121154340961009701366297479,1774949400,2026-03-31 11:51:11,1.0
94f68252,2026-03-31 11:43:18,BTC 15m UP,UP,15m,btc-15m-1774949400-up,0.99,1.0,180,1.8000,WIN,2088.67,745.96,2.8000,0xd5adb7b04eba3ee8b73ab5f736a016a639b93f29d3d442ad34d945033cdf15dd,41249413739409738516858289884015572510227728010973970941686556865927566055889,1774949400,2026-03-31 11:49:11,1.0
34a79c97,2026-03-31 11:44:50,BTC 5m UP,UP,5m,btc-5m-1774950000-up,0.99,1.0,180,1.8000,WIN,593.6,359.13,1.6529,0xa03bf881d745f4414a3900f40d7a7c80ba7c6482cb23f2e7b8d6f2d05ade8648,113596637054251494818940342520208115509230841248377687673921492444770789402179,1774950000,2026-03-31 11:49:11,1.0
c0b9b69c,2026-03-31 11:48:27,ETH 5m DOWN,DOWN,5m,eth-5m-1774950300-down,0.99,1.0,180,1.8000,WIN,190.03,123.74,1.5357,0x830358ab3c551bdb5164a13420d9308de37457a0e118a9235f8949c9c4e2c69c,77367687526383512883954842884443861042606214824456229294020358457379299391269,1774950300,2026-03-31 11:54:11,1.0
d3d01b1e,2026-03-31 11:55:30,BTC 15m DOWN,DOWN,15m,btc-15m-1774950300-down,0.99,1.0,180,1.8000,WIN,1934.42,1278.72,1.5128,0x79295316192efccad7d940885d55b19b7503ba8c9706d244466e0e137315cc5c,56859722659473186679983138306159025943183788535778622298346923766600506446091,1774950300,2026-03-31 12:04:11,1.0
3bc24042,2026-03-31 11:57:04,BTC 5m DOWN,DOWN,5m,btc-5m-1774950900-down,0.99,1.0,180,1.8000,WIN,370.08,30.02,12.3278,0xb7eacd8cf961f91c9643363215a1bddd88257eb3324334e783c41d52c847f64b,70027758959217013842216710560282230459048439248401262848709763631590583561693,1774950900,2026-03-31 12:06:11,1.0
ec73880c,2026-03-31 11:57:05,ETH 5m DOWN,DOWN,5m,eth-5m-1774950900-down,0.99,1.0,180,1.8000,WIN,405.88,221.79,1.8300,0xd3043e3bf47e6a3c0b98f0b5f244f8f8beb704c6ad0681527fbee286fd687665,66812401615832059738995403187990506723317195825679520801414659324378638391070,1774950900,2026-03-31 12:06:11,1.0
2a3504cd,2026-03-31 12:04:27,BTC 5m UP,UP,5m,btc-5m-1774951200-up,0.99,1.0,180,1.8000,WIN,1823.02,1181.69,1.5427,0xf2de4a57f21cbf270ed732ce5894e9e0aa292881b126e3b221394fc3605a4ea4,75481559144769926274302540512478692848771745656130771266384204972709096329831,1774951200,2026-03-31 12:09:11,1.0
dc16225d,2026-03-31 12:04:45,ETH 5m UP,UP,5m,eth-5m-1774951200-up,0.99,1.0,180,1.8000,WIN,288.61,136.3,2.1175,0x1e29e152b8891d2cebb0ccf0eef4f4c2661ae9a61d8cf3c8433148cb17dc0661,58016749688202561183235922394063905920272583195674388895620818496703093613575,1774951200,2026-03-31 12:09:11,1.0
9e4a7302,2026-03-31 12:09:07,ETH 5m UP,UP,5m,eth-5m-1774951500-up,0.99,1.0,180,1.8000,WIN,190.06,33.98,5.5933,0x54b86dd5e54cceb413dba030380a5c431ddd2f33dddeaa4163a7da820c90a0da,107974095272802045396963887982984866450743045885502928657265490407775220055091,1774951500,2026-03-31 12:14:11,1.0
a701a099,2026-03-31 12:10:17,BTC 15m UP,UP,15m,btc-15m-1774951200-up,0.99,1.0,180,1.8000,WIN,4180.15,2565.97,1.6291,0x70a97c381fe33af32da0c15417a129cce5921f69785c6593db20633993831b56,13431058206974877448348396394500487118235518268419485226913162691599455566048,1774951200,2026-03-31 12:19:11,1.0
79a6098d,2026-03-31 12:11:02,ETH 15m UP,UP,15m,eth-15m-1774951200-up,0.99,1.0,180,1.8000,WIN,1301.21,789.2,1.6488,0x0d1d0543d046e7a331cc2f936c8445859fa13b62dd9e49b3abb3e52eea8de82c,59627336272072262427289888102530045164724246164417615463647904142368387003136,1774951200,2026-03-31 12:19:11,1.0
28eb8adb,2026-03-31 12:24:08,ETH 5m UP,UP,5m,eth-5m-1774952400-up,0.99,1.0,180,1.8000,WIN,779.43,480.6,1.6218,0xe9512e51d80749df68f2c246c4ceed07984e464137e5c7cfa265c42f96dd67dd,61254642073481948368046806792670719691524989075050161715245200721910577791668,1774952400,2026-03-31 12:29:11,1.0
d217335f,2026-03-31 12:24:23,BTC 5m UP,UP,5m,btc-5m-1774952400-up,0.99,1.0,180,1.8000,WIN,3625.04,2315.17,1.5658,0x12e78b943709dabe9cb0a69bd9d05f3e66e0c230224dc27e5003a3b103683d02,59797945788318833490673170888515770933150299329491454586247365980598052779517,1774952400,2026-03-31 12:29:11,1.0
f1d11469,2026-03-31 12:29:15,ETH 5m DOWN,DOWN,5m,eth-5m-1774952700-down,0.99,1.0,180,1.8000,WIN,322.7,23.82,13.5474,0xb7f7726a80e52707f04ef4edbdc90447efa567ea099b952ba41eb4c2eed93979,82828722302606693025198868914300527540475205772989112845316155280910998963989,1774952700,2026-03-31 12:34:11,1.0
db6b4741,2026-03-31 12:34:39,ETH 5m DOWN,DOWN,5m,eth-5m-1774953000-down,0.99,1.0,180,1.8000,WIN,460.88,251.17,1.8349,0x0a6ee08f2334ede586321e9e2578db1ff14c40427c82547993b556be20f9e2d6,59460015137871752687875159717023426848984501762714423021858797080138773621136,1774953000,2026-03-31 12:39:11,1.0
cba0da27,2026-03-31 12:39:44,BTC 5m DOWN,DOWN,5m,btc-5m-1774953300-down,0.99,1.0,180,1.8000,WIN,1011.89,411.1,2.4614,0x42a8c2b6d4b64ac4085ba58e5ff3958f96448b75d1b746c3933bb53f4576432f,62198930941781566605382358388099188467509572088236192059242163314675122218997,1774953300,2026-03-31 12:46:12,1.0
c11fb20f,2026-03-31 12:39:49,ETH 5m DOWN,DOWN,5m,eth-5m-1774953300-down,0.99,1.0,180,1.8000,WIN,33.0,17.8,1.8539,0x52a5c5411c4a4123f3fd6b7adce753f90f7918c0562ce6bbe00d6595a1343a07,106897402134313125822537310335733921201882485488425094967537414621790983579628,1774953300,2026-03-31 12:44:11,1.0
ef7680d9,2026-03-31 12:42:32,BTC 15m DOWN,DOWN,15m,btc-15m-1774953000-down,0.99,1.0,180,1.8000,WIN,2024.42,1335.61,1.5157,0x7b6bc29f82c1f024901244bc6465bfdffd599b079751ffe56333c62eb825a009,100546998531551502223655968850598035315334739416326897484308923051923974875569,1774953000,2026-03-31 12:49:11,1.0
6106c239,2026-03-31 12:42:41,ETH 15m DOWN,DOWN,15m,eth-15m-1774953000-down,0.99,1.0,180,1.8000,WIN,150.26,19.89,7.5546,0x074dc0b191a621c96ddeb8b074b550e7ce2f130296407fddcc3f5702ee1aab32,70427682795338712323757543730817166589334168026367357152516499880073593768734,1774953000,2026-03-31 12:49:11,1.0
fe25948d,2026-03-31 12:48:53,ETH 5m UP,UP,5m,eth-5m-1774953900-up,0.99,1.0,180,1.8000,WIN,876.85,558.57,1.5698,0x45667dfc8332d9f03dc770b05ad84ac47d020d24b6fa1488f8b92f7316e10672,80141177860685104658275477142103582989940716963818945067347599954054191760426,1774953900,2026-03-31 12:54:11,1.0
70f3af6e,2026-03-31 12:58:04,ETH 5m DOWN,DOWN,5m,eth-5m-1774954500-down,0.99,1.0,180,1.8000,WIN,784.43,517.18,1.5167,0x64cdc6c4926a3ff8feac7a7e1b2b8feaafd4d26ea0ca87bd63a8d6f1019c0c71,16018602934568843936923511875896256343871214694697501620096697204889892052984,1774954500,2026-03-31 13:04:11,1.0
d712664d,2026-03-31 13:04:45,ETH 5m UP,UP,5m,eth-5m-1774954800-up,0.99,1.0,180,1.8000,WIN,448.5,50.42,8.8953,0x51a6f8a684e347b2f3fa5a7139116b53bc7ef53dd14bbc35b384a43aeda13adc,93110273867878657185219471476890977978604344742728938487219147229712040512776,1774954800,2026-03-31 13:09:11,1.0
44406bba,2026-03-31 13:07:52,ETH 5m DOWN,DOWN,5m,eth-5m-1774955100-down,0.99,1.0,180,1.8000,WIN,434.71,62.91,6.9100,0xfe712a991f522d8812c19f95bb5e20ebae8929478bc1453a7cf5b4c29e199d42,17469725528747149212385834683778183126880244193000409007825860319118643025985,1774955100,2026-03-31 13:14:11,1.0
db53b9a5,2026-03-31 13:12:38,ETH 5m UP,UP,5m,eth-5m-1774955400-up,0.99,1.0,180,1.8000,WIN,186.03,117.52,1.5830,0x9246188431fa4041c7183218b2ac4148d5207dab69829b348f0cc33358b6f331,27752306776805888767995389476474386856265847324804650012126359014918343372125,1774955400,2026-03-31 13:19:11,1.0
8ea209f2,2026-03-31 13:13:29,ETH 15m UP,UP,15m,eth-15m-1774954800-up,0.99,1.0,180,1.8000,WIN,221.0,123.41,1.7908,0x0b8a2a7f7db0f8c6783e8b0c83cd7a491ab55b98251b6524b4440dbfb5b48a17,13541598944726749656442806707154700257171046041087255807247756037933310752193,1774954800,2026-03-31 13:19:11,1.0
efd1e47c,2026-03-31 13:13:42,BTC 15m UP,UP,15m,btc-15m-1774954800-up,0.99,1.0,180,1.8000,WIN,1425.59,886.58,1.6080,0xf36fbbe3e848a713f36e2fc4488ff31bb18988cd6a202fdba611f4c85631c4f1,79575701740059880658763755043279325019059332558630004863432143517285611483323,1774954800,2026-03-31 13:19:11,1.0
aa43e249,2026-03-31 13:18:03,BTC 5m UP,UP,5m,btc-5m-1774955700-up,0.99,1.0,180,1.8000,WIN,5995.67,3508.41,1.7089,0xaf93699621764b93be71ea941e3c7be76c2cfc93fbccacedb3106035bfef65c6,18749954703187783815589355067292566608597979474837620209951568781103318962872,1774955700,2026-03-31 13:24:11,1.0
d82a5a27,2026-03-31 13:18:34,ETH 5m UP,UP,5m,eth-5m-1774955700-up,0.99,1.0,180,1.8000,WIN,390.21,116.04,3.3627,0xfac74bc8a03843a3e9403a63251c0630f9145be93379a8e0d8da680cf5712db0,88208569299684306321585427919957970624130135906549678669069234912488829572497,1774955700,2026-03-31 13:26:11,1.0
0dbe45ac,2026-03-31 13:24:55,ETH 5m UP,UP,5m,eth-5m-1774956000-up,0.99,1.0,180,1.8000,WIN,325.91,189.75,1.7176,0xa37a5cd101225cd1cf04a6ab96b4a996c01e2bb5d80bdfcda6a27a6b7f3e5ef7,109048522158608363299501745414778016955442000306539629727107228951724843011579,1774956000,2026-03-31 13:29:11,1.0
74a1c674,2026-03-31 13:29:12,BTC 15m UP,UP,15m,btc-15m-1774955700-up,0.99,1.0,180,1.8000,WIN,755.61,283.94,2.6612,0xc3e7fca823d33a8542af69e2381c4fdc748ec1c605a619f87196ba1cf5e08b46,64144246634376101250310332573409716394696341206081770883803910279861472566499,1774955700,2026-03-31 13:34:11,1.0
eab4f03b,2026-03-31 13:39:03,ETH 5m UP,UP,5m,eth-5m-1774956900-up,0.99,1.0,180,1.8000,WIN,348.56,91.74,3.7994,0x4fc9554e1f2797bf811ad4f54258e4e691d4d59de8d95a902e176fc6761f98f3,76403838514799871593710027724178809177845078979213144676703123122040766732788,1774956900,2026-03-31 13:44:11,1.0
2f46c9cb,2026-03-31 13:40:43,BTC 15m UP,UP,15m,btc-15m-1774956600-up,0.99,1.0,180,1.8000,WIN,1976.39,1113.41,1.7751,0xee7a15b5ac8878078e12564276e5714fcde234789d9a89993cf104d4da04e332,91734275231689608162507109784099721555713294506390702313749533984153173446019,1774956600,2026-03-31 13:49:11,1.0
51efd50b,2026-03-31 13:43:28,ETH 15m UP,UP,15m,eth-15m-1774956600-up,0.99,1.0,180,1.8000,WIN,1272.69,388.14,3.2789,0xe71ead207984d7b9c47dcca06de7692d1c2755ae02a36ac158266fa5a6e6379f,94617212232757086930449788830285373407943958254642275371742215451466433617986,1774956600,2026-03-31 13:49:11,1.0
79521f1c,2026-03-31 13:44:27,BTC 5m DOWN,DOWN,5m,btc-5m-1774957200-down,0.99,1.0,180,1.8000,WIN,2405.02,1279.11,1.8802,0x764301933be87f9d310a3955e30fd0c0eab88d61e89ff9f572f4ac112a8ad0f5,11004788192694062271680592007583024296376785711185228607122258754955397120326,1774957200,2026-03-31 13:49:11,1.0
83c51932,2026-03-31 13:48:22,BTC 5m DOWN,DOWN,5m,btc-5m-1774957500-down,0.99,1.0,180,1.8000,WIN,1872.81,1218.89,1.5365,0x6b8c6c61a0a95478495b06333eb5c2cc28d8437fe2c32ccd0a41b213fc177974,113319035851724680210297602498680327799034494470350962140782622037902850663429,1774957500,2026-03-31 13:54:10,1.0
d0c04a81,2026-03-31 13:54:59,BTC 5m DOWN,DOWN,5m,btc-5m-1774957800-down,0.99,1.0,180,1.8000,WIN,1027.83,288.31,3.5650,0x218d71e8f4e9abb5368c16f9ff60f3bf243c59ad79ed80fb8ebf3aa3d6f726bf,9983602408474174073023429825402945733335784429441909802209013919020812200053,1774957800,2026-03-31 13:59:11,1.0
37f4049d,2026-03-31 13:58:00,BTC 15m DOWN,DOWN,15m,btc-15m-1774957500-down,0.99,1.0,180,1.8000,WIN,1043.11,403.81,2.5832,0x1609c4fe5ef5752d3b18c0adc5d674cb46f4b39117fa60e746a4ac8c71ad42f3,30567663765061661606647231339377969437546453966666451016387974164631133729175,1774957500,2026-03-31 14:06:11,1.0
d39d4fe4,2026-03-31 13:58:13,ETH 15m DOWN,DOWN,15m,eth-15m-1774957500-down,0.99,1.0,180,1.8000,WIN,93.0,45.0,2.0667,0x5d95fe08d11154e9b11bed4c411915d0658f2c3c47f8d81d526cca8e67fe9422,106626623331058897596567435441162037444665837542497461626227000269525603412838,1774957500,2026-03-31 14:04:11,1.0
ab9fa5c7,2026-03-31 13:58:54,ETH 5m UP,UP,5m,eth-5m-1774958100-up,0.99,1.0,180,1.8000,WIN,464.03,146.8,3.1610,0x9f5c929630e8715ddf5dab6e60339e31fb4e72b3786f6acdb105f63ba2ef2215,16801310396411608650075884694953599326099703914542123973729210529834666175608,1774958100,2026-03-31 14:04:11,1.0
92600c6f,2026-03-31 14:04:23,BTC 5m UP,UP,5m,btc-5m-1774958400-up,0.99,1.0,180,1.8000,WIN,1850.32,1210.11,1.5291,0xf9df2b45818099534baec67f51036f07ca3e78a2fd6cffd12adea8fb1df56744,63233668334978890646000622724404045825555209568061003742769522076967360602279,1774958400,2026-03-31 14:09:11,1.0
e08731ad,2026-03-31 14:13:26,BTC 5m DOWN,DOWN,5m,btc-5m-1774959000-down,0.99,1.0,180,1.8000,WIN,3698.95,2387.05,1.5496,0x954ed83cb8355b01345dd7eaea0b48a4a96a4413c34c28b6b41f68e0f72c9ecd,1374136973264006563846954421744351082630550042186361615635044136543846168884,1774959000,2026-03-31 14:19:11,1.0
b66f16fd,2026-03-31 14:14:03,BTC 15m DOWN,DOWN,15m,btc-15m-1774958400-down,0.99,1.0,180,1.8000,WIN,1764.23,1173.84,1.5030,0xb8e1312233da1266d9d7eebf7876e7f79c8d852035d73a06e9af68f97375905d,88290455048559612736157787336378806977580678961230948572884710866235742039167,1774958400,2026-03-31 14:19:11,1.0
69d2b622,2026-03-31 14:14:09,ETH 15m DOWN,DOWN,15m,eth-15m-1774958400-down,0.99,1.0,180,1.8000,WIN,802.0,66.0,12.1515,0xcb915014c938a448e3416f78b36854692f0615e341a4269734a46c499879bf33,98982183812317225494330432944112170310855043145950760561918677189781456387258,1774958400,2026-03-31 14:19:12,1.0
3adb12ec,2026-03-31 14:19:12,BTC 5m UP,UP,5m,btc-5m-1774959300-up,0.99,1.0,180,1.8000,WIN,2271.96,1477.31,1.5379,0x929f82ca23a5f6e14fc1cea3b1d82e3793453b98fd998dd05be58bd6ab52d9d2,68634801055339764403475125039308586784206532269178314016803357942374603174702,1774959300,2026-03-31 14:22:10,1.0
65c2c234,2026-03-31 14:24:46,ETH 5m DOWN,DOWN,5m,eth-5m-1774959600-down,0.99,1.0,180,1.8000,WIN,499.34,331.64,1.5057,0x9bf41eeec8d0a94c2721bddd0f292c1328e14c1d309e8f1d31ebf2fe44bfd85f,109974598668922583159851590119201577077842552109424378954335806107719211548795,1774959600,2026-03-31 14:31:11,1.0
81c07646,2026-03-31 14:27:28,BTC 15m UP,UP,15m,btc-15m-1774959300-up,0.99,1.0,180,1.8000,WIN,1296.92,119.92,10.8149,0x04890110bf0fb423fe368de561f39b04e75f096fa776b642dd1e882e12326bcd,109475548025939837149042021484854767191660800343332916855449118902760709548890,1774959300,2026-03-31 14:34:11,1.0
3f41e56d,2026-03-31 14:34:52,BTC 5m DOWN,DOWN,5m,btc-5m-1774960200-down,0.99,1.0,180,1.8000,WIN,1491.0,705.37,2.1138,0x3ab18fee7c6336c2955440d1237ae08db7e370cd23fd6345bb4fbceca809bddc,112648807502988988043629636350833849576752532014270518051968769479125254105752,1774960200,2026-03-31 14:39:11,1.0
cb2bf31b,2026-03-31 14:38:05,ETH 5m UP,UP,5m,eth-5m-1774960500-up,0.99,1.0,180,1.8000,WIN,456.0,296.56,1.5376,0x67f131989fcb5c853e1abdc2b954be04672d122b89a39b27be3fdd435de1927b,15913667453870562711771200972784471576974020975866676174634568950590852202036,1774960500,2026-03-31 14:44:12,1.0
487ac7c1,2026-03-31 14:38:10,BTC 5m UP,UP,5m,btc-5m-1774960500-up,0.99,1.0,180,1.8000,WIN,3959.0,403.0,9.8238,0xd48ab81ed3789bca5d5a2dda20088ddcd8ae5b951c611d80dd6a83e220cd3679,105014112781915494264679920784523760384788471596942659830929415679197318119872,1774960500,2026-03-31 14:44:11,1.0
73cdc29b,2026-03-31 14:43:29,ETH 15m UP,UP,15m,eth-15m-1774960200-up,0.99,1.0,180,1.8000,WIN,877.17,397.63,2.2060,0xa6fabfd00c87dfb9a7ac82b82088c5d2a9fdd76f217172f226b63da29bd263a6,22372144454048901938542470003813009130278431640664669750340273075391910841164,1774960200,2026-03-31 14:49:11,1.0
b016401f,2026-03-31 14:44:59,BTC 5m DOWN,DOWN,5m,btc-5m-1774960800-down,0.99,1.0,180,1.8000,WIN,510.2,130.23,3.9177,0xc4a0446e0e43644eac68f78b9d28219f007051671a83c8189019713d44759d79,28037106800375513041675200931728559490720600069732716972218220381675128309821,1774960800,2026-03-31 14:49:11,1.0
63a7c183,2026-03-31 14:48:16,ETH 5m DOWN,DOWN,5m,eth-5m-1774961100-down,0.99,1.0,180,1.8000,WIN,492.04,189.05,2.6027,0x17a43f1ab4fd0112cbe935852a5fa5fc8d55dfb27fdcdb9df093140e2d8c577b,99945414562361365858226470213207240587179765496697548445183623783461613342843,1774961100,2026-03-31 14:54:10,1.0
f8d336b5,2026-03-31 14:55:01,ETH 15m DOWN,DOWN,15m,eth-15m-1774961100-down,0.99,1.0,180,1.8000,WIN,721.25,441.61,1.6332,0x1696eaf80fccb620a5334901c3548ccc52fe164fbe42f4d637a7c4b6d53af344,87515119569996949831574202135836886055722500190981988491525362578530257875240,1774961100,2026-03-31 15:04:11,1.0
578483f8,2026-03-31 15:04:23,ETH 5m UP,UP,5m,eth-5m-1774962000-up,0.99,1.0,180,1.8000,WIN,572.04,326.9,1.7499,0xe1a30836154e5a973fbc0c690016bf4d1076d85cff943c5a40b38e459a1f2edd,12800602387340988422554514639654547319259175854345494950834264720944468860436,1774962000,2026-03-31 15:09:11,1.0
37685b8e,2026-03-31 15:09:15,BTC 5m UP,UP,5m,btc-5m-1774962300-up,0.99,1.0,180,1.8000,WIN,3582.29,2307.93,1.5522,0x4ff05bd8275370a978a96afd3d31bf4a4fcca23672d28a5d045d3bce5caac199,2739808691186766541879421517154649131300125082349666898154252878692298863705,1774962300,2026-03-31 15:14:11,1.0
f99cc199,2026-03-31 15:09:15,ETH 5m UP,UP,5m,eth-5m-1774962300-up,0.99,1.0,180,1.8000,WIN,1052.98,680.98,1.5463,0x8a845ede9df22d8d7dcd95454945cfff4706c35005bef96468104b3d799fe899,102135363755109836562626033576069171854686258013048811637478876095417404394618,1774962300,2026-03-31 15:16:11,1.0
31af6fea,2026-03-31 15:09:49,ETH 15m UP,UP,15m,eth-15m-1774962000-up,0.99,1.0,180,1.8000,WIN,929.61,114.1,8.1473,0x80502c6e4437f9feae2f0c385bfd72a0e11d5816a72eda872a330aee078faec1,16649233434517028853079685507140584269944910417366872279720471552799297680554,1774962000,2026-03-31 15:19:11,1.0
57a34fb6,2026-03-31 15:10:16,BTC 15m UP,UP,15m,btc-15m-1774962000-up,0.99,1.0,180,1.8000,WIN,8916.63,3691.67,2.4153,0xa480a6460056029a02fa83262a3534d3de78267ed727a972f425eb9a35eab1d2,97544435707920678659564178384276411029815251057096179511700104329187262171317,1774962000,2026-03-31 15:19:11,1.0
e3b90ff4,2026-03-31 15:14:10,ETH 5m UP,UP,5m,eth-5m-1774962600-up,0.99,1.0,180,1.8000,WIN,736.14,389.49,1.8900,0x6062316bb9d3367b9a3589c7f67e873a3b410603eabcb602c30fbd1365e04ac6,52264216045459046865713300481045968458901315740822097037225567325565839937377,1774962600,2026-03-31 15:19:11,1.0
20a334bb,2026-03-31 15:19:54,BTC 5m DOWN,DOWN,5m,btc-5m-1774962900-down,0.99,1.0,180,1.8000,WIN,1315.84,735.49,1.7891,0xa0e15acdc0d7721256cfa9f19916d0cde395245882220a2765557c4153bb6136,22813869235594005699773559123869164325640248018494844042789077505209903416277,1774962900,2026-03-31 15:24:11,1.0
51f9552f,2026-03-31 15:19:54,ETH 5m DOWN,DOWN,5m,eth-5m-1774962900-down,0.99,1.0,180,1.8000,WIN,325.52,134.16,2.4264,0x4ae3505b20ee9d66ed2e4aeab361e1e6c06c0b86d1674b135cce7ed28f65261e,11029545137460068566985253380358535982887335372828278850677777115774779968184,1774962900,2026-03-31 15:26:11,1.0
46666403,2026-03-31 15:24:57,BTC 5m UP,UP,5m,btc-5m-1774963200-up,0.99,1.0,180,1.8000,WIN,324.08,110.09,2.9438,0x5897902614b3aa1f2886d00fd73c33c2443505e811acf03d6c36c0d675cacfcd,1927210982761406127607737871715424868800509169960034141018918320078843744409,1774963200,2026-03-31 15:29:11,1.0
7006a972,2026-03-31 15:29:01,ETH 15m DOWN,DOWN,15m,eth-15m-1774962900-down,0.99,1.0,180,1.8000,WIN,167.0,64.8,2.5772,0x26bcfd83e78ab5fbe52e407feb95b45ee63cda8a93d0df9bb7ce52b27627a423,78691188794736904479402534674689711790648528289902645198338424518703028052115,1774962900,2026-03-31 15:34:11,1.0
f8e1c506,2026-03-31 15:34:39,ETH 5m UP,UP,5m,eth-5m-1774963800-up,0.99,1.0,180,1.8000,WIN,362.66,221.19,1.6396,0xbe0e89c0b28d5f90bd5fc81166cfa233577ef5a97657bee46de86e9f2b22b6e0,13175750394953358095763093599143526488013773234808944057228244766911557624486,1774963800,2026-03-31 15:39:11,1.0
3a55283c,2026-03-31 15:34:44,BTC 5m UP,UP,5m,btc-5m-1774963800-up,0.99,1.0,180,1.8000,WIN,2247.77,1494.72,1.5038,0x87a4fcc2c9219ef110b867da4528a344a4e337557a085c45be77b65e2c19adf2,50302472886427820059112255771895178668309009370098655005939052405563837176901,1774963800,2026-03-31 15:39:11,1.0
95426430,2026-03-31 15:39:48,BTC 5m UP,UP,5m,btc-5m-1774964100-up,0.99,1.0,180,1.8000,WIN,2295.97,1446.36,1.5874,0xbe326a1682fa2c4dc2b45455c949c3530c2c1009ef7ab4bd3fcc4066fbc90ff0,63704219344515357336805818143353768689233842793816905170294911714148221222162,1774964100,2026-03-31 15:46:11,1.0
8d9f7792,2026-03-31 15:40:43,BTC 15m UP,UP,15m,btc-15m-1774963800-up,0.99,1.0,180,1.8000,WIN,5204.43,3212.81,1.6199,0x3f11474be985c664bffe0d153023ea30a45b66da0e9a3a9a8354927be855003f,69674961437900066547672062895199444678848909539300934217828680370991749945994,1774963800,2026-03-31 15:51:12,1.0
be5fbf09,2026-03-31 15:43:51,BTC 5m UP,UP,5m,btc-5m-1774964400-up,0.99,0.0,180,-178.2000,LOSS,3044.87,274.39,11.0969,0xa144e3089db7b922067381a18e8c9bc46c386f9d554472e27d4c1e14bd297455,75961965272380707414714439569417248126933148379343055709694485041528340871295,1774964400,2026-03-31 15:49:12,0.0
8cbb79f3,2026-03-31 15:44:37,ETH 5m DOWN,DOWN,5m,eth-5m-1774964400-down,0.99,1.0,180,1.8000,WIN,448.94,84.48,5.3142,0xc4405d5b3be4708ef63826fd5f70cd79e2601f0983b7153608df64ccbcee14c3,52832957818813509649425987986468933207947764069896938595677748773292962653114,1774964400,2026-03-31 15:49:12,1.0
af1327c8,2026-03-31 15:47:24,BTC 5m UP,UP,5m,btc-5m-1774964700-up,0.99,1.0,180,1.8000,WIN,5946.24,3542.35,1.6786,0x1445d1b07bc6d55927fff11fc8a14c761c9af864cc65dc5995691130ea288566,93775627250369675279658428696211891906312366314150136901297219123780586851816,1774964700,2026-03-31 15:56:11,1.0
54596b68,2026-03-31 15:47:53,ETH 5m UP,UP,5m,eth-5m-1774964700-up,0.99,1.0,180,1.8000,WIN,1315.4,748.0,1.7586,0xf9109537a7fbabb39cb40201dd3478c034e242c641c60656bd9a73cb79994f18,26031160277560514692943586818685322776957983428034954901824304817238859536887,1774964700,2026-03-31 15:56:11,1.0
904fc969,2026-03-31 15:54:16,ETH 5m UP,UP,5m,eth-5m-1774965000-up,0.99,1.0,180,1.8000,WIN,600.01,396.25,1.5142,0x81cb6f6620ccb11a92d2b265e3053451f808bab62067e15f0e50bc51ae047c76,109149105425892296398127060715604748038968791939604463504999242930201721172803,1774965000,2026-03-31 15:59:12,1.0
1fc89907,2026-03-31 15:54:23,ETH 15m UP,UP,15m,eth-15m-1774964700-up,0.99,,180,,,1592.57,137.0,11.6246,0x977bf86d1ed97199b8e7357eab73aea845c71389c6ce08272718cc225388f275,32968281424146270323632635915897967034159590451054868934472311911089527478822,1774964700,,
00b1af79,2026-03-31 15:54:31,BTC 15m UP,UP,15m,btc-15m-1774964700-up,0.99,,180,,,3970.18,2501.56,1.5871,0x9399d9711133e992a8ca21b14f2d992f7e64abdca52525769cf2c5f07e621766,14540173789142266380028889677168614578720674254838520824296996699689422725646,1774964700,,
b1ac6a1f,2026-03-31 15:59:17,ETH 5m DOWN,DOWN,5m,eth-5m-1774965300-down,0.99,,180,,,187.33,39.9,4.6950,0x1867adf55f933b5741ce68ab374540b43dbb240c99645bc35575fb9f42288261,101786354048483008638731229405673007857885689279475245338112994475568803531313,1774965300,,
8d99d363,2026-03-31 16:08:58,BTC 5m DOWN,DOWN,5m,btc-5m-1774965900-down,0.99,1.0,200,2.0000,WIN,4730.29,640.01,7.3910,0x6ecebdd683832d21444d92dee79329d69bf4be5290c3797a9ca6a7221fb9e759,92568616211303532928631113317655030191224472539834362342320421686277566716279,1774965900,2026-03-31 16:16:12,1.0
d9985b16,2026-03-31 16:09:40,ETH 5m DOWN,DOWN,5m,eth-5m-1774965900-down,0.99,1.0,200,2.0000,WIN,1048.0,162.18,6.4620,0x353f14426f0a9db49ee8703ec191645ca584dc7c72a07f40a15e0142152c3974,57574709319565829393545348180322769557123062134522920703731099568428505275938,1774965900,2026-03-31 16:16:12,1.0
d5143f1b,2026-03-31 16:13:27,ETH 5m UP,UP,5m,eth-5m-1774966200-up,0.99,1.0,200,2.0000,WIN,769.65,503.73,1.5279,0x032ea360604113a7e0fd48ff464e2859e77610002e6d0fc72d72bd1495cb224e,194408286681181846702842986940839036309796339282471953881588474248912314111,1774966200,2026-03-31 16:19:12,1.0
da030352,2026-03-31 16:18:19,BTC 5m UP,UP,5m,btc-5m-1774966500-up,0.99,1.0,200,2.0000,WIN,5080.29,3160.99,1.6072,0xe8bdd83af124c83388b3884cb2d1e461d4e4300f50096d413c6ea68bf2dfde8d,29142253130681193513239179673470746955995920785341502661860097449898321801830,1774966500,2026-03-31 16:26:11,1.0
5a61489d,2026-03-31 16:18:36,ETH 5m UP,UP,5m,eth-5m-1774966500-up,0.99,1.0,200,2.0000,WIN,669.75,95.0,7.0500,0xc7a8fb41326270f723e7b57fd4ef44963ddb99233fdec48f926633cc8457b36a,23794314579938764427768992946092063602772126912265270808976620280937445796374,1774966500,2026-03-31 16:24:11,1.0
862dd367,2026-03-31 16:24:46,ETH 5m DOWN,DOWN,5m,eth-5m-1774966800-down,0.99,1.0,200,2.0000,WIN,866.1,556.53,1.5563,0xd158bbca91254eaf075abce36be9174555736367cb9b15a6f3d084fc58b4939f,33291065585178575586290024272797786577049925398292026346266365614224017910594,1774966800,2026-03-31 16:31:11,1.0
54538702,2026-03-31 16:24:46,BTC 5m DOWN,DOWN,5m,btc-5m-1774966800-down,0.99,1.0,200,2.0000,WIN,1884.15,993.9,1.8957,0x4afcc5953262fae722b5504c162517b397e4d3da1667cf777f32b35b148bc5ca,86190106061816224492682718142027116460679188263667683796018545179685441645693,1774966800,2026-03-31 16:31:11,1.0
781d00d7,2026-03-31 16:26:19,BTC 15m UP,UP,15m,btc-15m-1774966500-up,0.99,1.0,200,2.0000,WIN,1020.08,214.96,4.7454,0xb0df1646df2b815459b9c821bd192f32bc47d0a96b37e30f9b7230257fdf6416,2983157458231411766985141165444939640722702849440988165918440118805667258746,1774966500,2026-03-31 16:34:11,1.0
77d6d01d,2026-03-31 16:28:38,ETH 15m UP,UP,15m,eth-15m-1774966500-up,0.99,1.0,200,2.0000,WIN,186.12,105.0,1.7726,0xb200908c7ee71d123ad408f0519a682c261cc8d8b8e447ea2ebe3f1af80edf98,97834235190230262497520793388953459047752477119962965132034223036723127975991,1774966500,2026-03-31 16:34:11,1.0
5a7b851a,2026-03-31 16:29:51,ETH 5m UP,UP,5m,eth-5m-1774967100-up,0.99,1.0,200,2.0000,WIN,115.0,74.09,1.5522,0x5a8af5e2f93c0de1b312b0617b36b8f21f63d844ad7cc9b80cd5eec9a3de382c,106453502314395566513619887340482349156830745390918530313370007303590944628856,1774967100,2026-03-31 16:34:11,1.0
ab5c4bf8,2026-03-31 16:33:44,BTC 5m DOWN,DOWN,5m,btc-5m-1774967400-down,0.99,1.0,200,2.0000,WIN,3275.54,561.26,5.8360,0x34c55444f7aebd349e3400ffd929b263896915e57a38a70b40a28415c4bea4fd,85349120165376014621897800846506315451884089861372318589549291193906500324642,1774967400,2026-03-31 16:39:11,1.0
31395716,2026-03-31 16:34:11,ETH 5m DOWN,DOWN,5m,eth-5m-1774967400-down,0.99,1.0,200,2.0000,WIN,1109.39,710.98,1.5604,0x27939567edbba707096e6ef5617486549738ed8cdd4bb2c8b92afaae9a523dc3,114290023556694993767468604023217497973470015159497285024891235178702917206652,1774967400,2026-03-31 16:39:11,1.0
d034f20e,2026-03-31 16:37:39,ETH 15m DOWN,DOWN,15m,eth-15m-1774967400-down,0.99,1.0,200,2.0000,WIN,2547.3,1588.07,1.6040,0x5dc425e7ee7681e7cd8f342aa15954ae7f45070302233ef4e1aed54fe2b383da,92200355697182334403069497669291405826118585527884950882821993948808216555097,1774967400,2026-03-31 16:49:11,1.0
a49cb655,2026-03-31 16:38:39,BTC 5m DOWN,DOWN,5m,btc-5m-1774967700-down,0.99,1.0,200,2.0000,WIN,4252.67,2544.2,1.6715,0x59a6fbc968c4f6d37d5297e07e89bf438a5a31d7770912e0ac22e0ef82e89e32,9288112087212118517739429654642817574647432324606208751336462362628004063121,1774967700,2026-03-31 16:42:11,1.0
ba4cf67e,2026-03-31 16:38:41,ETH 5m DOWN,DOWN,5m,eth-5m-1774967700-down,0.99,1.0,200,2.0000,WIN,455.55,246.22,1.8502,0x2ab10b62ac1582bf6856b48eb04066940c6fa408a74ca7641d73aea025dc9700,94045199839643774121306235383372918426640857508169605355711337911225896159151,1774967700,2026-03-31 16:46:12,1.0
b7ae10a3,2026-03-31 16:48:30,ETH 5m DOWN,DOWN,5m,eth-5m-1774968300-down,0.99,1.0,200,2.0000,WIN,285.0,159.19,1.7903,0xfadcd2eb83bf9d18f790623442053e20f2c728521f344a38b5793decd98e74fa,66949190009204012946731977538808446767230682111928037140555585278691051287184,1774968300,2026-03-31 16:54:11,1.0
fb109249,2026-03-31 16:48:53,BTC 5m DOWN,DOWN,5m,btc-5m-1774968300-down,0.99,1.0,200,2.0000,WIN,2935.61,454.84,6.4542,0xe3f5147ef39d8537f635293c48771a6cbd40bf443fcfb2948978fc3514b406f6,4804917340517526425697760460402387746118538039758813289608892038185791171597,1774968300,2026-03-31 16:52:11,1.0
0664b725,2026-03-31 16:51:31,ETH 15m DOWN,DOWN,15m,eth-15m-1774968300-down,0.99,1.0,200,2.0000,WIN,1549.38,952.21,1.6271,0xb2235674a133826b14da1b8035de1cfc6252d6bdfed1fd6a514dcfc422423731,112122101607320466968144710680474386896987711458168752312893031827710462352928,1774968300,2026-03-31 17:06:12,1.0
5a865f5d,2026-03-31 16:52:30,BTC 15m DOWN,DOWN,15m,btc-15m-1774968300-down,0.99,1.0,200,2.0000,WIN,2989.2,401.0,7.4544,0xa5c38f08bca841c3b191bbfa2a7646d239deafe343aeb55b490d5ef4db493c85,99660242126437597815421972378482802829137774050498090993818524520260013387876,1774968300,2026-03-31 17:04:11,1.0
141a3e01,2026-03-31 16:52:45,ETH 5m DOWN,DOWN,5m,eth-5m-1774968600-down,0.99,1.0,200,2.0000,WIN,122.0,43.97,2.7746,0xfb7f2d94fdbf7660cf86d446e27555c9df7f773a1e800433c32825914bd07745,32867808527946396284536996556985659210154801581001149306081967020564263080500,1774968600,2026-03-31 16:57:11,1.0
7288f876,2026-03-31 16:52:48,BTC 5m DOWN,DOWN,5m,btc-5m-1774968600-down,0.99,1.0,200,2.0000,WIN,769.11,72.91,10.5488,0x014931dcbfc15d4d9faeae4b7abcf7bb8d01bce938a5ba6d2014f0e4970b52c6,47561671462497021766826191816547790357559094650142824409625395135244898139238,1774968600,2026-03-31 16:57:11,1.0
4c361c83,2026-03-31 16:59:49,ETH 5m UP,UP,5m,eth-5m-1774968900-up,0.99,1.0,200,2.0000,WIN,95.57,53.43,1.7887,0x71cf07646b7319b9fc996db57d30ab672e220b1b19f99876de2ac3dd14936c76,39639547311903160179040668593484497599379310802772091565740413776891155064834,1774968900,2026-03-31 17:04:11,1.0
f0d749b2,2026-03-31 17:06:50,ETH 5m UP,UP,5m,eth-5m-1774969500-up,0.99,1.0,200,2.0000,WIN,1194.2,788.87,1.5138,0xf2edc7979c7ff04ef09046c63c3bb9f8dae9241e4546fa4d99d04079055d3a58,52642771941527996750432898044978693068533309777545021940600783666077955879589,1774969500,2026-03-31 17:14:11,1.0
e1c17903,2026-03-31 17:08:23,BTC 5m UP,UP,5m,btc-5m-1774969500-up,0.99,1.0,200,2.0000,WIN,2951.53,1614.68,1.8279,0x55c69687de3f7de2283dd5edf82c425f625b7cd10b8cf8f79059829eef745be2,61956337258956359251352260567386452038435494783178858936274080237936652382663,1774969500,2026-03-31 17:16:12,1.0
094861b9,2026-03-31 17:08:24,BTC 15m UP,UP,15m,btc-15m-1774969200-up,0.99,1.0,200,2.0000,WIN,11834.23,3946.33,2.9988,0x0abdf8f644a6ffd09f042e69787f395b266340969f44647f82c9d07cf1923eae,90640958557445028945895814792119638742286972280444049267865610133509516931206,1774969200,2026-03-31 17:21:11,1.0
c2a4348c,2026-03-31 17:12:14,ETH 5m UP,UP,5m,eth-5m-1774969800-up,0.99,1.0,200,2.0000,WIN,600.08,282.62,2.1233,0xbf3c756b622f98bd82b59db075a400b6076966cef6cd3a6010e2895dd54bfaf8,23368598683166423833661404392858294792047552355137719877579599264567187249695,1774969800,2026-03-31 17:21:11,1.0
b84591f4,2026-03-31 17:19:26,BTC 5m DOWN,DOWN,5m,btc-5m-1774970100-down,0.99,1.0,200,2.0000,WIN,3503.28,2313.22,1.5145,0x067f798b97fa3ddcef70ad91a97dff2e5c753e8ffacb82076db2abcce6348929,49434694963851649268284847721614821649292575388013832725317342407501724480076,1774970100,2026-03-31 17:24:11,1.0
7a702249,2026-03-31 17:19:27,ETH 5m DOWN,DOWN,5m,eth-5m-1774970100-down,0.99,1.0,200,2.0000,WIN,532.32,309.32,1.7209,0x7ed66f437ff96878c1e2173578376d4a50fbfe8b8f9a52fef7522ad472ae4448,36078615266856722313587055069723485988302260247578362509526155500299102525839,1774970100,2026-03-31 17:26:12,1.0
16be30b9,2026-03-31 17:24:23,BTC 5m UP,UP,5m,btc-5m-1774970400-up,0.99,1.0,200,2.0000,WIN,2957.79,1840.24,1.6073,0xeb8b8fe6f74cad3c7e2b60a383a668b0c7c0890512ca89e1429aca1c0630ae36,76417258898482706189262527120321725416858518109918669436059576362761733707706,1774970400,2026-03-31 17:29:11,1.0
269d56ca,2026-03-31 17:24:36,ETH 5m UP,UP,5m,eth-5m-1774970400-up,0.99,1.0,200,2.0000,WIN,1188.29,671.23,1.7703,0xb1d5fa419d8d42f58aae6dcdca086bf065bcf598a2502146bc02afa8e0c55339,100366414413734957326612913902034093451891227609494356523103730414737574575375,1774970400,2026-03-31 17:31:11,1.0
5fa5c429,2026-03-31 17:26:48,ETH 15m DOWN,DOWN,15m,eth-15m-1774970100-down,0.99,1.0,200,2.0000,WIN,414.87,147.02,2.8219,0xe090712a6b6365c2e086ccc4c9bccb13c948e031adc8b63e3a90b1e75bd608c5,84806192639350475321798855966989934677416635127888989574108626500887062881896,1774970100,2026-03-31 17:34:12,1.0
e4516250,2026-03-31 17:27:45,BTC 15m DOWN,DOWN,15m,btc-15m-1774970100-down,0.99,1.0,200,2.0000,WIN,5294.22,2923.56,1.8109,0x33df7616bb586ea0d66356cd5653c12e0d851065efa94bd9bdba5d70ad89dec5,85779175008926241077512970199212496423254735544535479368650234403659540900134,1774970100,2026-03-31 17:34:11,1.0
2c23e7cb,2026-03-31 17:27:51,BTC 5m DOWN,DOWN,5m,btc-5m-1774970700-down,0.99,1.0,200,2.0000,WIN,3181.14,241.0,13.1998,0x0fe827f961f7b1444bf30a0a7923653a2a6793672c9381d93c16eb3e513fad72,71957309891797781988182603570090077767831222521809388997063366780025075919453,1774970700,2026-03-31 17:34:12,1.0
0657b3d1,2026-03-31 17:39:55,BTC 5m UP,UP,5m,btc-5m-1774971300-up,0.99,1.0,200,2.0000,WIN,59.08,21.98,2.6879,0xf1f12bb7d0e5ebab2e4d0b0a169b033b42e457190a4658a50c530126b9e4b5d7,27626514629248753243523947792191091803632718684667334402886910656800006839232,1774971300,2026-03-31 17:44:11,1.0
3be6ca34,2026-03-31 17:44:19,ETH 5m DOWN,DOWN,5m,eth-5m-1774971600-down,0.99,1.0,200,2.0000,WIN,432.26,189.64,2.2794,0x4d3c94dbe3e1b3c8a3561b80fab1f2e9669a9583949af833f67a6129711ce55b,103064882173596881536673617290883830590602799393813284059064359425046960852663,1774971600,2026-03-31 17:49:11,1.0
91260be4,2026-03-31 17:44:23,ETH 15m DOWN,DOWN,15m,eth-15m-1774971000-down,0.99,1.0,200,2.0000,WIN,214.66,141.24,1.5198,0x2fa37322457c80f2ba17af84ef5e05492e470066c3217b53b16a5b1d81228b73,106502527031098605860250747246392406342326926364855479024505205437451711336835,1774971000,2026-03-31 17:49:11,1.0
41bd2703,2026-03-31 17:54:49,ETH 5m UP,UP,5m,eth-5m-1774972200-up,0.99,1.0,200,2.0000,WIN,1126.85,738.28,1.5263,0xbac823a806da5985cbc9b00df1e205df753bfe707f525e18fe3f8bbb7ec8002b,2974182423466632866053348479921462808141112424211163939712529472724875013896,1774972200,2026-03-31 18:01:11,1.0
1523ade2,2026-03-31 17:54:57,BTC 5m UP,UP,5m,btc-5m-1774972200-up,0.99,1.0,200,2.0000,WIN,855.28,558.89,1.5303,0xc512f30ecc9e9742840d362758168f008d3963e7d5b25cc5e7b55cc980ec02dd,3567647728102883932603734190995308296147736509838933070562777798308127680232,1774972200,2026-03-31 17:57:11,1.0
c38968bb,2026-03-31 17:58:09,BTC 15m DOWN,DOWN,15m,btc-15m-1774971900-down,0.99,1.0,200,2.0000,WIN,3316.31,1641.13,2.0207,0x251dd78a69fae05f46b4ad8b904bd94960497bde16f55104c733608600686e2b,62011363096667804204830061275937959687659519248895971996766515988721857021106,1774971900,2026-03-31 18:06:11,1.0
5ca02766,2026-03-31 17:58:09,ETH 5m DOWN,DOWN,5m,eth-5m-1774972500-down,0.99,1.0,200,2.0000,WIN,527.74,143.03,3.6897,0xf4da1d296635c9a1fc0e6192b60f602319369d8f83b53977d90a60ac73fb8e8a,81466566372178841713639928739978711318950325516349112535687420319421387134627,1774972500,2026-03-31 18:06:12,1.0
21bad87c,2026-03-31 18:08:07,ETH 5m UP,UP,5m,eth-5m-1774973100-up,0.99,1.0,200,2.0000,WIN,1255.41,175.91,7.1367,0x5aa84c5c421ba4fafe154dca4ee850a0ae15d0873d666d18be6247facceec9af,45262616711074989307249998550782173912006550853934699339690882755726109569610,1774973100,2026-03-31 18:16:11,1.0
a0373ac1,2026-03-31 18:10:06,ETH 15m UP,UP,15m,eth-15m-1774972800-up,0.99,1.0,200,2.0000,WIN,207.76,76.05,2.7319,0x8a79c12ef8e4632319ada0bbe368cc967082208c9f8ce79def35dab687d6b27b,22996695607549797301937212681565382239244014205722510569826685608338447890120,1774972800,2026-03-31 18:19:11,1.0
10cd40dc,2026-03-31 18:10:29,BTC 15m UP,UP,15m,btc-15m-1774972800-up,0.99,1.0,200,2.0000,WIN,1059.21,262.6,4.0335,0x779526dffc07719cf45d13b20a3020e5bcefdd8d7a3a68e0b6150a1cb9bea1eb,103019976334699873160966379161765105614360803701151350064501208875079722088457,1774972800,2026-03-31 18:19:11,1.0
e67a2fc3,2026-03-31 18:12:34,ETH 5m DOWN,DOWN,5m,eth-5m-1774973400-down,0.99,1.0,200,2.0000,WIN,466.87,169.16,2.7599,0x6ed15d36b46cb7876bb842b07487fe9f36c7a28017ba9376f4dde6d6b3632100,50412028512014260810355750038424109113095130316885601148144180514716738262180,1774973400,2026-03-31 18:19:12,1.0
cc472270,2026-03-31 18:12:58,BTC 5m DOWN,DOWN,5m,btc-5m-1774973400-down,0.99,1.0,200,2.0000,WIN,3921.12,398.03,9.8513,0xd274ee933939137dbba6be32b17f29a774a5c73a0be24e32af96fa9235125880,39267907656748470060782571647055868118122183933226058339255642830229555785528,1774973400,2026-03-31 18:19:12,1.0
f743204e,2026-03-31 18:19:14,BTC 5m UP,UP,5m,btc-5m-1774973700-up,0.99,1.0,200,2.0000,WIN,2197.05,600.56,3.6583,0x8eb4bc2b75cea41ec8f24b2a4bc10084f572a47bcdd5f2847707ea1573ecae61,62062301253886289170918289962699317665728258044287182366543430931453325728859,1774973700,2026-03-31 18:26:11,1.0
23a54502,2026-03-31 18:19:59,ETH 5m DOWN,DOWN,5m,eth-5m-1774973700-down,0.99,1.0,200,2.0000,WIN,86.3,55.09,1.5665,0xd357368eab20d9327ae7a393727af48c678fc6a06a33d80295f86433284dcb0c,111852083632009791136352971638531104313274194880216230359664432067702358372478,1774973700,2026-03-31 18:24:11,1.0
c13d7f62,2026-03-31 18:24:35,ETH 5m UP,UP,5m,eth-5m-1774974000-up,0.99,1.0,200,2.0000,WIN,287.76,104.0,2.7669,0x3ca0e2a2916fa244acb42793d67546f92cff359ea7b083cb01905871266c8531,98727968995036489801823225889646402117346990192424007606191680813011917678005,1774974000,2026-03-31 18:31:12,1.0
74757061,2026-03-31 18:24:56,BTC 15m UP,UP,15m,btc-15m-1774973700-up,0.99,1.0,200,2.0000,WIN,2570.11,211.98,12.1243,0x323c2fdb10d013083c656eada1f373458ee7e9c160a40b40affd820da110f4c2,103486726256929756741646659660771368204029237448620571463585787590349063750392,1774973700,2026-03-31 18:34:11,1.0
a9471ba5,2026-03-31 18:29:18,ETH 15m UP,UP,15m,eth-15m-1774973700-up,0.99,1.0,200,2.0000,WIN,1427.71,192.0,7.4360,0x8d4af7d9f2380ee3979938248337569031e0c17c4b96c275bdbd75393fed0e83,31506552262066070941622982063709077698539560943826729054415314287513338738073,1774973700,2026-03-31 18:36:12,1.0
56064e60,2026-03-31 18:29:25,ETH 5m DOWN,DOWN,5m,eth-5m-1774974300-down,0.99,1.0,200,2.0000,WIN,1320.34,730.36,1.8078,0x98e8cb7f71e9b4a782cf99e666293276d1551405679581fb8c83caad73bbebf5,58435108634935246685244373648563101421619957446727659362745020413835424221950,1774974300,2026-03-31 18:36:12,1.0
6e93adfd,2026-03-31 18:29:40,BTC 5m DOWN,DOWN,5m,btc-5m-1774974300-down,0.99,1.0,200,2.0000,WIN,1440.73,829.01,1.7379,0xa1adcebd7d604a2afce046525143997c3206752cc6d316938ef33fac078a93c0,66500080245311940506788667959687911583288692063897470921815253878044002732409,1774974300,2026-03-31 18:36:11,1.0
5bc40ea9,2026-03-31 18:34:45,ETH 5m DOWN,DOWN,5m,eth-5m-1774974600-down,0.99,1.0,200,2.0000,WIN,6.5,2.12,3.0660,0x62c371cea458401ad695cb3e3acc88fdd19f4cf59d3bca3585467b0c9674ab25,59166942737516128425987120926208224331484731413647016189524888868482279226916,1774974600,2026-03-31 18:39:11,1.0
eb0e716a,2026-03-31 18:34:55,BTC 5m DOWN,DOWN,5m,btc-5m-1774974600-down,0.99,1.0,200,2.0000,WIN,2995.99,1549.6,1.9334,0xf9e311ea116826cfe203d2d246abdf658e0ffe2220f3585e98f0f5e5a524fe0c,43289055194946661138835146685480338013164174752703469584899199608868935563821,1774974600,2026-03-31 18:39:11,1.0
1346c6e1,2026-03-31 18:38:23,ETH 5m UP,UP,5m,eth-5m-1774974900-up,0.99,1.0,200,2.0000,WIN,1876.93,719.83,2.6075,0x39b03d850f0f4df93038c112e69037e034a8610738b0945f0fd45d22b323653e,58591178643809636691804476407146988271275510371115005054446883763851236081731,1774974900,2026-03-31 18:46:11,1.0
a9ccb3f5,2026-03-31 18:38:26,BTC 5m UP,UP,5m,btc-5m-1774974900-up,0.99,1.0,200,2.0000,WIN,3399.82,2191.86,1.5511,0x9dd982548dac136bb3de078da5d709bf59ee1f8170173e332ce8d1f7b172a33d,99558487514805752455391935386645681207514094596343498200618110505107642392546,1774974900,2026-03-31 18:46:11,1.0
63e8c499,2026-03-31 18:40:01,ETH 15m UP,UP,15m,eth-15m-1774974600-up,0.99,1.0,200,2.0000,WIN,258.08,162.11,1.5920,0x7eb1d6552f4ed5a82faba6348729519ded06fd427641609e2a40f78eed174e7d,106387864135402210005297741864318860399208713561000752410093111902152111928539,1774974600,2026-03-31 18:49:11,1.0
cbf6629d,2026-03-31 18:41:30,ETH 5m UP,UP,5m,eth-5m-1774975200-up,0.99,1.0,200,2.0000,WIN,1430.03,943.94,1.5150,0x3ca5483b6a3589f049b04c8e9b582ce61e5d81ea1bd7ff76acfac50b46ef5f9e,97943256340390957965723353832324996845403140531499705559573811656134442557736,1774975200,2026-03-31 18:49:11,1.0
013ba658,2026-03-31 18:48:12,BTC 5m DOWN,DOWN,5m,btc-5m-1774975500-down,0.99,1.0,200,2.0000,WIN,4511.26,2613.59,1.7261,0x68591408402166a02ad076eeee17f609f061c863de812556fef61056e9e8614e,4049336464294792071629648932887047275937315543954859750229613765818609573798,1774975500,2026-03-31 18:54:11,1.0
ee0ee433,2026-03-31 18:54:38,ETH 5m DOWN,DOWN,5m,eth-5m-1774975800-down,0.99,1.0,200,2.0000,WIN,1019.48,671.15,1.5190,0x86e261eb934950a880c085c2e310f155b29f3612a28b078a93c8c5dc6c6ca6fe,28017864116276017761327088509049846299893411618802438206985770796422803933356,1774975800,2026-03-31 18:59:11,1.0
200c8f70,2026-03-31 18:54:52,BTC 5m DOWN,DOWN,5m,btc-5m-1774975800-down,0.99,1.0,200,2.0000,WIN,1629.21,1072.25,1.5194,0x80cca7a8453ba1dc05da0878aa5ef36995d5855f408cc9a987dcfa5eadd2463e,66091509674921971407227514952521456996907573303653223323107401767726760115252,1774975800,2026-03-31 19:01:11,1.0
02b7703f,2026-03-31 18:57:36,BTC 15m DOWN,DOWN,15m,btc-15m-1774975500-down,0.99,,200,,,2165.87,460.0,4.7084,0x211d118a37ab431590184876164331dea7729e63f2d71db4acd485e9e6ef5f1b,28492042264313489026353911552712416370582414125026641677379085449417776825424,1774975500,,
06bc1d46,2026-03-31 18:59:18,ETH 15m DOWN,DOWN,15m,eth-15m-1774975500-down,0.99,,200,,,640.0,324.8,1.9704,0xc9ad30e4bee482febb0ee8591a1a8dc4d3836bd235036ab78ab6a5c66f6c18a9,51048663899737981203327045681228613399205379801419801615358233410259003780363,1774975500,,
cb3100dc,2026-03-31 19:09:40,ETH 5m DOWN,DOWN,5m,eth-5m-1774976700-down,0.99,1.0,150,1.5000,WIN,1180.44,665.37,1.7741,0x386a8623ce98533ff86edd5df743d5fd9f8e398d58dbb67201a17ff33a0db3a2,25307675865406513742386706997337839695856487893782175787205013506944032665457,1774976700,2026-03-31 19:14:11,1.0
d2df4c44,2026-03-31 19:11:34,BTC 15m UP,UP,15m,btc-15m-1774976400-up,0.99,1.0,50,0.5000,WIN,2570.34,329.29,7.8057,0x0c6ab91c47725acf7e2598151e8decf58590f4a15bbd9b7472514d6ed6ed3216,78258120924534947203265987861260873546109276589810937928955559193262097877187,1774976400,2026-03-31 19:21:11,1.0
0876a115,2026-03-31 19:11:47,ETH 5m UP,UP,5m,eth-5m-1774977000-up,0.99,1.0,180,1.8000,WIN,66.0,25.2,2.6190,0xfb87c9116174ee4be4b455f38373580c0c3c1ad509a897ca3ee4b0a33afb7bf6,77822097768885242074929702051774559328331940717256098216097726693612595650165,1774977000,2026-03-31 19:21:12,1.0
8091609c,2026-03-31 19:12:26,BTC 5m UP,UP,5m,btc-5m-1774977000-up,0.99,1.0,230,2.3000,WIN,630.99,128.02,4.9288,0x72b0df4de6f95c95cbb90b53f1120cdf9b38ff99801ca66af03259d8723b2b5e,103857589123474129327795623785049334636123629325272272541660228773498227030508,1774977000,2026-03-31 19:19:12,1.0
2f988613,2026-03-31 19:13:02,ETH 15m UP,UP,15m,eth-15m-1774976400-up,0.99,1.0,200,2.0000,WIN,1933.29,1032.73,1.8720,0xe658cc846f5baf55ed018aba168dbd22ddea44310da5a9cb9b851abaa15e23af,39922244833329811545873451941006971940739911310060208415587165749852524885746,1774976400,2026-03-31 19:19:11,1.0
55d88f2f,2026-03-31 19:19:16,BTC 5m DOWN,DOWN,5m,btc-5m-1774977300-down,0.99,,230,,,2214.95,501.71,4.4148,0x230212cd42bcf043956e1d1b901fbf84884eab8509ed474f5bed8f763c1a0388,48146370336374970334806424652340397949441073438621880433346481246995626071088,1774977300,,
e7112cfc,2026-03-31 19:19:59,ETH 5m DOWN,DOWN,5m,eth-5m-1774977300-down,0.99,1.0,150,1.5000,WIN,92.0,46.58,1.9751,0x974a8f96cd64d42e1bb7462550c237f931628b11f02ee359bbec3e6ba6edaac6,112965263317243929641134948023992525767884522956662134815407255282148032711684,1774977300,2026-03-31 19:22:11,1.0
2912898e,2026-03-31 19:23:48,ETH 5m UP,UP,5m,eth-5m-1774977600-up,0.99,1.0,200,2.0000,WIN,252.8,135.84,1.8610,0xc975b15cde4035fffedc760636ea05623db4b15c1b7f6119d27376853809c03c,7136029971901277717477715448785374489606829059760748236751307624061270430112,1774977600,2026-03-31 19:29:10,1.0
06c5405d,2026-03-31 19:24:53,BTC 5m UP,UP,5m,btc-5m-1774977600-up,0.99,1.0,200,2.0000,WIN,2480.34,1560.53,1.5894,0x46f5705e1a6571a4f51e1d9f5e34e6592f43dfe80968360c1d9a52b91373e7fd,50205294059859448654520285111027258597747392246477953540129987094326504170831,1774977600,2026-03-31 19:31:12,1.0
6f931027,2026-03-31 19:26:19,BTC 15m DOWN,DOWN,15m,btc-15m-1774977300-down,0.99,1.0,200,2.0000,WIN,1183.71,655.85,1.8048,0x923791a30790bff5e4a51941d6f1627ce10cc1c5c7b30706d137ed5bfaeb2bf6,64742165542265998902772044316833093625682602087517197559719350924604189961571,1774977300,2026-03-31 19:34:11,1.0
0697992a,2026-03-31 19:28:07,ETH 5m DOWN,DOWN,5m,eth-5m-1774977900-down,0.99,1.0,200,2.0000,WIN,1615.58,625.16,2.5843,0xd73e759567b9594b168c1bd30becd78e8e22533b90590c7e98a695be8e87c3d3,40983980755426210193803602428334357034266894245659582803087297147448865561824,1774977900,2026-03-31 19:34:11,1.0
63fb4c05,2026-03-31 19:34:29,ETH 5m UP,UP,5m,eth-5m-1774978200-up,0.99,1.0,200,2.0000,WIN,1348.6,876.4,1.5388,0x0db5f9abefda003ab98675f8c8c8a2e2b64ea9e11cddf02a069600b0ab210a9e,16135712436357325457435554265348977080405412210323410122871970515191805894143,1774978200,2026-03-31 19:41:12,1.0
1c8f30e0,2026-03-31 19:37:22,ETH 5m DOWN,DOWN,5m,eth-5m-1774978500-down,0.99,1.0,200,2.0000,WIN,366.69,205.47,1.7846,0xa09976dc61ea8d7c6506c798ea094f06ee15f71eb065c9129d254df1ee2a68fc,107479220903212489734437715934284144543298868387350116000523936356037886463677,1774978500,2026-03-31 19:44:11,1.0
01421d99,2026-03-31 19:40:13,BTC 15m DOWN,DOWN,15m,btc-15m-1774978200-down,0.99,1.0,200,2.0000,WIN,344.83,65.97,5.2271,0x5f5df3a51553a3b99eb0caf16095ff9361914d6711f28c306381971202b317ed,56402010880981709810722936227689337498126052482119482060850791323960517976888,1774978200,2026-03-31 19:51:11,1.0
5fcfb72a,2026-03-31 19:42:32,ETH 15m DOWN,DOWN,15m,eth-15m-1774978200-down,0.99,1.0,200,2.0000,WIN,417.28,98.98,4.2158,0x0e26f34678fb9efd96eb5e7af916d913953c06ecbda4c15d02a69f48f6a985b0,103535328016615934650497701159079729823399943041494175460858312822087932268247,1774978200,2026-03-31 19:51:11,1.0
67725af9,2026-03-31 19:49:57,BTC 5m DOWN,DOWN,5m,btc-5m-1774979100-down,0.99,1.0,200,2.0000,WIN,175.49,59.0,2.9744,0x1ec0d64de4ebeef8e9196acedb64a3f2de7987398081d42f92a101ff9022b659,102059485370909757101054260659438042570363024226300476995264852183742422203883,1774979100,2026-03-31 19:56:11,1.0
041d884f,2026-03-31 19:54:51,ETH 5m DOWN,DOWN,5m,eth-5m-1774979400-down,0.99,1.0,200,2.0000,WIN,94.13,44.61,2.1101,0x8db281ef609f560268338ba07c287aeaae3cca8d59811d5ce190f7634c3834ea,86832294401341246581585409022172421916115769855002747384449095009883019385072,1774979400,2026-03-31 19:57:10,1.0
4ba73747,2026-03-31 19:54:53,BTC 5m DOWN,DOWN,5m,btc-5m-1774979400-down,0.99,1.0,200,2.0000,WIN,2814.78,1861.39,1.5122,0xfb7e224fef8f02f02f839bbb4f5a98dc8d26eb2ec18c82e1e62659bba80466e4,53411941253175635154267760516396263307622519513756489725074410449671400513303,1774979400,2026-03-31 19:59:11,1.0
59eeeb14,2026-03-31 19:56:26,BTC 15m DOWN,DOWN,15m,btc-15m-1774979100-down,0.99,1.0,200,2.0000,WIN,1430.25,603.15,2.3713,0x739a61f73940c3639a132eeb375be6316edaae00e882d134ca84b9e650f286c0,48549707939702717730103627604419112522981440117724371859898643461693480867239,1774979100,2026-03-31 20:04:11,1.0
7c78f56f,2026-03-31 19:57:51,ETH 15m DOWN,DOWN,15m,eth-15m-1774979100-down,0.99,1.0,200,2.0000,WIN,20.0,7.08,2.8249,0x214176e4b7b25fc333ad1318cbfcb8ebb247b2da1f569c27621c50e8d0a3e728,25141475437217091921801654861980965663180099074687648656624480735431926105157,1774979100,2026-03-31 20:04:11,1.0
a5640e53,2026-03-31 19:58:31,ETH 5m DOWN,DOWN,5m,eth-5m-1774979700-down,0.99,1.0,200,2.0000,WIN,469.04,302.53,1.5504,0xae140861001d8361e9eb4d8c9581c9925f87b126009729d0a1e783869966ea97,41711473530703393377645143950857873735226988226500930485570968092795967348959,1774979700,2026-03-31 20:06:12,1.0
3b3c4b6e,2026-03-31 20:03:40,ETH 5m UP,UP,5m,eth-5m-1774980000-up,0.99,1.0,200,2.0000,WIN,207.8,51.28,4.0523,0x2134815f3be4da5f5ef002f91b8587da6ecdedd530185662a37a346133bfe7f4,15839057288466545984583628201125158327144278415658584508462995526486247814495,1774980000,2026-03-31 20:09:11,1.0
27fee8a4,2026-03-31 20:04:09,BTC 5m UP,UP,5m,btc-5m-1774980000-up,0.99,1.0,200,2.0000,WIN,2469.21,621.34,3.9740,0xe781fc891a190fa9e703aa04ccaf4a685034b0ed1cca4e9d00ea1b4a5c88ead7,3600971473080304629343095791290175168505441557321835632743838627882339598622,1774980000,2026-03-31 20:11:11,1.0
646f20da,2026-03-31 20:09:18,ETH 15m UP,UP,15m,eth-15m-1774980000-up,0.99,1.0,200,2.0000,WIN,416.18,240.15,1.7330,0x0c764a13a10bff4ec6d6e3813a32c1fa63a7c1c70e75be05477a9f640190fa34,60188256935400514817352726487773261277781215926023000505683089788090664906967,1774980000,2026-03-31 20:17:10,1.0
f734760b,2026-03-31 20:19:34,ETH 5m DOWN,DOWN,5m,eth-5m-1774980900-down,0.99,1.0,200,2.0000,WIN,146.45,41.56,3.5238,0xd1a1305020ce7ea35ab371395ce96efcfca9cdbda8b1e312539b621717c10dcb,80679517656749084578086883739419583349018751796483730067903678047910907412441,1774980900,2026-03-31 20:22:11,1.0
a22d7721,2026-03-31 20:19:57,BTC 5m DOWN,DOWN,5m,btc-5m-1774980900-down,0.99,1.0,200,2.0000,WIN,294.41,23.91,12.3133,0xc245335f4c234b238543a8bf2ff7e5d43ec3192e7bfd1de75f81fd35c02aad1d,64588373719357437859006989938968413342133349350530338158213272667137066399314,1774980900,2026-03-31 20:24:11,1.0
6b9d7d56,2026-03-31 20:26:09,ETH 15m DOWN,DOWN,15m,eth-15m-1774980900-down,0.99,1.0,200,2.0000,WIN,369.69,55.81,6.6241,0x6436660cceb2e410d3e97afe1e00523a5f53ebfcc4e5b7d337cf423ee0432d4f,53167645950298652078828821422106442077596322150966878202260186402151999247071,1774980900,2026-03-31 20:36:11,1.0
efe841da,2026-03-31 20:34:57,BTC 5m DOWN,DOWN,5m,btc-5m-1774981800-down,0.99,1.0,200,2.0000,WIN,798.1,522.77,1.5267,0xbfa3819457c84cdfc37055e6ae9f81dad5dc5df47aa787d60e14cf82af3053f6,55947260397828247968360529473288601658913177494445281588253631575414746550091,1774981800,2026-03-31 20:39:11,1.0
189d8919,2026-03-31 20:38:33,ETH 5m UP,UP,5m,eth-5m-1774982100-up,0.99,1.0,200,2.0000,WIN,570.71,275.93,2.0683,0xe5f82c7ba47a5e0ea6f1c3332cb29eaca37fbff7094ba571bcbf38c95f5b6062,46610110236752431026463906977181087541180751051534782489403496808410832695810,1774982100,2026-03-31 20:44:11,1.0
475dcc63,2026-03-31 20:44:23,ETH 5m DOWN,DOWN,5m,eth-5m-1774982400-down,0.99,1.0,200,2.0000,WIN,283.57,99.54,2.8488,0xa9d8ae574c3f255edf17ef374840fed4ef7f06a0d683af8b3f1fac8eb8a05541,4652886548834674470420000043052042057889998980670213363008427500141401021509,1774982400,2026-03-31 20:51:11,1.0
786fa9d0,2026-03-31 20:44:35,ETH 15m DOWN,DOWN,15m,eth-15m-1774981800-down,0.99,1.0,200,2.0000,WIN,740.55,305.04,2.4277,0x2391d1233f2c32e0fe872bafe126ceaec00e87a5899790afce7bb6a3fd26af66,54158201332566650858308449889695959419800311358327216553020551720636326072494,1774981800,2026-03-31 20:49:10,1.0
b568fd0b,2026-03-31 20:44:48,BTC 15m UP,UP,15m,btc-15m-1774981800-up,0.99,1.0,200,2.0000,WIN,949.51,545.78,1.7397,0x2b12051438f14728ec0d62dce2c8eeaa5c606a5dc2ad07d1a91328a8bbbfafc4,93739450069461085266028636003284660718607225841589346653790632977626458073426,1774981800,2026-03-31 20:49:11,1.0
7037dd21,2026-03-31 20:44:59,BTC 5m DOWN,DOWN,5m,btc-5m-1774982400-down,0.99,1.0,200,2.0000,WIN,633.61,284.08,2.2304,0x84f72b84683d8bbce1a1d0b7371d752d2aa0ca1803994609fd65ea1e927ada1d,76828579925655066685254549823198321757494879980982188254945375889784063743929,1774982400,2026-03-31 20:49:11,1.0
639ff546,2026-03-31 20:54:46,ETH 5m DOWN,DOWN,5m,eth-5m-1774983000-down,0.99,1.0,200,2.0000,WIN,261.72,54.33,4.8172,0x4a8445e2b8e1c64d0165943d062f8f16c7a9d4a7140ab4556513decd12f4c5d3,23661792276167856743566867994943019619426922535509803942222630080952208996349,1774983000,2026-03-31 20:59:11,1.0
8fd56415,2026-03-31 21:19:57,ETH 5m DOWN,DOWN,5m,eth-5m-1774984500-down,0.99,1.0,200,2.0000,WIN,12.0,6.95,1.7266,0xcb97971ec82c95ed9a766eac3237df198c8c42624ff2d67bd1cbd85741f5e551,32224850089711309438155520579551855196174546767415087013619336916699635782783,1774984500,2026-03-31 21:26:11,1.0
edd1c2ca,2026-03-31 21:24:59,BTC 5m UP,UP,5m,btc-5m-1774984800-up,0.99,1.0,200,2.0000,WIN,579.9,319.17,1.8169,0x3ed9960c1b181eeb67451366cfab4c42d4ec8b2efbdda5acdea418e5ce9f2252,82018712301789127951181833761433514580511407749434485946229395446555675406658,1774984800,2026-03-31 21:29:10,1.0
30a3e671,2026-03-31 21:27:59,BTC 15m DOWN,DOWN,15m,btc-15m-1774984500-down,0.99,1.0,200,2.0000,WIN,1800.54,274.0,6.5713,0x62bfd02ced7387abe4553afd89c5a6033df6a45f3583302cf95c8385f90aa8ab,59558286828225569106673215416261657798801531499183794638439142661645618882516,1774984500,2026-03-31 21:34:11,1.0
0cab36cd,2026-03-31 21:28:05,ETH 15m DOWN,DOWN,15m,eth-15m-1774984500-down,0.99,1.0,200,2.0000,WIN,366.3,32.59,11.2396,0xe8ae136d96c7d5ad57816058dd9546c7189973de0f373745de7ea2d6d7cb4ddb,28656046334533410528417237749719513812803664058558279874793656470943101994493,1774984500,2026-03-31 21:36:11,1.0
908e84db,2026-03-31 21:29:39,ETH 5m DOWN,DOWN,5m,eth-5m-1774985100-down,0.99,1.0,200,2.0000,WIN,497.86,168.85,2.9485,0x60e5c7c49429424956c86bf0f61eecae4863b7261231f41d9dd6a2aeeed1af18,94095391449699883841508586296107001138662372191520177198431870283545827304234,1774985100,2026-03-31 21:34:10,1.0
357632a7,2026-03-31 21:34:56,BTC 5m DOWN,DOWN,5m,btc-5m-1774985400-down,0.99,1.0,200,2.0000,WIN,942.65,324.38,2.9060,0xb8f9526fa1400cae368c46ac232652c87652499937acb267c8ce0a6e43a99bfb,46468142811154466421160435119533614724648133610593720041126593831885241752583,1774985400,2026-03-31 21:39:11,1.0
286004bf,2026-03-31 21:39:22,ETH 5m DOWN,DOWN,5m,eth-5m-1774985700-down,0.99,1.0,200,2.0000,WIN,578.78,214.97,2.6924,0xa59eed266ab9aa602951d1b6a1834092a4087a817dbd6c562fd90d81caf72476,37641373456162922097362802150928213185623669559634918230140502440134575045722,1774985700,2026-03-31 21:44:11,1.0
563d964d,2026-03-31 21:39:39,BTC 5m DOWN,DOWN,5m,btc-5m-1774985700-down,0.99,1.0,200,2.0000,WIN,2698.41,1775.53,1.5198,0xece378ca00493d7cd10daf4bce5d28769bee968f8526f3f094f4aaae836411ac,100552327124341464973275641574058736547823777529805885376459146859127222667649,1774985700,2026-03-31 21:44:11,1.0
23230a32,2026-03-31 21:42:14,BTC 15m DOWN,DOWN,15m,btc-15m-1774985400-down,0.99,1.0,200,2.0000,WIN,1066.3,199.47,5.3457,0x4b1608749d0181e4a148d176c5fc2d87f109fa918535512b9ad5e7a43ecf2932,90573768400302001441271791655476544844080989349394621217800574535296579138437,1774985400,2026-03-31 21:49:11,1.0
fda555eb,2026-03-31 21:44:02,ETH 15m DOWN,DOWN,15m,eth-15m-1774985400-down,0.99,1.0,200,2.0000,WIN,714.68,379.45,1.8835,0xc9fd00fc12fd60b986f62398aa32412490f1afe4deefd9c6c608322a4f3b81d1,17150040727017695347435790229444362690945261678289574477251962666418156572169,1774985400,2026-03-31 21:49:11,1.0
aa8b1ae6,2026-03-31 21:44:34,ETH 5m UP,UP,5m,eth-5m-1774986000-up,0.99,1.0,200,2.0000,WIN,177.25,70.03,2.5311,0x1d76dc72edec0ec80c94114eb63c86b5c199ea17f85b5a09cd71141c4cc046b3,91458448322176729749613420279528016378638736998039762158370081533981877321596,1774986000,2026-03-31 21:49:11,1.0
c43894f5,2026-03-31 21:48:36,BTC 5m UP,UP,5m,btc-5m-1774986300-up,0.99,1.0,200,2.0000,WIN,3589.42,494.0,7.2660,0xa14cd2e18c52868290dee02e0fb254b7b25d7a179f1fcf7397d25cf857006091,114871889869204898642522295477084092456780113020423090388298557581231858668239,1774986300,2026-03-31 21:54:11,1.0
f8f40408,2026-03-31 21:49:29,ETH 5m UP,UP,5m,eth-5m-1774986300-up,0.99,1.0,200,2.0000,WIN,64.88,5.0,12.9760,0x6329b5367ea9ef3a35004adf33f913c8b43fdcf6b582aee5fd4cc3b5b66509fe,42380440611799852519639716239550801952296397067574792585268693453684715083697,1774986300,2026-03-31 21:56:12,1.0
7d092b3f,2026-03-31 21:59:58,BTC 5m UP,UP,5m,btc-5m-1774986900-up,0.99,1.0,200,2.0000,WIN,1025.1,115.74,8.8569,0xb2726cb0d5beeb73ceebc122f9f53ec2690debaa7b416e0a281022e170e29cbc,113354152233038479288322960406518235793734254456821993623790165771681931206076,1774986900,2026-03-31 22:06:11,1.0
fdbbccea,2026-03-31 22:04:26,BTC 5m UP,UP,5m,btc-5m-1774987200-up,0.99,1.0,200,2.0000,WIN,2161.17,608.27,3.5530,0x858820d8dd08f1ef91c3ac2de6541bac078ef12075c51fbf6968c4fa9a7e12c6,42964198836649521475288789321295992027796890402879924148445310252894994423819,1774987200,2026-03-31 22:09:11,1.0
74074a9e,2026-03-31 22:04:51,ETH 5m UP,UP,5m,eth-5m-1774987200-up,0.99,1.0,200,2.0000,WIN,715.9,462.03,1.5495,0x1992fb68c8248d2c308ff0cbbb25a79bfe8e541ed2833053e540071aaeeec5e4,92486071194720951874932412990980818801682537276592130132291956030961057499035,1774987200,2026-03-31 22:11:12,1.0
be980945,2026-03-31 22:07:45,ETH 5m UP,UP,5m,eth-5m-1774987500-up,0.99,1.0,200,2.0000,WIN,611.22,378.69,1.6140,0xa464f3a08598bcb665865b99b14be00e7980f097161ef707b338fae6ce369706,113159833138404503939714773472848367859890783339414501817911372869656544489504,1774987500,2026-03-31 22:14:11,1.0
c0e009cb,2026-03-31 22:10:46,ETH 15m UP,UP,15m,eth-15m-1774987200-up,0.99,1.0,200,2.0000,WIN,645.82,417.08,1.5484,0xaa092129011ef8ce2b8579061b506280e184162e2cb85b3610a474e955f38d01,98402605993488472955411372081886352378002144390780789604147744425818053061887,1774987200,2026-03-31 22:19:10,1.0
d4835cca,2026-03-31 22:14:01,ETH 5m UP,UP,5m,eth-5m-1774987800-up,0.99,1.0,200,2.0000,WIN,544.18,357.59,1.5218,0x79928ee51ba253f9a2415ff79f4e848e94ab418b2f80b70036a7d7802a14d694,1324629441631764313693457638056583774581957289698635023927071715680972018235,1774987800,2026-03-31 22:19:11,1.0
d459bba2,2026-03-31 22:19:04,BTC 5m DOWN,DOWN,5m,btc-5m-1774988100-down,0.99,1.0,200,2.0000,WIN,1052.75,625.21,1.6838,0x28551def42d4a93ce682f12d5633bcad37577ca49eefcebb6d797cde09c1a68f,26020711400410842619890147356321389222686853669047872765827072889927489890911,1774988100,2026-03-31 22:24:11,1.0
8ef49592,2026-03-31 22:24:56,ETH 5m UP,UP,5m,eth-5m-1774988400-up,0.99,1.0,200,2.0000,WIN,293.84,165.41,1.7764,0x3366e9b5cea33f3eab5d1109a882e67f55adc634f934522ad55b514a858ae0b6,25427983516766057138219432203064546710694476087569942099629168724770248374199,1774988400,2026-03-31 22:31:11,1.0
9bc3539d,2026-03-31 22:28:00,ETH 15m DOWN,DOWN,15m,eth-15m-1774988100-down,0.99,1.0,200,2.0000,WIN,260.38,147.0,1.7713,0x3e82bebced969b29dcf1087e803c0ebfbcdc3b268beb063da74c34a2f9e03fc3,8182806568337279954678332818395013848755568046158489022249945881480664720179,1774988100,2026-03-31 22:34:11,1.0
6f40f6ba,2026-03-31 22:38:17,ETH 5m UP,UP,5m,eth-5m-1774989300-up,0.99,1.0,200,2.0000,WIN,429.91,271.95,1.5808,0x5396d2cd50e3b27e7534105c906dd63bdd9e919133dc5437206d5c87ff73e60e,11743685732358767425362064318497060133101195518065933505043531104182917928599,1774989300,2026-03-31 22:44:11,1.0
cd752267,2026-03-31 22:43:14,BTC 15m UP,UP,15m,btc-15m-1774989000-up,0.99,1.0,200,2.0000,WIN,1521.34,139.0,10.9449,0x5811ddddfe36a51ebd3c9cc71b453461386a7a8b868cdd2b7e1bebb518ac32a1,67286598474729382660796543846297273046824940806862313636158900326684832258438,1774989000,2026-03-31 22:49:11,1.0
ec25d7f7,2026-03-31 22:48:59,BTC 5m UP,UP,5m,btc-5m-1774989900-up,0.99,1.0,200,2.0000,WIN,3415.43,281.66,12.1261,0x8204697ec3c81b43a5a51baed3d1b953c9edfdba63f87b1642dbf619677b434a,47100751735902962598599591619816309433806181278450011685981419195148584801194,1774989900,2026-03-31 22:54:12,1.0
58b2aa75,2026-03-31 22:49:12,ETH 5m UP,UP,5m,eth-5m-1774989900-up,0.99,1.0,200,2.0000,WIN,664.9,135.7,4.8998,0xace87381ad0f1b436e46a6a98ce142abea6715e00ed677a989dede04def08caf,109609224034506497901670850668304396644342088701298244685373487032333931100225,1774989900,2026-03-31 22:54:12,1.0
520cb4a1,2026-03-31 22:54:47,BTC 5m UP,UP,5m,btc-5m-1774990200-up,0.99,1.0,200,2.0000,WIN,487.38,194.62,2.5043,0x71477a7815287984d523c758e78f6a40738537301cff15dfcb1996203d9e16ec,49927271762806383051325978226421567938115806217941767677852678869833146655829,1774990200,2026-03-31 22:59:11,1.0
decc63eb,2026-03-31 22:56:32,BTC 15m UP,UP,15m,btc-15m-1774989900-up,0.99,1.0,200,2.0000,WIN,1104.12,675.59,1.6343,0x03794d74ec811e019fa82e9b04d36a1cd3d3c74d03fd77152eb0806ca2d18688,53963675311201054479773376666671543767186135318121560197368491842708946474443,1774989900,2026-03-31 23:06:12,1.0
f33a2728,2026-03-31 22:58:51,ETH 15m UP,UP,15m,eth-15m-1774989900-up,0.99,1.0,200,2.0000,WIN,191.36,101.0,1.8947,0xbf215f8a07dceba8fb0b077af58185aa9286395e5ce1ee80b45da25083d14b21,59731028118213997743174846303125740329500656145186250685496365687013642543904,1774989900,2026-03-31 23:04:11,1.0
75d75da6,2026-03-31 23:03:12,ETH 5m DOWN,DOWN,5m,eth-5m-1774990800-down,0.99,1.0,200,2.0000,WIN,350.46,70.0,5.0066,0xf6f244f506f3fe165b407646581730a0f11ca05085f6eee938a45f23f6ee8771,97268917410250554096429798829003283829235198353299242310572168732958991509161,1774990800,2026-03-31 23:11:11,1.0
315a0374,2026-03-31 23:07:37,ETH 15m DOWN,DOWN,15m,eth-15m-1774990800-down,0.99,1.0,200,2.0000,WIN,1009.11,457.62,2.2051,0xdeece7b3c5c52b9b91ab20837701db08cf6c2d2d8786a707a7caed4b3d0e543f,28441213433093018988082430289559186731354372778659094469910787744569162563698,1774990800,2026-03-31 23:19:11,1.0
73383786,2026-03-31 23:09:30,ETH 5m DOWN,DOWN,5m,eth-5m-1774991100-down,0.99,1.0,200,2.0000,WIN,195.75,59.22,3.3055,0x1d395c5f79fb8c1daf57bcff489594c5962cd53d587ba96bc861392d2439dce2,12202996565249648079061776027318035506285297145084448144344052201866853170846,1774991100,2026-03-31 23:14:11,1.0
e804b456,2026-03-31 23:09:49,BTC 5m DOWN,DOWN,5m,btc-5m-1774991100-down,0.99,1.0,200,2.0000,WIN,1262.29,836.75,1.5086,0x43fa1f18c2db4828e75a488c6327bc2b1992a7b1545aff5bff6e6c429ccec8d0,107738918960091533793988896492315526796565081715226237508271777083325559592435,1774991100,2026-03-31 23:14:11,1.0
6a18c6f0,2026-03-31 23:29:19,ETH 5m UP,UP,5m,eth-5m-1774992300-up,0.99,1.0,200,2.0000,WIN,439.99,148.15,2.9699,0x4274359f652d3b76e6e2e0b3afc675440f1abfd245a72af3e0a825e41769955d,49799797401345593727031454516615464065854109714304090059370159875978992154327,1774992300,2026-03-31 23:36:11,1.0
5d429d11,2026-03-31 23:29:24,ETH 15m UP,UP,15m,eth-15m-1774991700-up,0.99,1.0,200,2.0000,WIN,711.22,221.9,3.2051,0x6a31a904f8d34cf99d38309920197e75dd1d3ec9a662d8130d15fd2e8073e858,46235588011635572628373694211258746118574868167104044327633476665600551825134,1774991700,2026-03-31 23:36:11,1.0
17865aac,2026-03-31 23:39:55,BTC 5m UP,UP,5m,btc-5m-1774992900-up,0.99,1.0,200,2.0000,WIN,805.95,536.11,1.5033,0x7bd939fdc7c877d1bc15c5fe25494e6e4645f1f829081ba25373054797eb568e,50114100942585459343865686848257656641155302446053490119096641366001352772234,1774992900,2026-03-31 23:44:11,1.0
923d182d,2026-03-31 23:44:48,ETH 15m UP,UP,15m,eth-15m-1774992600-up,0.99,1.0,200,2.0000,WIN,173.38,99.66,1.7397,0x137f89cb16407c574d0a6c52dcc7502c1339339bb78f18ff110b4cc0a3abd9cc,7423765484641353136707731203075227750771983064188863886074932160699535492689,1774992600,2026-03-31 23:51:11,1.0
2ffa8dc9,2026-03-31 23:49:27,ETH 5m UP,UP,5m,eth-5m-1774993500-up,0.99,1.0,200,2.0000,WIN,370.7,245.09,1.5125,0xd5632258c5f5e0390ca8bd34170a59d6795e71f9bd248ae6c8659f3269993e7f,34779877827769984075798562401507793154626150949135575279044869719442753416933,1774993500,2026-03-31 23:54:12,1.0
8b468ef7,2026-03-31 23:49:39,BTC 5m UP,UP,5m,btc-5m-1774993500-up,0.99,1.0,200,2.0000,WIN,835.88,492.38,1.6976,0x38fd838f5252dea8ff6083850804327e4376627c5c35d9aa632322cebe8e6cdb,45320251569616988702657967315644297604774542495168772437275213482558365562150,1774993500,2026-03-31 23:54:12,1.0
77378d92,2026-03-31 23:53:09,BTC 5m UP,UP,5m,btc-5m-1774993800-up,0.99,1.0,200,2.0000,WIN,2704.13,1519.07,1.7801,0x8c59b8f88fa00267b4c7ade5dffc7144e9722b31d63c8d2ff1241abd1fe8437d,34291218512790162514823297911113487783438759570020034132236663653112907163091,1774993800,2026-03-31 23:59:11,1.0
b4b792ee,2026-03-31 23:55:13,BTC 15m UP,UP,15m,btc-15m-1774993500-up,0.99,1.0,200,2.0000,WIN,927.36,247.96,3.7400,0x5af4186399f0b16137b2a2509546071e8d8c23ada7506e925d0c69577a4b3f84,12077627160946036844135198521754443622230995735558093083528945765842776156461,1774993500,2026-04-01 00:06:12,1.0
ab0e2383,2026-03-31 23:55:18,ETH 15m UP,UP,15m,eth-15m-1774993500-up,0.99,1.0,200,2.0000,WIN,271.38,80.19,3.3842,0x3a90895a4fed9dc5e3c9f1c9336a0f5781b7cf0bebb72e4868bdff4f2a51fe99,8677574058127278526919947973512559405109080877504281359722306907659679967418,1774993500,2026-04-01 00:06:11,1.0
ce851484,2026-04-01 00:08:42,ETH 5m DOWN,DOWN,5m,eth-5m-1774994700-down,0.99,1.0,200,2.0000,WIN,515.34,265.8,1.9388,0x47d69b378a9a63ec194cbf2f8d787250b2a5e482a6c22790c1e1bd25c9a4b9e0,87826287943286200746672006693116856247996682579949329887163721305603529215263,1774994700,2026-04-01 00:14:11,1.0
1eb4cc83,2026-04-01 00:08:49,ETH 15m DOWN,DOWN,15m,eth-15m-1774994400-down,0.99,1.0,200,2.0000,WIN,624.17,80.67,7.7373,0xfaef354c0eea603cb420f21d6366c0d2e933a78738ffeac2ab1ad976174d5d61,30170783887442990150157865230183603755381977700812977095897343333314164359071,1774994400,2026-04-01 00:19:10,1.0
f6e8fd49,2026-04-01 00:14:05,ETH 5m UP,UP,5m,eth-5m-1774995000-up,0.99,1.0,200,2.0000,WIN,808.09,499.73,1.6171,0x7b610ca9c25fb12fd6560ddaceef52e0b7b6a4f2dbc7c8ead64527a53ab7f8d8,50102047916653932250094205322987888026910302047389265219494442048213354974011,1774995000,2026-04-01 00:19:11,1.0
e39f6b67,2026-04-01 00:24:55,BTC 5m DOWN,DOWN,5m,btc-5m-1774995600-down,0.99,1.0,200,2.0000,WIN,190.0,54.17,3.5075,0xbd25b61b0fc6b7af926917bfaaa69d51d3e8607a942c2640e34df2a5c3b97cc2,76657326241990019930859146725327852064156505668506492132089709896372590629636,1774995600,2026-04-01 00:29:11,1.0
9ec1f634,2026-04-01 00:27:50,BTC 15m DOWN,DOWN,15m,btc-15m-1774995300-down,0.99,1.0,200,2.0000,WIN,1935.34,1084.15,1.7851,0xe5014c4b34b694cf53f191e658fb37afe2e75b4c0ebda98e3dc068ff238dc99c,2431786543735787635688080666371854464036003788909521144278589195554257923143,1774995300,2026-04-01 00:34:11,1.0
d1c8cd25,2026-04-01 00:39:42,ETH 5m UP,UP,5m,eth-5m-1774996500-up,0.99,1.0,200,2.0000,WIN,534.18,125.43,4.2588,0x0ac7e849e04b0c1f971f67ffcc2bcbafda93700a0299df663d5aca0381b1f898,20432737868942172744411114813578107080065122850193654278502155723733238784892,1774996500,2026-04-01 00:46:11,1.0
d4526aae,2026-04-01 00:39:56,BTC 5m UP,UP,5m,btc-5m-1774996500-up,0.99,1.0,200,2.0000,WIN,264.02,107.23,2.4622,0x7fccd7c58872129622dcb0aa011992dd7c6eec5e1fd499fab72cefb39a9e3b37,34333030485667406270352965390920140499403389675398069193514947458488372073302,1774996500,2026-04-01 00:44:11,1.0
a2dd1d57,2026-04-01 00:43:17,ETH 5m UP,UP,5m,eth-5m-1774996800-up,0.99,1.0,200,2.0000,WIN,236.23,44.39,5.3217,0xe19360d55737e7162105d40bf7e663eaef35c25136a25431e08aecf28ed1a9d7,57930324161408355555878844034598444614923472798554908716063174390315555250492,1774996800,2026-04-01 00:51:11,1.0
2da1be4d,2026-04-01 00:43:54,BTC 15m UP,UP,15m,btc-15m-1774996200-up,0.99,1.0,200,2.0000,WIN,1679.99,1102.88,1.5233,0x23300b63faa46a5f22df14f29548c1ecdb8bfda46f52400992d6f5f0cb9693e8,100999723142810509702590415912734964478781470786801993863944565885616999166512,1774996200,2026-04-01 00:49:11,1.0
948c3e08,2026-04-01 00:44:16,ETH 15m UP,UP,15m,eth-15m-1774996200-up,0.99,1.0,200,2.0000,WIN,677.88,375.05,1.8074,0xdabda040da25e93ab65fa85fe9b8e2e915d24037a3333125a357333653b6f8ed,90323969070848632543646901779395241619830882598355577734122009677063357747850,1774996200,2026-04-01 00:49:11,1.0
c4970084,2026-04-01 00:48:53,ETH 5m DOWN,DOWN,5m,eth-5m-1774997100-down,0.99,1.0,200,2.0000,WIN,676.06,416.65,1.6226,0x8fe01de7104e32e62db26ca86f6d9bdb0b19d4834c9f2fcdc717ad81618f171a,104298414180444786343079315185443313667152019981584592644802046865671078743648,1774997100,2026-04-01 00:54:11,1.0
00887213,2026-04-01 01:03:48,ETH 5m DOWN,DOWN,5m,eth-5m-1774998000-down,0.99,1.0,200,2.0000,WIN,179.86,84.04,2.1402,0xdc8564ddcdf5739d10a91ccac3c283f62a05aeab7ad4416d8fcac2acac0fa0da,49571646198935488115470224237100810613590503841110774946103535656371433243455,1774998000,2026-04-01 01:11:11,1.0
49d1ebb9,2026-04-01 01:08:21,ETH 5m UP,UP,5m,eth-5m-1774998300-up,0.99,1.0,200,2.0000,WIN,296.79,176.58,1.6808,0x664fbcc707cca30948fdfc6b157b2ed5bd484804cdc3da1609ffb19fca87516e,46763739777850647099241152948454453981910963514970930368130942068304519675069,1774998300,2026-04-01 01:14:11,1.0
924aca4f,2026-04-01 01:08:43,BTC 5m UP,UP,5m,btc-5m-1774998300-up,0.99,1.0,200,2.0000,WIN,1013.4,639.01,1.5859,0xeec50b04644c81d253e043ec2c1cd204ad5f6457b92b4ec4741b7f8699a16fe3,47439506409940856617783761716703800428472426074066220237452424919590252958496,1774998300,2026-04-01 01:14:11,1.0
d9d2d73c,2026-04-01 01:14:12,BTC 15m UP,UP,15m,btc-15m-1774998000-up,0.99,1.0,200,2.0000,WIN,584.31,257.99,2.2649,0xa082717b259d3bb324249ec2baac45535ca8a321207c847b0a114f05d177d52b,65730341417567241326512286071909100025382503429939620441723040479367224388490,1774998000,2026-04-01 01:19:12,1.0
9547e489,2026-04-01 01:14:32,ETH 5m DOWN,DOWN,5m,eth-5m-1774998600-down,0.99,1.0,200,2.0000,WIN,552.5,347.44,1.5902,0x0f48a694b277d9a3facc77f89c10cdc231eecc92734362ee82bf7ef4e32f7197,101386201758934823003248055659234177540868130919225207872263080878209627142923,1774998600,2026-04-01 01:19:11,1.0
6b234eff,2026-04-01 01:14:59,BTC 5m DOWN,DOWN,5m,btc-5m-1774998600-down,0.99,1.0,200,2.0000,WIN,79.55,17.78,4.4741,0xdf9c14cf6cd4bd777b4a06ee9b98a0e34631c8b7e20a061ecf9d937ac8c5558b,105229908169471562616315303422242748383387216422258306225606157660495707220219,1774998600,2026-04-01 01:19:11,1.0
86beb4b0,2026-04-01 01:17:58,BTC 5m UP,UP,5m,btc-5m-1774998900-up,0.99,1.0,200,2.0000,WIN,2447.6,480.03,5.0988,0xd593c8a1598ec621064f8a1facb8f9b77b8ffcb4760c905a8bbdb0b0773c5352,15241470298257905369502621004007730319898695405282532175730057957414513239475,1774998900,2026-04-01 01:24:11,1.0
54e6d9a9,2026-04-01 01:29:30,BTC 15m UP,UP,15m,btc-15m-1774998900-up,0.99,1.0,200,2.0000,WIN,985.55,609.85,1.6161,0x0929400fa51a482c292dbc7f8fb66ad792ea32aa657dead92051a685259ab3b8,30035768679453979847988105108911451460329706748305823897553245668324337805421,1774998900,2026-04-01 01:34:11,1.0
55b474a9,2026-04-01 01:34:12,ETH 5m UP,UP,5m,eth-5m-1774999800-up,0.99,1.0,200,2.0000,WIN,259.5,50.97,5.0912,0x90cff240bed59046feba287da4162ff9ba93162e96419028e6a5f7345b36ec1f,41753393396629366324850961363351505049461955595624537755795629822292992029220,1774999800,2026-04-01 01:37:11,1.0
4efbdfc2,2026-04-01 01:39:18,ETH 5m UP,UP,5m,eth-5m-1775000100-up,0.99,1.0,200,2.0000,WIN,325.13,199.23,1.6319,0xdf7a51cca8c34b467af5398c12db43d10f0c59045cca7779563bb5495a4a146e,45990749940525328105625899984714283530417950461180457020078276137243177402069,1775000100,2026-04-01 01:44:11,1.0
3b814e4a,2026-04-01 01:53:39,ETH 5m UP,UP,5m,eth-5m-1775001000-up,0.99,1.0,200,2.0000,WIN,718.26,366.83,1.9580,0x8844c3147b261009d3d767c590fa07bb193407792a4367f67fc7aedc5467d15b,110414546297448634320636391418200172891510750543213576998583800272365089121933,1775001000,2026-04-01 01:59:11,1.0
871fc7ab,2026-04-01 01:53:56,BTC 5m UP,UP,5m,btc-5m-1775001000-up,0.99,1.0,200,2.0000,WIN,3314.63,252.76,13.1137,0x30aa1b4165efe9e1459a4a1d25f20e5c86e3b33bc812ae0932d4b976b22b9e04,14176357321426506431140411761233450465593971369740026987857612117646899587715,1775001000,2026-04-01 01:59:11,1.0
adfbe0bc,2026-04-01 01:59:13,ETH 15m UP,UP,15m,eth-15m-1775000700-up,0.99,1.0,200,2.0000,WIN,200.19,96.0,2.0853,0xcb9c85260f11b5b9c593562cc36bac02bc00c73382cf5b60eec47eaed1da60e6,48680655822338211421244052474666031679730506097839846095288604242020005487417,1775000700,2026-04-01 02:06:11,1.0
2d60d4ea,2026-04-01 01:59:17,ETH 5m UP,UP,5m,eth-5m-1775001300-up,0.99,1.0,200,2.0000,WIN,331.46,179.94,1.8421,0x0a7c37cf55569c05c8bb2235e61ffae5f7cedeeca3ac84a9ea728f1cfc4dc231,63760022504012453535178440517878977608323343238029348223576290383398030134099,1775001300,2026-04-01 02:04:11,1.0
360d8cb3,2026-04-01 01:59:59,BTC 5m DOWN,DOWN,5m,btc-5m-1775001300-down,0.99,1.0,200,2.0000,WIN,33.3,17.83,1.8676,0xba0df5489cceab1959543579fb5171ba62bd8e04011b997160086b52c722e80f,31759750130452689671630491865785440689161197108890055045692689381198345164944,1775001300,2026-04-01 02:06:11,1.0
ed226e93,2026-04-01 02:04:56,ETH 5m DOWN,DOWN,5m,eth-5m-1775001600-down,0.99,1.0,200,2.0000,WIN,130.91,67.72,1.9331,0x3c2fe054a4186a9a4e354a974def9b348cf8b3732c690542d607d41a09642a05,80394524582505330325267567656663000808556664548440867519460711579810738605624,1775001600,2026-04-01 02:09:11,1.0
7c4104ff,2026-04-01 02:09:34,ETH 5m UP,UP,5m,eth-5m-1775001900-up,0.99,1.0,200,2.0000,WIN,294.21,145.03,2.0286,0x7f026c6989f4ffbdf5fc69304e03e447b4a220953f3829deb8fb9913ce6afd24,73003809335471216326048969640145206415105974134884323509537478983033242186269,1775001900,2026-04-01 02:16:11,1.0
5ae4139e,2026-04-01 02:09:57,BTC 5m DOWN,DOWN,5m,btc-5m-1775001900-down,0.99,1.0,200,2.0000,WIN,110.0,53.33,2.0626,0x55abf9c678ccc97c75789c622d554797aede5dba9aceb065f3011842c3a54b1f,48589983477786792895243521461641424470027142181118153335355750029493688355815,1775001900,2026-04-01 02:14:11,1.0
5c966ca4,2026-04-01 02:11:21,BTC 15m DOWN,DOWN,15m,btc-15m-1775001600-down,0.99,1.0,200,2.0000,WIN,3690.41,2455.97,1.5026,0xd136d0f44e066efeb9168d846c54f017fb32716e4e2927e23ab020feb964414d,3866515112231793093276728892641770076576134648466743844168885751811888448517,1775001600,2026-04-01 02:19:11,1.0
81a920a8,2026-04-01 02:13:41,ETH 15m DOWN,DOWN,15m,eth-15m-1775001600-down,0.99,1.0,200,2.0000,WIN,702.0,346.39,2.0266,0x839c4b5d0c6e07e4f5194474aa8d3d217262a6c80d3a70e3731ac05fe787d2c1,32144354766282940437749682658535366182977310927624580771504786777975410548805,1775001600,2026-04-01 02:19:11,1.0
385574c2,2026-04-01 02:14:01,ETH 5m DOWN,DOWN,5m,eth-5m-1775002200-down,0.99,1.0,200,2.0000,WIN,320.26,211.54,1.5139,0xfefbfb1ae8859c3c46a4af48d6448e74d5d425a36c0319ebf4e3433554c7e4fe,14638461535712021509906224148582451429083923270028816669300080199601594605824,1775002200,2026-04-01 02:21:12,1.0
cb0d6347,2026-04-01 02:19:40,BTC 5m UP,UP,5m,btc-5m-1775002500-up,0.99,1.0,200,2.0000,WIN,2122.15,1305.76,1.6252,0xb101784286de078d39588e0013cf628e29ff02425e44f36c57934d37c08bc210,4359007370761484454359817971362500484647126454463172146296840719433808204115,1775002500,2026-04-01 02:24:11,1.0
aa7ae955,2026-04-01 02:28:22,BTC 15m DOWN,DOWN,15m,btc-15m-1775002500-down,0.99,1.0,200,2.0000,WIN,1401.7,624.98,2.2428,0x6b4eef043a7928ee98c95c670a08bfec940393dea129533e57b549b50f644397,90145644803366365189425646329029173830721028568535778066494633980176977571811,1775002500,2026-04-01 02:34:11,1.0
6690560b,2026-04-01 02:28:52,ETH 15m DOWN,DOWN,15m,eth-15m-1775002500-down,0.99,1.0,200,2.0000,WIN,665.8,434.23,1.5333,0x1d2af18fdc90587d6d2ee7cccd0cffe31852428532fb8f6d6f2e78cc2293c7ab,112594199344782473343527306055948191938472761415455092345712807046394529971753,1775002500,2026-04-01 02:34:11,1.0
26094b7a,2026-04-01 02:39:23,ETH 5m UP,UP,5m,eth-5m-1775003700-up,0.99,1.0,200,2.0000,WIN,145.28,59.32,2.4491,0x00a3958be93be74b154095e6b07fe8b58cba4d2572c0f6569b28d765cc011b45,31053006123806779787631481055802278228509099581978802209139772927235497058946,1775003700,2026-04-01 02:44:11,1.0
df465399,2026-04-01 02:39:38,BTC 5m UP,UP,5m,btc-5m-1775003700-up,0.99,1.0,200,2.0000,WIN,7926.55,4947.64,1.6021,0x9c35f42731847adfcc25d8513b8701b5fd401cdb1897c8f4a47e381ca68a4b70,30695259986558910413588043375125147186811127591869507773913045399913528334971,1775003700,2026-04-01 02:42:10,1.0
c32ca2ec,2026-04-01 02:44:23,ETH 5m UP,UP,5m,eth-5m-1775004000-up,0.99,1.0,200,2.0000,WIN,248.16,156.47,1.5860,0xc786dac5c5684c42b24fecc5434a23e4ace17039703dcd9e4ae58545ce8f963d,42305082841121490751195133084626154566030711958731449197284116426125813682321,1775004000,2026-04-01 02:49:11,1.0
9e71feec,2026-04-01 02:44:44,ETH 15m UP,UP,15m,eth-15m-1775003400-up,0.99,1.0,200,2.0000,WIN,215.12,94.97,2.2651,0x38cc97c77478b5c600cfbf6086e3e71a9b50c3a20131d5b1c45138f702e1154e,92146050003612939314150174818879268821137657025906868470909007193371369115052,1775003400,2026-04-01 02:49:11,1.0
b003ca47,2026-04-01 02:49:27,ETH 5m DOWN,DOWN,5m,eth-5m-1775004300-down,0.99,0.0,200,-198.0000,LOSS,228.7,128.2,1.7839,0x3222193b71c16fcc92fe87aa52c69831aa4ffab03571573e92bb7f29e003e056,91326895100830486141123703836494697254198664882214546644880259372930073027035,1775004300,2026-04-01 02:54:11,0.0
3e1d26f1,2026-04-01 02:53:22,ETH 5m UP,UP,5m,eth-5m-1775004600-up,0.99,1.0,200,2.0000,WIN,209.29,122.39,1.7100,0xb5f8835ecf7a6962cc6fa21968f3070dac02a445fc5bdafc58c556a5d8abe2c7,44193904527056536217614788273525772842446194142581956076705931382760052789176,1775004600,2026-04-01 03:01:11,1.0
56c985cd,2026-04-01 02:54:24,BTC 5m UP,UP,5m,btc-5m-1775004600-up,0.99,1.0,200,2.0000,WIN,6330.05,2765.37,2.2890,0x73954d030d8c233b0cf02c7b2c3c1207cdcca8d0f4af390901a4ebda3d533ddd,110108774017053762413791083391851252603517417973678261716106349966221441327350,1775004600,2026-04-01 02:59:11,1.0
0b8838ce,2026-04-01 02:54:35,ETH 15m UP,UP,15m,eth-15m-1775004300-up,0.99,1.0,200,2.0000,WIN,864.01,541.15,1.5966,0xc7ffba8c0c587640a499c6dc092892ba74de21e696b8922ecb4e64631fc5c280,39175263003903114593008764099713068694108601550091505336301426777105994125689,1775004300,2026-04-01 03:04:11,1.0
78ebfa6d,2026-04-01 02:54:37,BTC 15m UP,UP,15m,btc-15m-1775004300-up,0.99,1.0,200,2.0000,WIN,3447.79,958.4,3.5974,0x877d49ed47c0f825254febb34eaf65db9b1f1affa390834e2ce33375577a969e,71499332232237571264139077743505006610960314605575469285635126281173748011856,1775004300,2026-04-01 03:06:12,1.0
48e173f9,2026-04-01 03:04:03,ETH 5m DOWN,DOWN,5m,eth-5m-1775005200-down,0.99,1.0,200,2.0000,WIN,208.51,77.49,2.6908,0xf456fc6089e7c9b6fbd479e6b85c661453bbdcca232f8bc7bb3070e65de5b82e,13770485467902627842622073727127220219916249319685374313777636507440238900882,1775005200,2026-04-01 03:07:11,1.0
dd9430b6,2026-04-01 03:09:21,ETH 5m DOWN,DOWN,5m,eth-5m-1775005500-down,0.99,1.0,200,2.0000,WIN,245.87,154.3,1.5935,0x9ed8f4bac83f17a1ceeb009fb363135626eaa13d54d1ac5262227373191d43ad,105717343377813824323259903431191816959546121678711429206790330173959003572427,1775005500,2026-04-01 03:14:10,1.0
9a256319,2026-04-01 03:10:13,ETH 15m DOWN,DOWN,15m,eth-15m-1775005200-down,0.99,1.0,200,2.0000,WIN,152.69,27.63,5.5262,0xf79548d07074c162c8619272ad8877e83cb9830071a9ccf5f778b2a9f8cb209e,111686410293947158310316651463264546869864948939271402148728514642202912357743,1775005200,2026-04-01 03:21:12,1.0
4ad62730,2026-04-01 03:14:13,BTC 15m DOWN,DOWN,15m,btc-15m-1775005200-down,0.99,1.0,200,2.0000,WIN,3100.03,2052.71,1.5102,0xf30103dc3a4c401f59d18342267120a5c7db6d062f3ca46ea28503fb5fd4704e,7667138044167216333228478299830707470324374191814228024858123613131243098524,1775005200,2026-04-01 03:19:12,1.0
bdc6ab48,2026-04-01 03:24:21,ETH 15m DOWN,DOWN,15m,eth-15m-1775006100-down,0.99,1.0,200,2.0000,WIN,1008.69,588.82,1.7131,0x5c08e3e1dfc01d0928c70773646d1e258ad732f71a7a15c004c2da35b22706ff,35090852863713267740490068283567021249952468316086231509217803744737624441921,1775006100,2026-04-01 03:34:11,1.0
a14da301,2026-04-01 03:29:57,ETH 5m DOWN,DOWN,5m,eth-5m-1775006700-down,0.99,1.0,200,2.0000,WIN,112.94,54.51,2.0719,0x21df87ae47e33099a5ca193d0120afa34dc201906051bf2513b64b6c1b49cb62,73724062494430364713446664630191436410211872252208949209485852107034396127473,1775006700,2026-04-01 03:34:11,1.0
4d5de71f,2026-04-01 03:41:53,ETH 15m DOWN,DOWN,15m,eth-15m-1775007000-down,0.99,1.0,200,2.0000,WIN,485.07,311.68,1.5563,0xf48589d51b4364ae2d80b7f6e51e72dc2b42b41a5241f3e182a8bbdecda809d5,59220955076596040211130573546250083515188979191817038491723664704811210553403,1775007000,2026-04-01 03:49:11,1.0
668923e5,2026-04-01 03:44:54,ETH 5m UP,UP,5m,eth-5m-1775007600-up,0.99,1.0,200,2.0000,WIN,251.45,153.89,1.6340,0x6ba6dd4a8e40defce4225139ed73d0ae84bcfd5be7fa45ef305102cfe9bd131b,85166087693131435050461587545359891529495419072069250728109962856859004821449,1775007600,2026-04-01 03:49:10,1.0
1538ab7c,2026-04-01 03:49:30,ETH 5m DOWN,DOWN,5m,eth-5m-1775007900-down,0.99,1.0,200,2.0000,WIN,599.76,375.82,1.5959,0x5ea5b690037d9596a20023e98e7ba67c8f7b2497f1cf9aea86d575731c130ee9,94784601801812555439451153278372625888565494862465962147336019585809309563828,1775007900,2026-04-01 03:56:11,1.0
85acf43c,2026-04-01 03:53:13,ETH 5m UP,UP,5m,eth-5m-1775008200-up,0.99,1.0,200,2.0000,WIN,112.82,72.12,1.5643,0xd9a3e446c4b10e72b361900d7acd05f98357d0d46957fb2c4945a14739560afd,51977152954995950251706800309912364846481178848035695422264667328881625786266,1775008200,2026-04-01 03:59:11,1.0
0c4c02de,2026-04-01 03:57:24,BTC 15m DOWN,DOWN,15m,btc-15m-1775007900-down,0.99,1.0,200,2.0000,WIN,1405.09,284.56,4.9378,0x6042f3e6d1ce73df6b83dde099cae4589f39bbde4e56168f5bc65b454e12b68a,35717021446404084263976139330933084343013137723236407156051028107873553894452,1775007900,2026-04-01 04:06:12,1.0
b6955a03,2026-04-01 03:58:42,ETH 15m DOWN,DOWN,15m,eth-15m-1775007900-down,0.99,1.0,200,2.0000,WIN,411.04,260.06,1.5806,0xe6d5977f2f15d285fb3b5e0740d9d774e2d2e9ce8a69a0a6ef16bd976bb577f0,50357811841817916741219729154405891502589907562578371867267586861242999164225,1775007900,2026-04-01 04:04:11,1.0
d00a8795,2026-04-01 04:04:28,BTC 5m UP,UP,5m,btc-5m-1775008800-up,0.99,1.0,200,2.0000,WIN,1512.15,996.54,1.5174,0x9bcf9dc4acc0903e842e739244bb8c1c94fd155b8b5ef30933c2b60be585605f,57512410608756882142559476096694022734712684194766184167546136724245875412818,1775008800,2026-04-01 04:11:11,1.0
b36ce0f0,2026-04-01 04:13:50,ETH 5m DOWN,DOWN,5m,eth-5m-1775009400-down,0.99,1.0,200,2.0000,WIN,478.0,309.42,1.5448,0x40009ccb1998a89fcd52c777ebfd13464d02d16ec439b94cf52d0a7570c683d9,48651034197119877712678576779115046852847137981048355701967411660136210066628,1775009400,2026-04-01 04:21:12,1.0
7996f78c,2026-04-01 04:14:03,ETH 15m DOWN,DOWN,15m,eth-15m-1775008800-down,0.99,1.0,200,2.0000,WIN,299.72,70.45,4.2544,0x6ae1f6a48f3cc5983091e29606a450e917269ed65f6f35be95495ace095ed3c5,19882683293338648237967095040092756996126134604974469541567216091164648094461,1775008800,2026-04-01 04:21:12,1.0
b7cdcb74,2026-04-01 04:19:01,ETH 5m UP,UP,5m,eth-5m-1775009700-up,0.99,1.0,200,2.0000,WIN,198.2,105.76,1.8741,0xa5ad6977f810d474b1fe912e648a84d25780c5f4c022639187f5afe23e7fd89f,12427868846376418770721816681485700444974139389105644959455467306535747518808,1775009700,2026-04-01 04:24:11,1.0
fc43b903,2026-04-01 04:26:57,BTC 15m DOWN,DOWN,15m,btc-15m-1775009700-down,0.99,1.0,200,2.0000,WIN,1057.89,688.44,1.5366,0x82fff2ee4dd41e87a940c0c3e39480a4a20130d4f70b6310306872aead39693b,47854797567775968472838917000355242787354316214681542641822549355141662783547,1775009700,2026-04-01 04:36:11,1.0
1161c967,2026-04-01 04:27:47,ETH 5m DOWN,DOWN,5m,eth-5m-1775010300-down,0.99,1.0,200,2.0000,WIN,88.3,57.23,1.5429,0x0716d200575e0ff1fa22fa77ccbc8a7c6d342eb58774d7207347689afa10e3e1,105774307273556672512182880124144621534463941815929976220581122600863063858169,1775010300,2026-04-01 04:36:11,1.0
86f1678b,2026-04-01 04:28:20,BTC 5m DOWN,DOWN,5m,btc-5m-1775010300-down,0.99,1.0,200,2.0000,WIN,1751.47,150.91,11.6061,0xc04565eec066983f7de499456b9697974b0a50e546cc08ffcf5c86a6bdd20073,13029243037480392783914066886114761330213737251544519686891992331998036038095,1775010300,2026-04-01 04:34:11,1.0
bc859e66,2026-04-01 04:34:55,BTC 5m DOWN,DOWN,5m,btc-5m-1775010600-down,0.99,1.0,200,2.0000,WIN,207.87,137.73,1.5093,0x79703f7f3316f040df64e61bbe5bc70b44534578fedb16e14a929c5deed1b3b6,83402873371593734126853320785548953787199906463341344198264307375905704164635,1775010600,2026-04-01 04:39:11,1.0
c49140a3,2026-04-01 04:37:38,ETH 5m UP,UP,5m,eth-5m-1775010900-up,0.99,1.0,200,2.0000,WIN,302.93,42.91,7.0597,0xe9466637d67dd1d9d8c64b6418aa0f0be0e50f727b86d840a743e9452982b8a3,1928076354005078434148625876537688613933608151437920152053214126957273747731,1775010900,2026-04-01 04:46:12,1.0
4bed6cc9,2026-04-01 04:42:30,ETH 15m UP,UP,15m,eth-15m-1775010600-up,0.99,1.0,200,2.0000,WIN,201.0,43.0,4.6744,0xd6ff824848e9cde49e04f52a39148845601cd18e5160bd42b8f335eba5f2532a,30109727933846744585079042397906559806401092509199426927231039028562237020449,1775010600,2026-04-01 04:49:11,1.0
40ad75d1,2026-04-01 04:54:39,ETH 5m UP,UP,5m,eth-5m-1775011800-up,0.99,1.0,200,2.0000,WIN,195.76,43.66,4.4837,0x6ba5f1acf044d660053f014bc8ec0466144b6327b95eb48d190d75c02d656bce,79079124153886558865867570671469726811196609975449819949941862284450619433664,1775011800,2026-04-01 05:01:11,1.0
6ce698d5,2026-04-01 04:54:57,BTC 5m UP,UP,5m,btc-5m-1775011800-up,0.99,1.0,200,2.0000,WIN,37.43,23.71,1.5787,0x9ae8ae982a15308017f5d662e45aca7a40b8bfc61c0eb5b87f46ad952bd038b9,113219687779973737340263911367369915442902494566968303582895669399458423311327,1775011800,2026-04-01 04:59:11,1.0
f4e6e136,2026-04-01 04:59:58,BTC 15m UP,UP,15m,btc-15m-1775011500-up,0.99,1.0,200,2.0000,WIN,127.12,73.12,1.7385,0x2d520c326cc81b33894f8c43a906fba339c49091cf513b12c5bd76cb15d5e766,43604682045391762245387554665154022155901210236638789137259944979833281108581,1775011500,2026-04-01 05:08:12,1.0
3374c31e,2026-04-01 05:02:30,ETH 5m UP,UP,5m,eth-5m-1775012400-up,0.99,1.0,200,2.0000,WIN,199.72,44.01,4.5381,0x9fbb178db5906d080fe3c75f7fea32680f06dbd36fe469764d2d8793066c227f,37573714477539535921493783843500906446758828885085819975325568230879351804851,1775012400,2026-04-01 05:13:12,1.0
e265d1e2,2026-04-01 05:04:26,BTC 5m UP,UP,5m,btc-5m-1775012400-up,0.99,1.0,200,2.0000,WIN,218.07,39.38,5.5376,0xae9fb7663cabeadab83e76c535b0e72b08ed914a3914db73d34cd4b0b6f8b085,70172193930208760412968703880380125996551933600979629690183722909164847821305,1775012400,2026-04-01 05:11:12,1.0
498190dc,2026-04-01 05:07:15,ETH 15m UP,UP,15m,eth-15m-1775012400-up,0.99,1.0,200,2.0000,WIN,826.0,364.57,2.2657,0xc4849f4c6bbce46628c1e9b8b22d45750b69d8fd7e67bf843fff87268dc770ae,107704310604905704497240985955619064394882170405488901057305909492827520801740,1775012400,2026-04-01 05:19:11,1.0
88c3a92a,2026-04-01 05:07:17,BTC 15m UP,UP,15m,btc-15m-1775012400-up,0.99,1.0,200,2.0000,WIN,1936.18,1038.0,1.8653,0xc992631f44abbf4a04fb529f26b233fd4697e7eb1fc03d6006590ad4c68afadd,38835738303080141346877832999653371143715522136593858444457544839978878216363,1775012400,2026-04-01 05:19:11,1.0
5f17ca53,2026-04-01 05:07:27,ETH 5m UP,UP,5m,eth-5m-1775012700-up,0.99,1.0,200,2.0000,WIN,828.02,444.73,1.8618,0xc0b580ffefb6f161908cd815fb4339147ae46d1c34af3c26a2fea9de4f024a6b,78538014938236032014705258748488933238461874619705267186115877013980803792930,1775012700,2026-04-01 05:16:12,1.0
99892209,2026-04-01 05:08:26,BTC 5m UP,UP,5m,btc-5m-1775012700-up,0.99,1.0,200,2.0000,WIN,2895.72,1552.13,1.8656,0x347d7a30d5621de9d014e7dc8ae559672df25ac810e27bb0f2527dd8f9931223,27542294534131746583821060599398259717389003698049312893701327257053250679399,1775012700,2026-04-01 05:16:12,1.0
5bd16e49,2026-04-01 05:14:19,ETH 5m DOWN,DOWN,5m,eth-5m-1775013000-down,0.99,1.0,200,2.0000,WIN,255.74,167.06,1.5308,0xc33f9b17ef44ca17f6e8626846f254ebfdd9139acf4f9790d94952831dcfb452,92688793939794043679233690684696042253008627235024919529293437942421192771245,1775013000,2026-04-01 05:19:11,1.0
61ba8f25,2026-04-01 05:14:35,BTC 5m DOWN,DOWN,5m,btc-5m-1775013000-down,0.99,1.0,200,2.0000,WIN,2711.45,1750.31,1.5491,0x927498ac3de6b3ff0e2c4bed0a2143688cdf7e08d8e80413d269e4bb61340da8,89842113842186874812706930345815942092279595670112500585541849188779084549925,1775013000,2026-04-01 05:19:11,1.0
ddd28ac4,2026-04-01 05:24:49,BTC 5m DOWN,DOWN,5m,btc-5m-1775013600-down,0.99,1.0,200,2.0000,WIN,730.41,342.04,2.1355,0xc95a1ab1a6d851701e5d44e410ea84c1795df19188d36f923c37a10274bab9f3,55686100544867766701192011667932120238708990006682095711147208078802798551771,1775013600,2026-04-01 05:29:10,1.0
fe6d0768,2026-04-01 05:27:26,ETH 15m DOWN,DOWN,15m,eth-15m-1775013300-down,0.99,1.0,200,2.0000,WIN,710.2,432.65,1.6415,0x0af5b714bcb5b02624d94dc865e4741662178e1c85bd32c192808efa6a5bd9cf,27786722841035852668770319546953974958584189089042523858579363414150173083244,1775013300,2026-04-01 05:34:11,1.0
c77c1c2d,2026-04-01 05:29:13,BTC 15m DOWN,DOWN,15m,btc-15m-1775013300-down,0.99,1.0,200,2.0000,WIN,1712.3,617.33,2.7737,0x535a53b52ec77c35361df50df2aa0a3008831083cd151f86e200e328d02d6148,72305036846888856512925703881004604528499631300887934961557879563674693681148,1775013300,2026-04-01 05:36:12,1.0
6838f8ef,2026-04-01 05:43:24,ETH 5m UP,UP,5m,eth-5m-1775014800-up,0.99,1.0,200,2.0000,WIN,153.66,72.94,2.1067,0x6deb2dc95a5dabb193b491d69ac470452b7ce00a9de80e04a775785bc7876225,31165710015006318051846458074128156821016386182631010316510843127428946508026,1775014800,2026-04-01 05:49:11,1.0
a3afee66,2026-04-01 05:44:00,BTC 15m UP,UP,15m,btc-15m-1775014200-up,0.99,1.0,200,2.0000,WIN,2196.85,870.94,2.5224,0xcf16f503ae1ede6f41747c64986988133296ea11f6c242bc29d632c3e68903b9,82943013649990750188232173562815049057226709391543834707941499411820655598836,1775014200,2026-04-01 05:51:12,1.0
ede75d40,2026-04-01 05:44:13,BTC 5m UP,UP,5m,btc-5m-1775014800-up,0.99,1.0,200,2.0000,WIN,2515.05,1581.94,1.5899,0xd2355dc875e74f83e0016a7a05d55317df4ca5f45e8f1438a2d8300de23d3195,32910029448410397656163343211331240480808004398859274009133837250163198285570,1775014800,2026-04-01 05:49:11,1.0
02058b5c,2026-04-01 05:49:21,ETH 5m UP,UP,5m,eth-5m-1775015100-up,0.99,1.0,200,2.0000,WIN,188.31,120.18,1.5669,0xd86b07258eab4dc3b1b02bab84deae9be31ae2f5e3044426572f910fe42d832b,17237436825669839425577113415834853295440686326830978180799546876509141339314,1775015100,2026-04-01 05:54:11,1.0
7ebdb61b,2026-04-01 05:54:47,ETH 5m DOWN,DOWN,5m,eth-5m-1775015400-down,0.99,1.0,200,2.0000,WIN,74.43,43.7,1.7032,0x62aca545bc0aa964eb35612d11466b7de496796b43191f4831a69f702eac3633,18537317225630561183014432251981184417083008297459726607276031215125037932982,1775015400,2026-04-01 05:57:11,1.0
ff1e792c,2026-04-01 05:54:58,BTC 5m DOWN,DOWN,5m,btc-5m-1775015400-down,0.99,1.0,200,2.0000,WIN,36.57,5.0,7.3140,0x67b650264d556ce0387034d5abce1ee9aa007ebf78f9a0294db0aa918b4109f4,62521766895286001255599611414812719805070462169337130197717775841915527148805,1775015400,2026-04-01 05:59:11,1.0
5d7dfc6f,2026-04-01 05:59:30,ETH 15m UP,UP,15m,eth-15m-1775015100-up,0.99,1.0,200,2.0000,WIN,168.07,111.01,1.5140,0x22e9280b8521990b448d492f38bff7c1dca85e436d85c6a7c4237cc42494de9f,42565033324899764117379939969989369587654549523785241727581260729326968298308,1775015100,2026-04-01 06:04:11,1.0
89b3a5fc,2026-04-01 05:59:33,BTC 15m UP,UP,15m,btc-15m-1775015100-up,0.99,1.0,200,2.0000,WIN,1317.4,490.27,2.6871,0xcca606f8d61b71539d12a1e8cb03e48ce53ef92494491158f66c8ecd75fcb4de,103204228337868699795388331068773459375518214505212350434307251757662989048061,1775015100,2026-04-01 06:04:11,1.0
c4b08c24,2026-04-01 06:09:56,ETH 5m UP,UP,5m,eth-5m-1775016300-up,0.99,1.0,200,2.0000,WIN,10.26,3.32,3.0904,0x444944fef5185588b8bd2fe3b05d0ff1148823d7ff183c3b565a7b12b380cdc1,1996348910892494495378779492351960430662197560575361666780428226347620804879,1775016300,2026-04-01 06:14:11,1.0
bfce4e66,2026-04-01 06:12:47,BTC 15m DOWN,DOWN,15m,btc-15m-1775016000-down,0.99,1.0,200,2.0000,WIN,529.28,133.95,3.9513,0xd378fe558a898ead90b349423af8d6d70d6b3b1064d6b69aa63e11e8cba772a9,14197590194924521241170533028505524004639758198566102411423452405349410103744,1775016000,2026-04-01 06:17:11,1.0
3b7ede02,2026-04-01 06:14:57,ETH 15m DOWN,DOWN,15m,eth-15m-1775016000-down,0.99,1.0,200,2.0000,WIN,138.8,83.1,1.6703,0xdacb1a13f20d5697e8c0f9e550b0673d89f2d409005a96d5c78016ab1bda8e91,93717725513380249682633611023429142677778118565147320186795111732723222370244,1775016000,2026-04-01 06:19:11,1.0
9adb3a84,2026-04-01 06:18:29,ETH 5m UP,UP,5m,eth-5m-1775016900-up,0.99,1.0,200,2.0000,WIN,242.65,81.94,2.9613,0x57726615c86dab9f0a0a3c0f89ac986f8121d2ad4ba0ba0705b56bc7f4bc2bc0,113712629230038860720159335326543381904193873071066459017352338739356446182822,1775016900,2026-04-01 06:24:11,1.0
73679a92,2026-04-01 06:19:42,BTC 5m UP,UP,5m,btc-5m-1775016900-up,0.99,1.0,200,2.0000,WIN,2221.66,188.79,11.7679,0x03b41bd4d85f3ac02f74c0a71d5fbfa5f211b918051baff14dbfdae4f8f55862,111582683655324726338524516237939150018747277378458943180043427369620073678179,1775016900,2026-04-01 06:26:11,1.0
83953789,2026-04-01 06:24:56,ETH 15m UP,UP,15m,eth-15m-1775016900-up,0.99,1.0,200,2.0000,WIN,212.69,41.59,5.1140,0xd9bd877c0c1086f867f8d86f77b74208fb7558950b1008297f2a6a47627c1ad2,95293088113009700171597230999221864789788276568651330369910336339321379019835,1775016900,2026-04-01 06:34:11,1.0
d322c4e5,2026-04-01 06:29:13,BTC 15m UP,UP,15m,btc-15m-1775016900-up,0.99,1.0,200,2.0000,WIN,1548.97,611.05,2.5349,0xffc6efbebb016defd2a8de168ab0d91681477ec9d1454086a992a2435baab814,94902512634928719772103072693206286047584048407590661523501679549912474856288,1775016900,2026-04-01 06:34:11,1.0
a00f3077,2026-04-01 06:29:56,BTC 5m UP,UP,5m,btc-5m-1775017500-up,0.99,1.0,200,2.0000,WIN,1136.35,720.83,1.5764,0x3ba1bf64838a2fd2b02db93f1646287cc0937fde6c7b67efe061732b9bf05471,48321623979748399100779319364362247297250807823872880565382131946666364756520,1775017500,2026-04-01 06:34:11,1.0
5e42f04c,2026-04-01 06:39:56,BTC 5m UP,UP,5m,btc-5m-1775018100-up,0.99,1.0,200,2.0000,WIN,497.71,251.84,1.9763,0x7fe607dd9bdce1ded8d8084851e88df95d79f08e4197a47b433b61bf338afaed,89409034967256980447409069664313829074297171057908980661634767698894147434120,1775018100,2026-04-01 06:44:11,1.0
3fa1d609,2026-04-01 06:54:01,BTC 15m UP,UP,15m,btc-15m-1775018700-up,0.99,1.0,200,2.0000,WIN,3002.58,1342.98,2.2358,0x0a32b50394686b0b5c8dd181b6521461c6bb0e8df0f837afecf22868737c7437,23893578141342775527177574311526794366979218042654802125730654924045584573373,1775018700,2026-04-01 07:06:12,1.0
12a99d0c,2026-04-01 06:54:27,BTC 5m UP,UP,5m,btc-5m-1775019000-up,0.99,1.0,200,2.0000,WIN,3042.55,1988.66,1.5299,0x3b0b0768dcc126a8cb60be4480dca91e5023c1ba9f26ee66680a3448073ade5e,64817282831777235543024599032522401701080135767053243260371041705722090460949,1775019000,2026-04-01 07:01:11,1.0
70c9cf0d,2026-04-01 07:09:15,ETH 5m UP,UP,5m,eth-5m-1775019900-up,0.99,1.0,200,2.0000,WIN,455.17,52.54,8.6633,0xe2b46e4ed930a7bdc838c2ad39fed5dfd3b8e2156b65f9ee88515a53a3434a89,5023045931962013979229503193362629394563897741841789982513595976494948214705,1775019900,2026-04-01 07:16:11,1.0
b6537e00,2026-04-01 07:09:36,BTC 5m UP,UP,5m,btc-5m-1775019900-up,0.99,1.0,200,2.0000,WIN,2507.09,925.59,2.7086,0x2deb12f9dcf086a36e4cbda4953761a927def39880facc96db9287c76241ab06,63696609881214649744410601075315329320481478755384676167752208230312243846290,1775019900,2026-04-01 07:16:11,1.0
945a382a,2026-04-01 07:12:41,BTC 15m DOWN,DOWN,15m,btc-15m-1775019600-down,0.99,0.0,200,-198.0000,LOSS,1157.49,771.31,1.5007,0xb2ed4fa694e5be2fce0004178ecc4f6181fc45ae8cc2ca9e39e66c30ea9706a8,41076587697566893958047399412980599780419959295083536268219915295170900100767,1775019600,2026-04-01 07:19:11,0.0
61905cd0,2026-04-01 07:14:21,BTC 5m UP,UP,5m,btc-5m-1775020200-up,0.99,1.0,200,2.0000,WIN,2798.28,1833.77,1.5260,0x6e695ff9700395dc72c99d02a02198b9738a3cfb0cfbc0c3f61391a868eb9421,113066303598017455680773799452767269218213570977741210087302234757244790488014,1775020200,2026-04-01 07:19:11,1.0
a85bd88e,2026-04-01 07:17:45,ETH 5m UP,UP,5m,eth-5m-1775020500-up,0.99,1.0,200,2.0000,WIN,92.06,54.39,1.6926,0x89794d7cbe056fc2f7a2ff1ddbd3866aedf538f7176a9500c5b2fe15b54a0e30,54147329795028868859611822939803613482961953295316608128102118347387563801957,1775020500,2026-04-01 07:26:11,1.0
9ab0fe7e,2026-04-01 07:24:22,ETH 5m UP,UP,5m,eth-5m-1775020800-up,0.99,1.0,200,2.0000,WIN,533.62,140.66,3.7937,0x65e0f52d8d22c5ce45060a0365ba570778718440ccdcc1ceda8a211ac0b5535e,91781460004348036959185273041000362359805937068937240202123888193789558559022,1775020800,2026-04-01 07:29:11,1.0
be91d5e2,2026-04-01 07:24:28,ETH 15m UP,UP,15m,eth-15m-1775020500-up,0.99,1.0,200,2.0000,WIN,22.0,5.0,4.4000,0xba4b5a6fc4ec0376fa24b65b96c9ad1843acfe6562a335f7d613cf31c41412ed,111739029327581354940125810801886186187405507965230839182392459335220969479845,1775020500,2026-04-01 07:34:11,1.0
ebae1f6c,2026-04-01 07:24:40,BTC 5m UP,UP,5m,btc-5m-1775020800-up,0.99,1.0,200,2.0000,WIN,2706.06,731.86,3.6975,0xc5c4361f16bcf796941064575db532a6bc91255a2dd28c085d4db9dddb340dd0,105002231143601389452467837983519247327434976617518153369028699819514581003542,1775020800,2026-04-01 07:31:11,1.0
f02d7151,2026-04-01 07:25:41,BTC 15m UP,UP,15m,btc-15m-1775020500-up,0.99,1.0,200,2.0000,WIN,1088.16,452.42,2.4052,0xf951075e638275f23b2c3c61b5e9e1e58012d5d0446825f82faea923e2583228,7026761594647911551019781644868439475542298844964807922673822969055470946700,1775020500,2026-04-01 07:34:11,1.0
f7465853,2026-04-01 07:28:48,ETH 5m UP,UP,5m,eth-5m-1775021100-up,0.99,1.0,200,2.0000,WIN,715.74,335.03,2.1363,0xe483f37ce9af7a3b07d3c0cad9a8b20455a36607b7dc79674ff683ad7445c7f1,88600819358431245192102802700634089286384614358754191823513806490271153732882,1775021100,2026-04-01 07:36:12,1.0
0f4e239f,2026-04-01 07:29:26,BTC 5m UP,UP,5m,btc-5m-1775021100-up,0.99,1.0,200,2.0000,WIN,1824.05,1177.33,1.5493,0xd08cc51278a7987d521d442ddab87bcb0c99616ac0b1e484a7285cbfc327e038,94098295508300164367604176301981448819275854153355111993820460228180241501624,1775021100,2026-04-01 07:36:12,1.0
f07a8288,2026-04-01 07:34:46,ETH 5m UP,UP,5m,eth-5m-1775021400-up,0.99,1.0,200,2.0000,WIN,200.01,57.24,3.4942,0xf6297bccefa8be7b14d362497f5f8a257976f3f4f3fd1792d28e1f5754d4a38f,18815739239707133605508500998394806884948351520452255388107924607823998230240,1775021400,2026-04-01 07:39:11,1.0
1f8bc75a,2026-04-01 07:38:36,BTC 5m DOWN,DOWN,5m,btc-5m-1775021700-down,0.99,1.0,200,2.0000,WIN,2333.97,1448.42,1.6114,0x77d144ef38c37b259749398a410bf146acd882e15cc6fa567cb8300d65352599,20856830576448069142613312365384415643727635215827015611271048878208845682005,1775021700,2026-04-01 07:44:11,1.0
6eaca5c3,2026-04-01 07:38:38,ETH 5m DOWN,DOWN,5m,eth-5m-1775021700-down,0.99,1.0,200,2.0000,WIN,449.92,234.67,1.9172,0xf3fd062e4838fe249144da73e8eed34a52e1c0467ef23ac8a16b588ffe01b6d1,65265292191265617487805750087067827295343787009718215362731425778590218897379,1775021700,2026-04-01 07:44:12,1.0
7e3402da,2026-04-01 07:44:46,BTC 15m DOWN,DOWN,15m,btc-15m-1775021400-down,0.99,1.0,200,2.0000,WIN,1200.9,445.88,2.6933,0x0c81dfc81efb1d5f6b363986e74bd5f2d71c75fe3afe69054875b83b6e91a9e7,33562829426696810700898848928363066813941352281500465185984016633472355769036,1775021400,2026-04-01 07:49:12,1.0
dd81fc02,2026-04-01 07:44:53,ETH 5m UP,UP,5m,eth-5m-1775022000-up,0.99,1.0,200,2.0000,WIN,140.76,49.62,2.8368,0x9771e284b6f28c00d45fcf8db634cf353907c0244f0d0524fd0cb6c2217f114d,115129115781277924807338678670408423005311321897931094318745798741404289948106,1775022000,2026-04-01 07:49:11,1.0
02d7ae3e,2026-04-01 07:54:52,ETH 5m UP,UP,5m,eth-5m-1775022600-up,0.99,1.0,200,2.0000,WIN,325.77,172.04,1.8936,0xe2d400a28e70eb081a998869a4077bbce5b27bebcd6e5092db69eeddf3a4f9dd,10197087214038952877758901800389787352924578927802753566209138676278130562232,1775022600,2026-04-01 07:59:11,1.0
b577ad8e,2026-04-01 07:54:57,BTC 5m UP,UP,5m,btc-5m-1775022600-up,0.99,1.0,200,2.0000,WIN,243.0,155.54,1.5623,0xe6417b22cb01f4fb5d3c0c96941fab5f9ef109d0ad8565e4905cc59b582fd09d,109129009278437667392093001194133296496495260987897189187386555527231732158688,1775022600,2026-04-01 07:59:11,1.0
0fb8282b,2026-04-01 07:58:54,ETH 15m DOWN,DOWN,15m,eth-15m-1775022300-down,0.99,1.0,200,2.0000,WIN,704.11,451.08,1.5609,0xd167d30ba0c1d0dcca8159d0df8762c02de7063a921915853edeb451230909c5,28904649663425257416282660376098059816476337338625445809375141098707087646281,1775022300,2026-04-01 08:04:11,1.0
a381e2f4,2026-04-01 07:59:06,ETH 5m DOWN,DOWN,5m,eth-5m-1775022900-down,0.99,1.0,200,2.0000,WIN,35.51,6.93,5.1241,0xf4e622d2695e51785eed134fb93fe238742768b3e69a4a716065106af9186acc,44934964745932085612268478803587948072711796590069162363734959306458195370963,1775022900,2026-04-01 08:02:11,1.0
a9ed8567,2026-04-01 07:59:23,BTC 15m DOWN,DOWN,15m,btc-15m-1775022300-down,0.99,1.0,200,2.0000,WIN,1125.19,640.63,1.7564,0x105cc0dfb2ef123fdc302968d82f3e4c93d3c3c5dd6b8b7166b9e092e4995fd4,26473624415173802339168296595838061776390753674740071691837958534198605507404,1775022300,2026-04-01 08:04:12,1.0
bf4d8773,2026-04-01 07:59:53,BTC 5m DOWN,DOWN,5m,btc-5m-1775022900-down,0.99,1.0,200,2.0000,WIN,782.05,418.53,1.8686,0xaa3ec0d8374db3f92d154b0f2e681da92083a157ecdb5afdee8ee1d15f9b71d1,20981861958888954492836128859741542865543375533645821620202891518716732863501,1775022900,2026-04-01 08:04:11,1.0
e54250fb,2026-04-01 08:04:28,ETH 5m UP,UP,5m,eth-5m-1775023200-up,0.99,1.0,200,2.0000,WIN,422.38,263.09,1.6055,0xaad46b520fc2f3c0f0509c789030831fdfcccfe6aff4703917952d24aecbab04,62386016036543312218424074119332496612918319704289766856005733314857117220436,1775023200,2026-04-01 08:09:11,1.0
be0215e2,2026-04-01 08:04:57,BTC 5m UP,UP,5m,btc-5m-1775023200-up,0.99,1.0,200,2.0000,WIN,332.85,221.51,1.5026,0xf0329b8fc7eee2501bc6ea499aa7afa4c1f082d1157ddab73a20613be30bd4c9,75146172965607131193030230169981267261595114151749618685184398767083362911254,1775023200,2026-04-01 08:09:11,1.0
0a6d5efa,2026-04-01 08:08:30,ETH 15m UP,UP,15m,eth-15m-1775023200-up,0.99,1.0,200,2.0000,WIN,853.5,383.74,2.2242,0xd5f3ba3075ab51338473e45f05c2be93af626131ec197e1f9aad244b3b90032e,8861608795225425135609520022055769156634258192958917736895564949873295858397,1775023200,2026-04-01 08:19:11,1.0
696e4832,2026-04-01 08:08:46,BTC 5m UP,UP,5m,btc-5m-1775023500-up,0.99,1.0,200,2.0000,WIN,4675.76,2986.6,1.5656,0xdd568187a464be4eda793ee15bfbc34479618438a4781490b35cfba989e7a257,53924576866266411471499694655308431617524220779186335103117502692778872503127,1775023500,2026-04-01 08:14:10,1.0
c8dbd9d5,2026-04-01 08:09:16,BTC 15m UP,UP,15m,btc-15m-1775023200-up,0.99,1.0,200,2.0000,WIN,9193.16,5548.93,1.6567,0xe0669190da7934d8f16d9cc32967b9734d189d93a1b87ac3b5c485c5f92e98cf,17219850966606007204671207806637595600747097534281832558826138075279711837330,1775023200,2026-04-01 08:17:11,1.0
1d803289,2026-04-01 08:14:06,ETH 5m UP,UP,5m,eth-5m-1775023800-up,0.99,1.0,200,2.0000,WIN,73.25,28.5,2.5702,0xf40dd2e6a1d4fd1dddc3b4ec79f2b22caa02666103176250dc419c87048da5a0,71743720176566634260269122907701061626078646366076488683621421604775500485047,1775023800,2026-04-01 08:19:11,1.0
554c831d,2026-04-01 08:14:55,BTC 5m UP,UP,5m,btc-5m-1775023800-up,0.99,1.0,200,2.0000,WIN,1502.61,862.94,1.7413,0x03ecb8554d10f833c0cfea62f5f962b78518def786e620e34da6d6780dfeebac,26020678065473984233393510274257388501095322676369330547561832725159784944792,1775023800,2026-04-01 08:19:11,1.0
c95d4c19,2026-04-01 08:24:33,BTC 5m UP,UP,5m,btc-5m-1775024400-up,0.99,1.0,200,2.0000,WIN,1958.16,359.97,5.4398,0xa2f05fcbc7cfc5cd3dbdb891a609288f2f0287da9c1653c908d16086c8f99d9c,98658581660235234340343741086783924474228110289194024558354459568254112031695,1775024400,2026-04-01 08:29:11,1.0
d2590bad,2026-04-01 08:24:44,BTC 15m UP,UP,15m,btc-15m-1775024100-up,0.99,1.0,200,2.0000,WIN,2246.63,1239.48,1.8126,0x39a520de6e4d197ffe4d2fb06ed9de2a114d22f367b3194fb221d8ed3659d3fd,56898532385406446845412535811657864391541242777390581624927065678498144509983,1775024100,2026-04-01 08:34:11,1.0
99f20366,2026-04-01 08:28:13,ETH 15m UP,UP,15m,eth-15m-1775024100-up,0.99,1.0,200,2.0000,WIN,690.19,265.79,2.5967,0xd7414c46a9570035e90020ccaf606b420856c4c03fe076fc8e401bd5b3a054fc,17316256551732359325784088282553087350313451337124004954150835688001546816277,1775024100,2026-04-01 08:36:12,1.0
bf5ddf26,2026-04-01 08:29:33,ETH 5m UP,UP,5m,eth-5m-1775024700-up,0.99,1.0,200,2.0000,WIN,519.76,323.47,1.6068,0xde54efbdbc8f9bcde896f7b8ab9500d0bf36e95e1461615f8df928b0c937c14b,11038427449749992413973005338524078502976109955025929251690914444189711150902,1775024700,2026-04-01 08:34:12,1.0
8fce6430,2026-04-01 08:29:58,BTC 5m UP,UP,5m,btc-5m-1775024700-up,0.99,1.0,200,2.0000,WIN,598.94,112.98,5.3013,0x5d6c459f06b053b09748a27c9783cae3e6a9b5d60f3b0143fc28149a586147c0,28708766708361151025414709942138161107718122447785764204314262239007874221619,1775024700,2026-04-01 08:36:11,1.0
f7176258,2026-04-01 08:34:29,BTC 5m UP,UP,5m,btc-5m-1775025000-up,0.99,1.0,200,2.0000,WIN,1413.5,378.06,3.7388,0x0b6493d7f4a11d0687bb3ef5d2c6dfda5656f7af3f641377c3e2efae74ea06d1,108194336731497303295771496985972597853032131719077291707737599874190461476381,1775025000,2026-04-01 08:37:11,1.0
a1d7c833,2026-04-01 08:39:46,ETH 5m DOWN,DOWN,5m,eth-5m-1775025300-down,0.99,1.0,200,2.0000,WIN,344.04,224.29,1.5339,0x0fabe1886a8c1f5012aa95be9f6b4390510c9e3355d258bd0692b9784162cef6,104308247458056975321756251435918166238482722435516217114797590364310122281698,1775025300,2026-04-01 08:44:11,1.0
3bc4abff,2026-04-01 08:39:58,BTC 5m UP,UP,5m,btc-5m-1775025300-up,0.99,1.0,200,2.0000,WIN,406.9,259.23,1.5696,0x763583d27a360bf3584243767a2ef8ea39abfdb8f22b22e256ae10ad4b3642cc,28794585434842353243628307572297125949407630382450518837031458666977991484621,1775025300,2026-04-01 08:44:10,1.0
8de964f8,2026-04-01 08:41:43,BTC 15m UP,UP,15m,btc-15m-1775025000-up,0.99,1.0,200,2.0000,WIN,1293.3,693.09,1.8660,0x69f8b4f97e19379ac05a5ef26f17fb32c5f8454d2a3dc975a14d1a1d875cce43,8554848604838148765510452099547737129516148095308268873786016958346951809490,1775025000,2026-04-01 08:49:11,1.0
a45256bc,2026-04-01 08:43:16,ETH 15m UP,UP,15m,eth-15m-1775025000-up,0.99,1.0,200,2.0000,WIN,330.0,36.75,8.9796,0x480c62fe25e2fd2af8851bbdc66d24953b6bca8305cf2c2dab8ef98ed758cb4c,94124121400144152544208243291987416493684567591616458844036433123588552885294,1775025000,2026-04-01 08:49:11,1.0
2c9da493,2026-04-01 08:44:08,ETH 5m UP,UP,5m,eth-5m-1775025600-up,0.99,1.0,200,2.0000,WIN,320.34,144.44,2.2178,0x9b868d9ac4c846961f8b4fdc03804f5755f175827b3205d48f10637d3af6bca5,53223557022752030339784579939077160970997481518411240484411915430483414592970,1775025600,2026-04-01 08:49:12,1.0
019bd68c,2026-04-01 08:44:10,BTC 5m UP,UP,5m,btc-5m-1775025600-up,0.99,1.0,200,2.0000,WIN,3770.4,1099.7,3.4286,0xa7c261b0dbeffbd808cc0ab2bef657fa58e390a37bf09f8f84803dcee3582117,98257585702540503119039651236146391810229530505015874207902762994733648616363,1775025600,2026-04-01 08:51:12,1.0
c2bee46c,2026-04-01 08:48:52,BTC 5m DOWN,DOWN,5m,btc-5m-1775025900-down,0.99,1.0,200,2.0000,WIN,4559.39,1215.56,3.7509,0x3c2a19c86553a82267e9d07c39688d3b9bf1c6f6e9b159d9f3eae01875cad387,108577518696435722207750081254652775346450670431051883627641532675529567334373,1775025900,2026-04-01 08:52:11,1.0
518453d3,2026-04-01 08:54:39,BTC 5m UP,UP,5m,btc-5m-1775026200-up,0.99,1.0,200,2.0000,WIN,2656.81,1166.51,2.2776,0x6e0a5031c31da7e76ca167bb11d01d649c69adf38f16e652700b100303a20c82,11190247479286374536592058199589899862405030594240368739510133049845749944652,1775026200,2026-04-01 09:01:11,1.0
90aed7b9,2026-04-01 08:59:20,BTC 15m DOWN,DOWN,15m,btc-15m-1775025900-down,0.99,1.0,200,2.0000,WIN,1126.06,610.84,1.8435,0x431f17b1e0167f4be10c7a4ae89a4e41be0dbf7436da95053f6b4fd5d62f02c4,92789139596584343849683136780470125982752683692307607469704717504757818197736,1775025900,2026-04-01 09:06:11,1.0
8885c534,2026-04-01 08:59:33,ETH 5m UP,UP,5m,eth-5m-1775026500-up,0.99,1.0,200,2.0000,WIN,358.7,233.06,1.5391,0x64f52263aeac9d8623413e068d0fd1e07f07bb901ddc79c3ef4a63255b03dae9,110376459195007086408532056727489754854732198113222774608470352703427749541043,1775026500,2026-04-01 09:06:11,1.0
9df32bda,2026-04-01 08:59:57,BTC 5m DOWN,DOWN,5m,btc-5m-1775026500-down,0.99,1.0,200,2.0000,WIN,374.08,134.42,2.7829,0xfdbbb277db0c680eb6c86a3ee50df323f9f4245b76acdfb4da2a0dc4864afa72,35479641656071434112542687263725640170912010467169606126360291673144776416780,1775026500,2026-04-01 09:06:12,1.0
fb3598b2,2026-04-01 09:09:22,ETH 5m UP,UP,5m,eth-5m-1775027100-up,0.99,1.0,200,2.0000,WIN,336.47,214.56,1.5682,0xe75882c46fd240885c988af6819014978e4fc5736ccd7638d262e42decc884ec,88213961833271081536529165279554701853297816171933041853460072213597177609216,1775027100,2026-04-01 09:14:11,1.0
6f4583cc,2026-04-01 09:13:12,ETH 5m DOWN,DOWN,5m,eth-5m-1775027400-down,0.99,1.0,200,2.0000,WIN,337.21,65.56,5.1435,0xa6946816f94cad2642d7a278fe6c039a12786ed1a69bec080c3d4d61a366775c,100378494811657678191523325021683785085626981484613371105210795523701394958602,1775027400,2026-04-01 09:19:11,1.0
81ab051e,2026-04-01 09:14:35,ETH 15m DOWN,DOWN,15m,eth-15m-1775026800-down,0.99,1.0,200,2.0000,WIN,623.0,58.22,10.7008,0xfce5ca8912f0f3940588ef4c962cc0beb27b9198f1160795fdea490098f2cf6a,72586457566526109946466829153464735968108495511354684789253194781187932088088,1775026800,2026-04-01 09:19:11,1.0
fa42f541,2026-04-01 09:14:53,BTC 5m DOWN,DOWN,5m,btc-5m-1775027400-down,0.99,1.0,200,2.0000,WIN,304.97,191.82,1.5899,0xc616b90e11c9b1152f90c93363a5a45f9db599fe41b71ecc098082c0caa0514d,114842760699166504120921681725003697263970490659021835074233856374445032710566,1775027400,2026-04-01 09:19:11,1.0
2bdd8857,2026-04-01 09:19:07,ETH 5m DOWN,DOWN,5m,eth-5m-1775027700-down,0.99,1.0,200,2.0000,WIN,225.97,118.26,1.9108,0x491bebe025a7cfc7aa7adc4e6a65a18a6dc840c8e4133e09b71bf09632dd2f06,114817806926452393680986278571736920744770736792617265017137639619480486827063,1775027700,2026-04-01 09:24:11,1.0
0d524af6,2026-04-01 09:19:25,BTC 5m DOWN,DOWN,5m,btc-5m-1775027700-down,0.99,1.0,200,2.0000,WIN,2142.93,1170.17,1.8313,0x7e59b288c77b16337a2ee6797a7be41c97fa8dc87906f7557ac826d3007d590e,113081120354215744495755751632347417841132286803739648039642697544248603841304,1775027700,2026-04-01 09:24:11,1.0
a347e4c6,2026-04-01 09:21:59,ETH 15m DOWN,DOWN,15m,eth-15m-1775027700-down,0.99,1.0,200,2.0000,WIN,419.84,226.36,1.8547,0x540edec71adbd92abf8c71298e6e091064bc4a65f78c52e55131dd2e112eeb07,89484200309127571017247986516863730617750753495089382204422677090907452171152,1775027700,2026-04-01 09:36:12,1.0
d7a8c7c8,2026-04-01 09:23:19,BTC 15m DOWN,DOWN,15m,btc-15m-1775027700-down,0.99,1.0,200,2.0000,WIN,8255.41,4029.67,2.0487,0x83175b57c37fd5a096ebda7ab7c6c03ed4355a959321e240a000bc5e89927ff6,61681940698773836244105866243320247164293762650350002455583557340488382374168,1775027700,2026-04-01 09:36:12,1.0
d8791c39,2026-04-01 09:23:39,BTC 5m DOWN,DOWN,5m,btc-5m-1775028000-down,0.99,1.0,200,2.0000,WIN,3990.32,2228.3,1.7907,0xb795e50407b74c3adf5686b7a45511215a6a005c147dee6fd31e434f526fe6c3,91497041842879202886008485899252420429470929666888642555287127200293712307306,1775028000,2026-04-01 09:27:11,1.0
6ea7c778,2026-04-01 09:23:48,ETH 5m DOWN,DOWN,5m,eth-5m-1775028000-down,0.99,1.0,200,2.0000,WIN,581.52,250.21,2.3241,0xc32428e50979c9f526797d47c61bd05ebc54805346f653a5bd6de2a59d64fe48,108477797597768461415248403554365038733827569079823735341513080290553771822326,1775028000,2026-04-01 09:31:11,1.0
c13a6ff6,2026-04-01 09:39:26,ETH 5m UP,UP,5m,eth-5m-1775028900-up,0.99,1.0,200,2.0000,WIN,274.06,136.97,2.0009,0x199b19ae3bd18a439a3106b9495a1f7ac71d1a87375a8746f3086329eff4d8a6,3428093759766664299284657799295081218142483440537878678436318552532926435487,1775028900,2026-04-01 09:44:11,1.0
9f4f3425,2026-04-01 09:44:52,BTC 15m DOWN,DOWN,15m,btc-15m-1775028600-down,0.99,1.0,200,2.0000,WIN,307.22,28.86,10.6452,0x47bf03c0eb31e093b8e546acb0f3bab2d8a679451fee44ac28342dea0f0c71a5,112337104661601687847962277270243725378213914107819949290916731970566210299068,1775028600,2026-04-01 09:51:11,1.0
0319f840,2026-04-01 09:48:51,BTC 5m DOWN,DOWN,5m,btc-5m-1775029500-down,0.99,1.0,200,2.0000,WIN,6344.15,3253.76,1.9498,0x93836ae5679e881d18d1ded41ad4eaca352e37722c9c9847ac2fa98de534d476,98130729913107663287993213226644398859211097388092604638617764448988690811010,1775029500,2026-04-01 09:56:11,1.0
9e2437ff,2026-04-01 09:54:48,BTC 5m DOWN,DOWN,5m,btc-5m-1775029800-down,0.99,1.0,200,2.0000,WIN,1398.52,907.88,1.5404,0x9e9a7f789b9331e3351d6dd1abfddaec3e83936e8f43cfca96c65047e941fe33,60021218993204464700592547654335334967091027945380256248398589309393084129160,1775029800,2026-04-01 10:01:11,1.0
225164fd,2026-04-01 09:54:51,ETH 5m DOWN,DOWN,5m,eth-5m-1775029800-down,0.99,1.0,200,2.0000,WIN,195.28,101.48,1.9243,0xecfdf880f02fc0b1881200f6ee14c236fa4b5875e9ce7be0d5a5985e525f1fdf,38120416071818045741926324746096196770828859773305512424787784922689491918456,1775029800,2026-04-01 09:59:11,1.0
a2f8dcf8,2026-04-01 09:55:02,BTC 15m DOWN,DOWN,15m,btc-15m-1775029500-down,0.99,1.0,200,2.0000,WIN,928.78,498.21,1.8642,0x4da18d150b53a9004773233a882d2d2614802de83b73dce459f3b04675f862fa,58938588097409207230711149436327874525561307762871600668235879514511499553129,1775029500,2026-04-01 10:06:11,1.0
f59d8cb4,2026-04-01 09:55:22,ETH 15m DOWN,DOWN,15m,eth-15m-1775029500-down,0.99,1.0,200,2.0000,WIN,176.04,85.12,2.0681,0xdbe0fa743d77b3e322ca6a8cbd2bd82a2ae7be5310c917179c027cffe58ff939,73502003492923321470979382570673438893099239478175100264757101192804207071941,1775029500,2026-04-01 10:06:12,1.0
870ba58a,2026-04-01 09:59:26,ETH 5m DOWN,DOWN,5m,eth-5m-1775030100-down,0.99,1.0,200,2.0000,WIN,460.2,226.15,2.0349,0xcecf77f40a54566c04bf637f1c93a94a6fcc6a5e038985ad8fdc098e82f148f4,66778752507694571285571637405393365427540482446896328277998209913848353269577,1775030100,2026-04-01 10:04:10,1.0
d7ff59be,2026-04-01 10:03:58,ETH 5m UP,UP,5m,eth-5m-1775030400-up,0.99,1.0,200,2.0000,WIN,743.7,463.86,1.6033,0xba2c43471dcbeb4c648b5b6b669b3278150890600bb2fb31602cce9ebd66c3e4,77027228893143870427979626837381725301413741771629747773802984919298846678140,1775030400,2026-04-01 10:11:12,1.0
6d309d42,2026-04-01 10:05:01,BTC 5m DOWN,DOWN,5m,btc-5m-1775030400-down,0.99,1.0,200,2.0000,WIN,9249.61,5069.53,1.8245,0x41e866dbfacd0d25386dfae08cf2d01bddfcc1e2efd16983906cffdf6adf6df2,2490064503110138240775771357181931369220682179707155854896758787961702351765,1775030400,2026-04-01 10:11:11,1.0
8d5ec341,2026-04-01 10:09:26,BTC 5m DOWN,DOWN,5m,btc-5m-1775030700-down,0.99,1.0,200,2.0000,WIN,3209.8,251.73,12.7510,0x42689bd056d7ce4320bb27bf215d881e3825db66192d9704e01da51e9bfc34f4,59255534077475264879779155586424765066278258637734231102290324197048434332502,1775030700,2026-04-01 10:14:11,1.0
8530d67b,2026-04-01 10:11:14,BTC 15m DOWN,DOWN,15m,btc-15m-1775030400-down,0.99,1.0,200,2.0000,WIN,799.82,482.01,1.6593,0x7c4345c425273128e3fab1d63449a21626f11c6603df16caf058c90eea551086,115461615834663644312554571164262881386348665008274259063540421711682389034359,1775030400,2026-04-01 10:21:11,1.0
cfc5f367,2026-04-01 10:11:54,ETH 15m DOWN,DOWN,15m,eth-15m-1775030400-down,0.99,1.0,200,2.0000,WIN,189.0,113.76,1.6614,0x203558dc4147f3bf7dcf0daa513eed47c99b3efd6f98f4f0f559ea57a374c9c9,25269194708250370607898609729859976984073610336158447940584458724954589052712,1775030400,2026-04-01 10:19:11,1.0
640ac2e3,2026-04-01 10:18:36,ETH 5m UP,UP,5m,eth-5m-1775031300-up,0.99,1.0,200,2.0000,WIN,186.04,111.93,1.6621,0x481ead1dc9f2261c3df9915a6e2adfe83e4dbed32d14bc30f3a4841e36000a71,43908448382200119193510509672217191661140126191340356672007053025779066789386,1775031300,2026-04-01 10:26:11,1.0
0d6b1d19,2026-04-01 10:24:09,ETH 5m UP,UP,5m,eth-5m-1775031600-up,0.99,1.0,200,2.0000,WIN,157.0,85.58,1.8345,0x045d284a441eef908fbead89115a3eb9311b6ef48433ccb63c919f44cfffe87d,82264980411550950781903349069383552914967709557756240442422867693955166177471,1775031600,2026-04-01 10:29:11,1.0
d3e79616,2026-04-01 10:25:42,BTC 15m UP,UP,15m,btc-15m-1775031300-up,0.99,1.0,200,2.0000,WIN,1105.5,462.49,2.3903,0xe17daa1fe4b9862089384f43b961324eccc3e5e7dec75f84d2b1d4cb1a0ec4fa,80796731527011879655602060843421336030137774891416486314163194381728180204759,1775031300,2026-04-01 10:36:11,1.0
bd806acf,2026-04-01 10:28:21,ETH 5m UP,UP,5m,eth-5m-1775031900-up,0.99,1.0,200,2.0000,WIN,1455.01,145.58,9.9946,0xb690a5224faf8e20c4f49bc5c01604a9b9930420c794d793aa9be7a2d5c8ed7c,82421730916410804516723302587591505806661186900650240816864156982101472236386,1775031900,2026-04-01 10:36:11,1.0
a9da473d,2026-04-01 10:38:56,BTC 5m UP,UP,5m,btc-5m-1775032500-up,0.99,1.0,200,2.0000,WIN,5383.31,3533.5,1.5235,0xc016e777cd0f344cfad7528ef7d35a5103b3fd025300cb592b872da0384881a0,112905574884276671753141747076676096060284201630895190105046495887605019209739,1775032500,2026-04-01 10:42:11,1.0
a5fd5edd,2026-04-01 10:44:00,BTC 5m DOWN,DOWN,5m,btc-5m-1775032800-down,0.99,1.0,200,2.0000,WIN,5779.67,3849.83,1.5013,0x3459f9e87ebbe7d401f51619c09d71e62e52bbad3561189a5a572a8052375c6b,7477846566700886958934842628442499634948684620570536037669807696342670671310,1775032800,2026-04-01 10:49:11,1.0
b0036a18,2026-04-01 10:44:46,ETH 5m DOWN,DOWN,5m,eth-5m-1775032800-down,0.99,1.0,200,2.0000,WIN,215.08,78.25,2.7486,0xd0b20d9c5d9cb7ddcc6fd6fa2026e6ee75146025709b0801504772170916c324,40500835934164963550080326065960576778411504131815679109024000774931219230973,1775032800,2026-04-01 10:49:11,1.0
de1de338,2026-04-01 10:55:14,BTC 15m DOWN,DOWN,15m,btc-15m-1775033100-down,0.99,1.0,200,2.0000,WIN,1410.01,896.42,1.5729,0x32ac1d7b7114cacdf713a6fbeecef6339921d27714c14239a1a39e1579964eb6,88123980095898444307889230810110173455631714803464114598645451442990183052540,1775033100,2026-04-01 11:06:12,1.0
c5e0f325,2026-04-01 10:59:17,ETH 5m UP,UP,5m,eth-5m-1775033700-up,0.99,1.0,200,2.0000,WIN,294.7,142.65,2.0659,0xae6715a9dc9147b7bdbf53e6fc862a1b3c346c82c019b77fbb32c8e388037af3,57918163471022942009093872800417078974712166879755730495112404634876288375434,1775033700,2026-04-01 11:04:11,1.0
3c56de13,2026-04-01 10:59:34,ETH 15m DOWN,DOWN,15m,eth-15m-1775033100-down,0.99,1.0,200,2.0000,WIN,774.68,379.74,2.0400,0x059dab8c9c1cfeb97cabe74bc78cab039ef6d29728c9b0e505215b50e99600b3,90555633758570024867215624514945359700314907982734256748493621958967658137341,1775033100,2026-04-01 11:04:11,1.0
965de5cb,2026-04-01 10:59:35,BTC 5m UP,UP,5m,btc-5m-1775033700-up,0.99,1.0,200,2.0000,WIN,504.55,312.55,1.6143,0x4abc0effe6534535e158ae9af4c7a6d791def1aa6732566dabc8f06f00b90ff1,97656130198312959722522242116803016638838740249339395308444105204894550445840,1775033700,2026-04-01 11:04:11,1.0
ccb18829,2026-04-01 11:04:54,BTC 5m UP,UP,5m,btc-5m-1775034000-up,0.99,1.0,200,2.0000,WIN,1813.4,1192.88,1.5202,0xe1e22351e2dc6931e621e03fb2df398330b9b78e4afd16e7521507bfa163a4cf,63157897557883552105044238967157627770698635016744519697278352331135161030558,1775034000,2026-04-01 11:09:11,1.0
3d224424,2026-04-01 11:08:14,BTC 5m DOWN,DOWN,5m,btc-5m-1775034300-down,0.99,1.0,200,2.0000,WIN,1500.83,835.77,1.7957,0xa4b778fca2156a8ad8dd26df2f244423c877e8f0e72593d4ecd7c8fd314138e0,102056594972695338147532716248904692772426141434127252010269214131228559455070,1775034300,2026-04-01 11:14:11,1.0
6db19e4d,2026-04-01 11:08:24,ETH 5m DOWN,DOWN,5m,eth-5m-1775034300-down,0.99,1.0,200,2.0000,WIN,172.31,99.73,1.7278,0xa173356991b83b3af1ffe8cbe1f08e1d676bc252812cf89a5e019c7fb49dd1f1,94330470765909569363851976808292281009493365609640871469230171773070336325819,1775034300,2026-04-01 11:16:12,1.0
7662f192,2026-04-01 11:10:17,BTC 15m DOWN,DOWN,15m,btc-15m-1775034000-down,0.99,1.0,200,2.0000,WIN,1186.57,562.02,2.1113,0xfea63a79392c062b38dedf92f3ed11847b22be9914b164dd3469cc8e402faab5,20023323931334541379019685240809087515705242260194762148455523913602416858989,1775034000,2026-04-01 11:19:11,1.0
efdcbfec,2026-04-01 11:34:29,ETH 5m UP,UP,5m,eth-5m-1775035800-up,0.99,1.0,200,2.0000,WIN,772.32,474.92,1.6262,0x831cb4dcb7ce72e91f877cd64cfdee812cf8bf0e474420e9978ce930bb0c5257,50897025715362152100793668860710012142538151642749746714274374905440805116983,1775035800,2026-04-01 11:39:11,1.0
6140dc88,2026-04-01 11:39:26,BTC 5m DOWN,DOWN,5m,btc-5m-1775036100-down,0.99,1.0,200,2.0000,WIN,2804.18,614.29,4.5649,0x3455d3aa8e01e36deb94fa2f033342883daff0b5d18c2000cfec30b6ed4d29e6,48127727923980967393257149292343979092815374096010156859330421936290134042446,1775036100,2026-04-01 11:44:11,1.0
0dacd8b4,2026-04-01 11:43:48,BTC 15m DOWN,DOWN,15m,btc-15m-1775035800-down,0.99,1.0,200,2.0000,WIN,867.32,506.45,1.7125,0x59a83f85dc04edf6c46492566aa5a3d0e84799e254a3107f48ee6459cb4dcd6b,57085384467127718517445073577905763584433526543171994000557481999205421906940,1775035800,2026-04-01 11:49:11,1.0
215781be,2026-04-01 11:44:55,BTC 5m UP,UP,5m,btc-5m-1775036400-up,0.99,1.0,200,2.0000,WIN,1882.53,1070.71,1.7582,0x92bee8d781a2fdc296d180cd2d45d706412b66c6ac03c34c0e9f4c61c3ea73b8,24945716733100797624334942816421325787176298549741912262754445848662687894142,1775036400,2026-04-01 11:47:11,1.0
f490826f,2026-04-01 11:48:37,ETH 5m UP,UP,5m,eth-5m-1775036700-up,0.99,1.0,200,2.0000,WIN,351.84,56.85,6.1889,0xdc1e9bd15bd0664ed1867a5f67cff50588fa97df1b4dd04b5dfa5f4c98018c95,77089534141540350339295703452025857864176390412232653773461422892893684902492,1775036700,2026-04-01 11:54:11,1.0
2db7b460,2026-04-01 11:49:04,BTC 5m UP,UP,5m,btc-5m-1775036700-up,0.99,1.0,200,2.0000,WIN,5446.32,3099.69,1.7571,0xb0543e4e819c8755a76b29c9fe4cfa48c7e39e0ba7b5bc09c69fcd7d23209010,78645143463664781365321517420222009802091629774596623136917478039997371407759,1775036700,2026-04-01 11:56:12,1.0
cc660dcf,2026-04-01 11:53:59,ETH 15m UP,UP,15m,eth-15m-1775036700-up,0.99,1.0,200,2.0000,WIN,1176.05,640.3,1.8367,0xd2e7a46c74006e6bfccd06b0d9893713a24669d3e051b09762d066901b4c0b40,28623216571355691038505233185815787550901626079599389102305978712088576057141,1775036700,2026-04-01 12:04:11,1.0
76467250,2026-04-01 11:54:09,ETH 5m UP,UP,5m,eth-5m-1775037000-up,0.99,1.0,200,2.0000,WIN,450.67,223.21,2.0190,0x9463ea32dbac68ba61e67a795d2d20d2676777b8bb40b7f254dd1bea79f452fb,103513599946490515519199425986543301387033380505569626666555008596164778424412,1775037000,2026-04-01 11:57:11,1.0
076063d5,2026-04-01 11:54:16,BTC 5m UP,UP,5m,btc-5m-1775037000-up,0.99,1.0,200,2.0000,WIN,5289.56,949.53,5.5707,0x5e2b539d60186ef10becffd2e1954103778505d639e642f06571595094f42281,59069834060789605235107273017599982448447205452093766846460903074321719605891,1775037000,2026-04-01 11:59:10,1.0
81e52005,2026-04-01 11:59:58,BTC 5m DOWN,DOWN,5m,btc-5m-1775037300-down,0.99,1.0,200,2.0000,WIN,371.81,212.86,1.7467,0x9cf3daec8f1180b0b4ceb7f86be24ac1c6466e85125e93cee82c44d1ecc1646f,46604239647985991440550350398727446281374373800403127139935265951537511968949,1775037300,2026-04-01 12:06:12,1.0
5f88db72,2026-04-01 12:10:16,ETH 15m DOWN,DOWN,15m,eth-15m-1775037600-down,0.99,1.0,200,2.0000,WIN,185.23,91.0,2.0355,0x4ba7fb31c634adb7099328807e955a6080f81dca91bbf35ddcb9041c4319287a,86825728793958661176022075348301287569596424330455318108765843285053595392778,1775037600,2026-04-01 12:19:11,1.0
d96c4031,2026-04-01 12:14:22,BTC 15m DOWN,DOWN,15m,btc-15m-1775037600-down,0.99,1.0,200,2.0000,WIN,2094.19,1378.19,1.5195,0x51dcccfe189c4e92c3eec89ab3308758b98a4348fbe144730c8fb73b5b19f738,103321166311046070507686488931707748113375545499394817359748444526865742132519,1775037600,2026-04-01 12:21:11,1.0
bedcbc31,2026-04-01 12:14:59,BTC 5m DOWN,DOWN,5m,btc-5m-1775038200-down,0.99,1.0,200,2.0000,WIN,45.18,28.77,1.5704,0xf7a11eb83bed73f017650f78f8ae25cdbab4c51a23feb86b71002d97e7a4a8a2,27392490204125977100243350855150999321276586955755397525534774793555225543159,1775038200,2026-04-01 12:21:11,1.0
e948b610,2026-04-01 12:23:34,BTC 5m UP,UP,5m,btc-5m-1775038800-up,0.99,1.0,200,2.0000,WIN,5660.14,3432.34,1.6491,0xb49532262bb221c106256e0aa07c456f8fdd8238d293303e64932a5355253c1f,37932428464152394825875151987169054852346781174709582367068352888177971375177,1775038800,2026-04-01 12:29:12,1.0
cb041f23,2026-04-01 12:24:21,ETH 5m UP,UP,5m,eth-5m-1775038800-up,0.99,1.0,200,2.0000,WIN,113.08,64.34,1.7575,0xeb357bf8934447140f098549ac77b57edf86c599ad06e17d64b836639c6535db,100381461808301172959034773350260193997673023588008137253662677095781655731710,1775038800,2026-04-01 12:29:11,1.0
1b1a5999,2026-04-01 12:29:31,BTC 5m DOWN,DOWN,5m,btc-5m-1775039100-down,0.99,1.0,200,2.0000,WIN,3417.29,1500.7,2.2771,0x50652a1952fae059401059354b5a80961b1b80c504106217750abb1a44774d1a,101444935635608732767182819578068030444264654801444908984756373205506515535039,1775039100,2026-04-01 12:34:11,1.0
583bd082,2026-04-01 12:34:45,ETH 5m DOWN,DOWN,5m,eth-5m-1775039400-down,0.99,1.0,200,2.0000,WIN,158.58,94.69,1.6747,0xca20a0268da3497d52b90afc296209c7a8a4d898d6c6f34b270ee3218508ec7c,8942661426406263626032062235623805182401724266148547481778190329330129941527,1775039400,2026-04-01 12:39:11,1.0
d3b1a412,2026-04-01 12:34:57,BTC 5m DOWN,DOWN,5m,btc-5m-1775039400-down,0.99,1.0,200,2.0000,WIN,244.12,60.0,4.0687,0x6496cb4a5c8bca0c3ca1f86f311f8f4bad96e02b4298cc82ba32e0b03731f4f9,68819769608485870360456081697749597087820456435290731134632875612869022367971,1775039400,2026-04-01 12:39:11,1.0
a9b8e91f,2026-04-01 12:44:10,BTC 5m UP,UP,5m,btc-5m-1775040000-up,0.99,1.0,200,2.0000,WIN,3535.11,2330.82,1.5167,0xcb08449b984141e4c7d79b0263c9c1ee2fe031a65fc6b9242fedf154373623a1,109101393818689931725130114089846675316174220505803865212460944556108772252753,1775040000,2026-04-01 12:49:11,1.0
a92b0d59,2026-04-01 12:44:49,ETH 15m UP,UP,15m,eth-15m-1775039400-up,0.99,1.0,200,2.0000,WIN,693.0,138.97,4.9867,0x6ae68e62ac9191f6a65493011620a1a75065a8b8e3d040fb86b9eee2a75b9b47,4383669034921156460244676623488682581659293956091781410718602279457030575409,1775039400,2026-04-01 12:49:11,1.0
e8f34161,2026-04-01 12:49:00,ETH 5m UP,UP,5m,eth-5m-1775040300-up,0.99,1.0,200,2.0000,WIN,291.21,42.29,6.8860,0x7a3236e2d85656fe22ec3015ac8c631e9087765fc5a0413a3ce6a57a7338c260,676715177191027967237800616879221028871134777765836906886320548346949617149,1775040300,2026-04-01 12:56:11,1.0
28ec6651,2026-04-01 12:49:40,BTC 5m UP,UP,5m,btc-5m-1775040300-up,0.99,1.0,200,2.0000,WIN,3811.85,1392.78,2.7369,0x00ab074f704c0d11e9996e884c1d41034376f98d496bc42359f80d0d19583d7d,66303338666326840958833938858525442790163947226391054605209738999521375622722,1775040300,2026-04-01 12:54:10,1.0
4de94f1f,2026-04-01 12:54:39,ETH 5m DOWN,DOWN,5m,eth-5m-1775040600-down,0.99,1.0,200,2.0000,WIN,79.47,9.97,7.9709,0x7d96168ba073b0eec6777806f9d24225b2d92aa757f27fdfbe3593de17a99f36,99625302028193711753269104227975722767005710771775562074005970914070818425623,1775040600,2026-04-01 12:59:11,1.0
72eb3c2f,2026-04-01 12:54:58,BTC 5m UP,UP,5m,btc-5m-1775040600-up,0.99,1.0,200,2.0000,WIN,790.25,350.15,2.2569,0xc39de0f1b91e5eb2ccebf4d10ff0cf081d58ca44aeb5b951465906a5d5031e11,107293619912003776533478527263401746473738954043010194079305657158757490805504,1775040600,2026-04-01 12:59:11,1.0
17b5e688,2026-04-01 13:04:35,ETH 5m UP,UP,5m,eth-5m-1775041200-up,0.99,1.0,200,2.0000,WIN,167.6,15.13,11.0773,0xf21c4e23c124a233d28e5f7737d3ffc4d81f5b2ba91e01986a38e0e83e24efe8,87489612368128647067638002958583441896014698920829356529130879700125814725357,1775041200,2026-04-01 13:09:11,1.0
fc951228,2026-04-01 13:09:42,BTC 5m DOWN,DOWN,5m,btc-5m-1775041500-down,0.99,1.0,200,2.0000,WIN,3088.59,1030.13,2.9983,0xf204f4fc4e1e02cdb382a1abbc7b8ec8c63283873c89f39fe7e644e919be3dbb,51452867867280623610570996191963936139289708309425317111920508023852737444497,1775041500,2026-04-01 13:14:11,1.0
7ddfa9cf,2026-04-01 13:14:13,BTC 5m UP,UP,5m,btc-5m-1775041800-up,0.99,1.0,200,2.0000,WIN,3636.83,963.55,3.7744,0x1866a99e0d8d722291bef78086dd1f86be05bdb3de95100cc8d0bd02f448bb46,75805771422694479740102579488182067451241208140358502097874252716811281950276,1775041800,2026-04-01 13:21:11,1.0
9a6b9912,2026-04-01 13:14:28,BTC 15m UP,UP,15m,btc-15m-1775041200-up,0.99,1.0,200,2.0000,WIN,500.46,195.89,2.5548,0x3d785cb5687970823a00b7ea05ee107005148cce38483177a8afb100a3786ecf,36770220171431459774871041213438119500512633147617861435958933950729568292582,1775041200,2026-04-01 13:19:11,1.0
34567b2e,2026-04-01 13:19:02,ETH 5m DOWN,DOWN,5m,eth-5m-1775042100-down,0.99,1.0,200,2.0000,WIN,341.15,120.69,2.8267,0xe271d279369f79f6af5388b58d6906aee36343ac23e549667de30e4ba8d31a73,28632445099039942979617751300456202975272037912011681012646814775025420975324,1775042100,2026-04-01 13:24:11,1.0
572282a1,2026-04-01 13:19:46,BTC 5m DOWN,DOWN,5m,btc-5m-1775042100-down,0.99,1.0,200,2.0000,WIN,1811.02,1137.68,1.5919,0x87ad3d6a4b9718f52cca6db828fc94bd992d6abbbe30593c04fb7fb393ac4a08,72382663235131703749532603985129552957163201081507166474365632680184056102362,1775042100,2026-04-01 13:24:11,1.0
7ba7da42,2026-04-01 13:29:10,ETH 15m DOWN,DOWN,15m,eth-15m-1775042100-down,0.99,1.0,200,2.0000,WIN,258.88,61.18,4.2314,0xb3280ea57bb6395b7cb13863118577742b7743e1294d8dc1ccd01e1f8b075c4e,31573868049693802989840246067156979611112648105826846086986973033225893024762,1775042100,2026-04-01 13:34:11,1.0
dfc73d73,2026-04-01 13:44:41,BTC 15m UP,UP,15m,btc-15m-1775043000-up,0.99,1.0,200,2.0000,WIN,1115.14,497.0,2.2437,0x002761ec13b68ef5ba24a748a62229b0d6fcfb92f36d129f67db88b6d1faf893,58758808489155116482414620329494005098015837291689493361552101362752307103834,1775043000,2026-04-01 13:49:11,1.0
c5f853f1,2026-04-01 13:54:33,BTC 5m UP,UP,5m,btc-5m-1775044200-up,0.99,1.0,200,2.0000,WIN,1553.15,270.34,5.7452,0x2d1e293c254fc54602e7fd23a907ebfc085f83796e94319d9d7bfbbc0be33b8d,628851868010839790472836891905345260934593387963374460889076388912607783300,1775044200,2026-04-01 14:01:11,1.0
7da29249,2026-04-01 14:02:59,BTC 5m DOWN,DOWN,5m,btc-5m-1775044800-down,0.99,1.0,200,2.0000,WIN,3828.15,2170.85,1.7634,0x0837d844b0b574c8fd0133f3dbe85e63eff61e608689b5d8a863c096ee8ecf93,105904647987149988364777021255585010722040376837278347211658458604080027981045,1775044800,2026-04-01 14:09:11,1.0
6d1d6e90,2026-04-01 14:09:31,BTC 15m DOWN,DOWN,15m,btc-15m-1775044800-down,0.99,1.0,200,2.0000,WIN,9523.18,6216.16,1.5320,0x570ee99a54e3ef9759c02cb63720c0e3faf7ae0f5fd9d3451ec26c534c34e084,33491017743630213354639453586199324240696467257506638698737403556019075780799,1775044800,2026-04-01 14:19:12,1.0
df3bda59,2026-04-01 14:14:40,ETH 15m DOWN,DOWN,15m,eth-15m-1775044800-down,0.99,1.0,200,2.0000,WIN,860.68,266.39,3.2309,0x1cf2fcd935e0257a4ebdd564b839b854c8c4f4bee2cd5cbcb2fb73ea00c231d6,6011564892383011410516620668921834971991223300813183937242598575257832469390,1775044800,2026-04-01 14:19:11,1.0
88c597dd,2026-04-01 14:23:36,ETH 5m DOWN,DOWN,5m,eth-5m-1775046000-down,0.99,1.0,200,2.0000,WIN,450.19,124.0,3.6306,0xffab1c07ff761f7145628d961b69c53c832f34162e43b496fa1f7aaa9f5b361b,40172653540937752928396629780156946699087679239874445624748914411032427706378,1775046000,2026-04-01 14:29:11,1.0
98ba85f9,2026-04-01 14:24:32,BTC 5m DOWN,DOWN,5m,btc-5m-1775046000-down,0.99,1.0,200,2.0000,WIN,5482.14,3184.5,1.7215,0x48113cf8c9d996ea5ee7e5e973ec3038544b118a18c3c933d8164770ddd7012d,10391170128359204475538526003025710185693570268550248450133693124605223029303,1775046000,2026-04-01 14:29:11,1.0
0eefb61b,2026-04-01 14:29:41,BTC 5m DOWN,DOWN,5m,btc-5m-1775046300-down,0.99,1.0,200,2.0000,WIN,2490.02,1646.29,1.5125,0x6cbaeb8ac48111ae9a158fa9fc7dfa45119d670f8a2dc07afaa62f52556e0596,30552103121734181130358301552143583249673542347635645616626421252484209320111,1775046300,2026-04-01 14:34:11,1.0
6c615ae4,2026-04-01 14:38:17,ETH 5m DOWN,DOWN,5m,eth-5m-1775046900-down,0.99,1.0,200,2.0000,WIN,166.27,66.95,2.4835,0x1a30eb40221bd7e516ebd72f8ce6a9320cbdffa5b887bcca1aa8589912bef6a3,80919710209896308631212307969138892379927525932305588635628141557353959098432,1775046900,2026-04-01 14:46:12,1.0
e6178b02,2026-04-01 14:39:23,BTC 5m DOWN,DOWN,5m,btc-5m-1775046900-down,0.99,1.0,200,2.0000,WIN,2144.18,970.06,2.2104,0xda1b5504b7e7bea7e1ea12e991fe1ff4b907386f2658e054b1d4ccb0c0bed058,21988995073785834570116641887843841292822658624616519205228827749916462217114,1775046900,2026-04-01 14:44:11,1.0
c28a6f74,2026-04-01 14:39:50,BTC 15m DOWN,DOWN,15m,btc-15m-1775046600-down,0.99,0.0,200,-198.0000,LOSS,10497.72,2634.25,3.9851,0x25d1326ccbbc1c680cc6abb7f3f40ed5061a6cd91501583fc6e96e62314ae1eb,48641244505899919861019924025723733650887285594792780137738616815031234346673,1775046600,2026-04-01 14:53:11,0.0
62c1ddeb,2026-04-01 14:40:40,ETH 15m DOWN,DOWN,15m,eth-15m-1775046600-down,0.99,0.0,200,-198.0000,LOSS,117.02,50.0,2.3404,0xcfb9714a1bd597a29f72ec7538ff0b42419707bdeeedeeccd209a13354094d8b,40942777476150908000595199902069875271561674825091792835279087834063226883215,1775046600,2026-04-01 14:51:12,0.0
8bf3282d,2026-04-01 14:44:02,ETH 5m UP,UP,5m,eth-5m-1775047200-up,0.99,1.0,200,2.0000,WIN,270.83,168.06,1.6115,0x2bf14132fba37a0d6835f346fed8faf3445e3b65b39b9ec1c0ab6f8a2b04c96c,60198992767718969750407215980875641781893729328467317878449673606470876290689,1775047200,2026-04-01 14:51:11,1.0
5dbe1840,2026-04-01 14:48:14,ETH 5m DOWN,DOWN,5m,eth-5m-1775047500-down,0.99,1.0,200,2.0000,WIN,188.72,123.61,1.5267,0xf396a6d22a0aa716afe841aa07b5903cc94f495b6d65ef59773e0885901ba461,83682951560337436932459735974055153664220150773654541718039993126354192789133,1775047500,2026-04-01 14:54:11,1.0
d0a92365,2026-04-01 14:48:46,BTC 5m DOWN,DOWN,5m,btc-5m-1775047500-down,0.99,1.0,200,2.0000,WIN,3023.1,1597.71,1.8921,0x5763ebf7d1b0448934f376810a91ea58fd0753fda640063ea9f90599fb070d4a,89131700573389263358964815380368086204879684623316759819541016087378567645664,1775047500,2026-04-01 14:54:11,1.0
c4e241a6,2026-04-01 14:54:03,ETH 15m DOWN,DOWN,15m,eth-15m-1775047500-down,0.99,1.0,200,2.0000,WIN,516.69,125.28,4.1243,0xc40847c150eafdba89bb406e66c09324a69e161f6a6b854b56bc040227aebc8b,26508396535758044347295206019256393589010860851799410391889966366230526523337,1775047500,2026-04-01 15:04:11,1.0
9ed27344,2026-04-01 14:54:55,ETH 5m DOWN,DOWN,5m,eth-5m-1775047800-down,0.99,1.0,200,2.0000,WIN,216.54,94.78,2.2847,0x6db306b5880d785b5889c2b6aae3a19a3762298059f80e6bfaefbe4518e9ea18,63390565758346905064009692328676527484564452840569141074768695838548688623897,1775047800,2026-04-01 14:59:11,1.0
9a4cfaa4,2026-04-01 14:54:58,BTC 5m DOWN,DOWN,5m,btc-5m-1775047800-down,0.99,1.0,200,2.0000,WIN,864.9,375.11,2.3057,0xa072a95d5b3f29b2eb4918a5b2da4533c9a9c4ee29248fe0f7999c40abfb3af1,67114115387124958906385863749404297484865849540061727675769179995020052724595,1775047800,2026-04-01 15:01:11,1.0
19b986ae,2026-04-01 14:55:41,BTC 15m DOWN,DOWN,15m,btc-15m-1775047500-down,0.99,1.0,200,2.0000,WIN,1111.02,697.05,1.5939,0x8d5c8b6eef3f2db3a9fb44c9781ae2e59a44deca27664dd9fb43b262e0eb390b,57141950845097645151974133229155477065921869097868785204031706332569545849648,1775047500,2026-04-01 15:06:11,1.0
7fc70e47,2026-04-01 15:02:58,ETH 5m DOWN,DOWN,5m,eth-5m-1775048400-down,0.99,1.0,200,2.0000,WIN,657.71,258.19,2.5474,0x0469d038621e0a4ebbaa2d432892513b6cda0f83b5a3074899ba63aa64359f46,18657227970893018981087816001273881417441295113845624926514323587939591583402,1775048400,2026-04-01 15:09:11,1.0
db5bddd7,2026-04-01 15:04:25,BTC 5m DOWN,DOWN,5m,btc-5m-1775048400-down,0.99,1.0,200,2.0000,WIN,2739.32,925.28,2.9605,0x78c90f960698010c127743790ae895b6e3ee49e79e09f526da9f024c1b034df1,68264015048621267371989490800082402842270872491693079754925268016497850214154,1775048400,2026-04-01 15:09:11,1.0
bc05bc8b,2026-04-01 15:14:00,ETH 15m DOWN,DOWN,15m,eth-15m-1775048400-down,0.99,1.0,200,2.0000,WIN,476.79,275.7,1.7294,0x692fbc65dc9f2cbd84ceb08f3a51476c5d6a33ab626d40e97fd3e2eb3575c84b,106214436284477055454910836817093489872536835035108991479825371932664617820992,1775048400,2026-04-01 15:21:11,1.0
f422b077,2026-04-01 15:14:08,BTC 5m UP,UP,5m,btc-5m-1775049000-up,0.99,1.0,200,2.0000,WIN,1279.66,845.69,1.5132,0x4f7d40e5fbcb6fefd1ee61789f8caf10b8e6250f6dad32588b7a331ed7f19443,53899276912920960300246513462891357697566249475596791194648337635493558454186,1775049000,2026-04-01 15:19:11,1.0
83e47d9e,2026-04-01 15:19:17,ETH 5m UP,UP,5m,eth-5m-1775049300-up,0.99,1.0,200,2.0000,WIN,1109.05,435.51,2.5466,0xe081e33a284fa239e982ea3415f2e18210cb7137b9742fc7a6d871e895878b1d,43091582287953470113302003608023982472136208434655917550705759461607585040454,1775049300,2026-04-01 15:24:10,1.0
73fa2217,2026-04-01 15:29:17,BTC 5m UP,UP,5m,btc-5m-1775049900-up,0.99,1.0,200,2.0000,WIN,850.12,238.61,3.5628,0xcb174182a53f9dff22176f8e96c0abcee055f1c259469eb73e34bedac989cc0a,10582397980830684313387196433898728394129703293213646440103839088189965346055,1775049900,2026-04-01 15:34:12,1.0
a5132dd6,2026-04-01 15:34:58,BTC 5m UP,UP,5m,btc-5m-1775050200-up,0.99,1.0,200,2.0000,WIN,750.55,129.97,5.7748,0xc4498859a6a5c477da708216719d481697a124dfb5589e5cbcddec2017e0f91d,46055069401869371537790811560749773673300299861161200466416586044870678402173,1775050200,2026-04-01 15:41:12,1.0
7e4e9e5d,2026-04-01 15:39:51,ETH 5m DOWN,DOWN,5m,eth-5m-1775050500-down,0.99,1.0,200,2.0000,WIN,368.92,230.13,1.6031,0xe30e7f12aea5a9e386fc8038b17f54ff8cf5add2955b3ffe3d5c155ac0cde03e,66834672910387432493807463105242223849805673826096622962624043341795482026545,1775050500,2026-04-01 15:44:10,1.0
e8501017,2026-04-01 15:42:23,BTC 15m DOWN,DOWN,15m,btc-15m-1775050200-down,0.99,1.0,200,2.0000,WIN,4554.77,1874.35,2.4301,0xe9b4ff0dbe1ee852cac4da852136e76df32a69865cfbe2e893829975808483b4,85723735558728643944316654517773912569476444908834318453728051036994802162992,1775050200,2026-04-01 15:49:11,1.0
35d4d035,2026-04-01 15:49:48,ETH 5m DOWN,DOWN,5m,eth-5m-1775051100-down,0.99,1.0,200,2.0000,WIN,217.55,71.57,3.0397,0x731d82c4e79d6fde6a2daee705d8793e12fc5be7df761f1dd7b6a0eb19c21f9b,69967051281074807322989576677669547654212915903189564620599293270435057619201,1775051100,2026-04-01 15:56:11,1.0
bc0433b9,2026-04-01 15:53:49,ETH 5m UP,UP,5m,eth-5m-1775051400-up,0.99,1.0,200,2.0000,WIN,278.84,159.39,1.7494,0xdf19716e339597e50759f18fd62f66792196503a5d5bf6351f3e8cf0ac881a34,75262876363570668964842019932957820789313142298327419606077299354293516439629,1775051400,2026-04-01 15:59:11,1.0
0acbac9a,2026-04-01 15:59:11,ETH 15m UP,UP,15m,eth-15m-1775051100-up,0.99,1.0,200,2.0000,WIN,1971.37,1241.67,1.5877,0xec36fca5126f60ffd23118ab9a0220c96f5c23b0947dd1e592f2d12a7c93bad4,99863426673049850719854546196446408722255782539995925317330058132292840557919,1775051100,2026-04-01 16:06:11,1.0
70873415,2026-04-01 16:03:36,BTC 5m UP,UP,5m,btc-5m-1775052000-up,0.99,1.0,200,2.0000,WIN,2654.55,253.44,10.4741,0xd1dc24d42cc8b3820b15ed39a354c8589c951091f41ca1c2f9f051fcfad5f040,59107026950404609023500018710391488978327180303966500622169534041316192294016,1775052000,2026-04-01 16:09:11,1.0
e0f431aa,2026-04-01 16:04:58,ETH 5m UP,UP,5m,eth-5m-1775052000-up,0.99,1.0,200,2.0000,WIN,25.04,15.75,1.5898,0x945690da11ca69321b440c5e4833f93dd42468bb92fd1f4590b6fd38a909849d,32829223642117553074473291250991600066651452531408275670586354850972647055937,1775052000,2026-04-01 16:09:11,1.0
944d2eb0,2026-04-01 16:09:31,BTC 5m DOWN,DOWN,5m,btc-5m-1775052300-down,0.99,1.0,200,2.0000,WIN,351.6,51.17,6.8712,0x671c7cf9bd40d4559c0d9ee5e3e37a2e6059448933d495be218e433b0a26a271,20776482718589519968313826207090175750250630531773102567052548502837050770612,1775052300,2026-04-01 16:14:11,1.0
9f2e0fed,2026-04-01 16:09:50,ETH 5m DOWN,DOWN,5m,eth-5m-1775052300-down,0.99,1.0,200,2.0000,WIN,196.25,125.25,1.5669,0xae6294b82859efb1c0f2ffe0357338497261969e441176c8f201a8344ccec7c3,107192536106270897731206730239196539152441197325594473706295042784997677912412,1775052300,2026-04-01 16:14:11,1.0
0aeba92c,2026-04-01 16:14:18,BTC 15m UP,UP,15m,btc-15m-1775052000-up,0.99,1.0,200,2.0000,WIN,1010.99,656.81,1.5392,0x77fdef0f2d0a0bfc712c8a32ca4f68f0e176874bac378874f1ca0b54809bf27d,109312192235233215186610549267674219406586928016673712199511071975010144489211,1775052000,2026-04-01 16:19:11,1.0
443b232c,2026-04-01 16:14:42,BTC 5m UP,UP,5m,btc-5m-1775052600-up,0.99,1.0,200,2.0000,WIN,2530.26,1302.64,1.9424,0x1d878292702339d7a979d59a4cf4faab32355b7ca0ceedab53b248ff9f59d906,111954611526130142260531505263255866608407558336429224261882046998828934794374,1775052600,2026-04-01 16:19:11,1.0
c85541a0,2026-04-01 16:23:44,BTC 5m UP,UP,5m,btc-5m-1775053200-up,0.99,1.0,200,2.0000,WIN,3901.45,2521.92,1.5470,0xb10c93fec6999542e882f94a71945eccb6f6f7e6b528d77047e6caecc65f1961,29485535165398954138554658083315808728446144134369394537280376180087847599188,1775053200,2026-04-01 16:29:11,1.0
39665c4e,2026-04-01 16:27:22,BTC 15m UP,UP,15m,btc-15m-1775052900-up,0.99,1.0,200,2.0000,WIN,3484.55,2195.04,1.5875,0x999bf64fb5de99e1e9fcb010ae3bfbc8f63e9370068e5e1f6754e51601b699c1,64984704628584135019917175204228283703307146848093488946358581659147667319149,1775052900,2026-04-01 16:34:11,1.0
0d655dc9,2026-04-01 16:29:18,ETH 15m UP,UP,15m,eth-15m-1775052900-up,0.99,1.0,200,2.0000,WIN,1899.06,1109.39,1.7118,0x4e633a60394eaff2874d117ab1c3563eae7d76336680c20337bdeb6ea801c070,44909130996265591695267725982785272601537070205306289197375983413084106250111,1775052900,2026-04-01 16:34:12,1.0
19f5bb7d,2026-04-01 16:29:19,BTC 5m UP,UP,5m,btc-5m-1775053500-up,0.99,1.0,200,2.0000,WIN,2455.36,1131.17,2.1706,0xb2f238d882c3c2a15f4f25b4be60874be6575092a5299ce06d45b228ae1ab023,112208515951636102003009586949599385845453596405979610052922316595263483586469,1775053500,2026-04-01 16:36:11,1.0
4f4f276e,2026-04-01 16:29:44,ETH 5m UP,UP,5m,eth-5m-1775053500-up,0.99,1.0,200,2.0000,WIN,846.04,379.94,2.2268,0x820a20407f2ab71a4aee3171beeae1173d3536be5829cbbe4904a85940cadfa1,57406277941910896741871301352198204257808306208741458434714211921204417067305,1775053500,2026-04-01 16:34:12,1.0
d865a68f,2026-04-01 16:33:52,ETH 5m DOWN,DOWN,5m,eth-5m-1775053800-down,0.99,1.0,200,2.0000,WIN,526.05,223.64,2.3522,0x550f870b29380efa531ae9bcdbb2d802c9b6acb99609ecf7d388fd39d233e0c7,75321124834886066141872839315682013644612823706372072489490697755116613480403,1775053800,2026-04-01 16:41:11,1.0
bda59411,2026-04-01 16:33:58,BTC 5m DOWN,DOWN,5m,btc-5m-1775053800-down,0.99,1.0,200,2.0000,WIN,2396.02,207.93,11.5232,0x74dd5399a3b78d6e0984b12b46269e2491ec1b4e5fa8380b108f8af24963b225,93798093241719526889443362365744444697982932844195847283966482010640795021343,1775053800,2026-04-01 16:37:10,1.0
bfbcc9f2,2026-04-01 16:39:19,ETH 5m UP,UP,5m,eth-5m-1775054100-up,0.99,1.0,200,2.0000,WIN,1338.55,442.31,3.0263,0x138224d59d490cb30072c0bef589e76798903e04073a1b25cd63fb4012e169a6,25169455409287500550183720898530623949310286667712569190031635135695732343552,1775054100,2026-04-01 16:44:10,1.0
8ca3d50a,2026-04-01 16:44:03,ETH 15m DOWN,DOWN,15m,eth-15m-1775053800-down,0.99,1.0,200,2.0000,WIN,325.53,75.09,4.3352,0x43832c5da25a78a83916286d40a0e10d33e2a6a57a29c6f6e1d3eae78ff87426,3056916343451975268327918972116238428127103498346129132394570468592253060164,1775053800,2026-04-01 16:47:10,1.0
19de9f38,2026-04-01 16:44:15,BTC 15m DOWN,DOWN,15m,btc-15m-1775053800-down,0.99,1.0,200,2.0000,WIN,4489.24,584.64,7.6786,0xc9edf3ace2bc058e44ac283d04ab1e1828b5e8ce338caa9a8befc9a85e2593f3,81852197679049422990993040974976777637514232486809400271051596663649759973531,1775053800,2026-04-01 16:51:12,1.0
df6b9226,2026-04-01 16:49:15,BTC 5m UP,UP,5m,btc-5m-1775054700-up,0.99,1.0,200,2.0000,WIN,2346.01,1436.22,1.6335,0x6f1bc0429e027ed9a16c0753c0bfbe3f4c072e6ee5ef7af708eb8369815425cd,96385157342897280129418548784444538092826234109357674304379003749209121830197,1775054700,2026-04-01 16:54:11,1.0
e2a26c05,2026-04-01 16:49:25,ETH 5m UP,UP,5m,eth-5m-1775054700-up,0.99,1.0,200,2.0000,WIN,1080.79,705.9,1.5311,0xa2c54157465be9875aeb073b1a156ff55e72858d535ea0856103a044f8f8753d,59292983709753097833066365812125025767054275311907815059671382171956739818303,1775054700,2026-04-01 16:54:11,1.0
510362ff,2026-04-01 16:54:20,BTC 5m UP,UP,5m,btc-5m-1775055000-up,0.99,1.0,200,2.0000,WIN,1863.12,1182.19,1.5760,0x088ce14752552057ac9aeaa4c3dd86fea0f2db92fab424ac54f21d9b6be0bcb7,10250515898489208726428107769566497823063089181841191199476270887031975856476,1775055000,2026-04-01 17:01:11,1.0
01ea66cc,2026-04-01 16:54:25,ETH 5m UP,UP,5m,eth-5m-1775055000-up,0.99,1.0,200,2.0000,WIN,460.42,48.45,9.5030,0x22b1f02456db9c01b282cccdd3c2641ba5024a94fd79c60f8a3d816963c3b9e7,18769824615991160419639764290016669795990974062475931213385581449241487642621,1775055000,2026-04-01 16:59:11,1.0
f71152b7,2026-04-01 16:57:29,BTC 15m UP,UP,15m,btc-15m-1775054700-up,0.99,1.0,200,2.0000,WIN,1192.15,510.76,2.3341,0x030856e918bb59ce00f28bf13246d4e1503ebc96c36721926c4674485998ec04,55157706705025042000528029582359575978747320479346564348953585595959101270759,1775054700,2026-04-01 17:06:12,1.0
9c29afb2,2026-04-01 16:59:52,ETH 5m DOWN,DOWN,5m,eth-5m-1775055300-down,0.99,1.0,200,2.0000,WIN,277.8,22.57,12.3084,0xa59d3ee5b10294c06747ed44d7c9de801ea7985ef20bc36f1ba8fe99f48e31b5,64354926080689656287091847676241912711948123503603032487571461599937285866574,1775055300,2026-04-01 17:04:11,1.0
c02caff5,2026-04-01 17:09:50,ETH 5m UP,UP,5m,eth-5m-1775055900-up,0.99,1.0,200,2.0000,WIN,1045.84,692.33,1.5106,0x0457429ad1eb962ce26be8c7acdd8fac8aac3d9775535b8f16a4c69e4672fadb,85502525579060994832639575591696543021332093565928615801016823833426398499195,1775055900,2026-04-01 17:16:11,1.0
05004b21,2026-04-01 17:14:06,BTC 15m DOWN,DOWN,15m,btc-15m-1775055600-down,0.99,1.0,200,2.0000,WIN,1051.46,675.8,1.5559,0x82bd6597b6402677597391f7246ce3f7ebd038549fa55277620db8db4307d4c0,66150666730157891450624553384372904399670198549760229403115745590014235964776,1775055600,2026-04-01 17:19:11,1.0
0b1b2f05,2026-04-01 17:14:27,BTC 5m DOWN,DOWN,5m,btc-5m-1775056200-down,0.99,1.0,200,2.0000,WIN,2158.28,1412.59,1.5279,0x82c3bc6171e1a4761ff8882c98830e100805f6db571f66d25e3a32fae955efd1,31154114061022764316444617099779726187055990459321607689187373175300298998165,1775056200,2026-04-01 17:19:11,1.0
e658b6e1,2026-04-01 17:19:19,BTC 5m UP,UP,5m,btc-5m-1775056500-up,0.99,1.0,200,2.0000,WIN,2845.92,1877.13,1.5161,0x7140b3cd821ad9012500a0f830e9158ff2f744c3cf98dc37dfb911890bf5840e,50555436301555148919850321815697248186764090717923654429853121850966935278020,1775056500,2026-04-01 17:24:11,1.0
4eb0232e,2026-04-01 17:19:29,ETH 5m UP,UP,5m,eth-5m-1775056500-up,0.99,1.0,200,2.0000,WIN,982.37,605.89,1.6214,0x38330d2ae3ece05ce277009110fd020c75ef2117aaf325638cde12a033d96cc0,70364232564016334252226280063730983119092100445587031747590792841775753781879,1775056500,2026-04-01 17:24:11,1.0
efa7447c,2026-04-01 17:23:35,BTC 5m UP,UP,5m,btc-5m-1775056800-up,0.99,1.0,200,2.0000,WIN,2136.34,1417.12,1.5075,0xab7a1f0a5af7aa1c4da09bb4e7148fc74e9df3e7ab9bfc3b1d37c1504c05a37b,103514073080480154044909119428428079725127118421873136651443232100220554162975,1775056800,2026-04-01 17:29:11,1.0
3560ec19,2026-04-01 17:24:57,BTC 15m UP,UP,15m,btc-15m-1775056500-up,0.99,1.0,200,2.0000,WIN,1030.45,502.65,2.0500,0x0abaee45bc4c35f7af3cd5dea432d353b37c9377f0c86083cf7ca1de0a65bddb,22979232939713796415340760691184089681060994794944212738835509938470792994788,1775056500,2026-04-01 17:34:12,1.0
3391bbf2,2026-04-01 17:25:01,ETH 15m UP,UP,15m,eth-15m-1775056500-up,0.99,1.0,200,2.0000,WIN,351.92,171.84,2.0480,0x56984549c99498a030b70658bad641589c300398d64edae1baa68fc546baaddd,92497563053968183947296512680139564301225225476973575305365212601452302818529,1775056500,2026-04-01 17:34:11,1.0
69420172,2026-04-01 17:29:12,ETH 5m DOWN,DOWN,5m,eth-5m-1775057100-down,0.99,1.0,200,2.0000,WIN,836.29,98.36,8.5023,0x7c7276bce3616bdda93f5467ce4700405365ae1a9edb5201a6e21c98bf6cb363,105991107070164965137045910856523047421350277963819112014060126507110141892738,1775057100,2026-04-01 17:34:12,1.0
9c678621,2026-04-01 17:44:57,ETH 5m UP,UP,5m,eth-5m-1775058000-up,0.99,1.0,200,2.0000,WIN,148.94,74.79,1.9914,0x125fe9c6d4f2d9e988ecb8dc1b8efb81e34bdfc030c6bd3f27022a58ce40ce71,75598985005469742391028987914780256572272295038847128013498463508768047937712,1775058000,2026-04-01 17:49:11,1.0
c5ef6e92,2026-04-01 17:49:51,BTC 5m UP,UP,5m,btc-5m-1775058300-up,0.99,1.0,200,2.0000,WIN,1094.86,346.14,3.1631,0x5d08efb2c819e6d9119c9d70fce6bb11a9e2450ec8483078d6df8f4e63708093,64144450612110833778315375910528740417179265096104182353898531914738882353829,1775058300,2026-04-01 17:56:11,1.0
8c48058e,2026-04-01 17:58:31,ETH 15m UP,UP,15m,eth-15m-1775058300-up,0.99,1.0,200,2.0000,WIN,2040.68,738.83,2.7620,0xb54f39d56aca2fabd48f2a988a88d18c2353940d0c26c4f37306831b220694b3,54456740326517072155072060211555337228883737088336144156109854658217038019057,1775058300,2026-04-01 18:04:11,1.0
aa3c0918,2026-04-01 18:03:56,BTC 5m DOWN,DOWN,5m,btc-5m-1775059200-down,0.99,1.0,200,2.0000,WIN,2075.03,1037.46,2.0001,0x18cc6c6e28a3f59aa1e23add06498fc09c707c2cd814b930e89ac7237b375a6a,110840042098617252923798629669191124687013689473707139799967639680371512264687,1775059200,2026-04-01 18:09:11,1.0
52f936d7,2026-04-01 18:04:07,ETH 5m DOWN,DOWN,5m,eth-5m-1775059200-down,0.99,1.0,200,2.0000,WIN,986.23,602.82,1.6360,0x9f8e1cda2567b0888d6d6f58a7e1ee5dbc496d5954a23a3726799cbf2d438cb1,22603954537696298364886893885227007737416823574740096712863248241717115113878,1775059200,2026-04-01 18:09:12,1.0
3663f9a7,2026-04-01 18:11:08,ETH 15m DOWN,DOWN,15m,eth-15m-1775059200-down,0.99,1.0,200,2.0000,WIN,165.69,100.0,1.6569,0xadd3fbdf414050fc060ae316d281946306bc6f77cb33d88ebc0b1911ab062f9c,60892895696452306929600567986218148578894421257785346248664014046199925774407,1775059200,2026-04-01 18:19:10,1.0
c7834c26,2026-04-01 18:11:19,BTC 15m DOWN,DOWN,15m,btc-15m-1775059200-down,0.99,1.0,200,2.0000,WIN,823.41,514.92,1.5991,0x493595f83f431a5a0207f69acb374eaebb283884932354e264b1724167200330,42196497432701408351391320102956887566103203395748297670921254440309395078012,1775059200,2026-04-01 18:21:12,1.0
036c9c58,2026-04-01 18:19:28,ETH 5m UP,UP,5m,eth-5m-1775060100-up,0.99,1.0,200,2.0000,WIN,1128.84,741.23,1.5229,0x9827ca9e06ec1b6b69b359a826602ca138f131163d082849a4e555b5b055aacd,49925853306529404165323290817992340100193305628246713391782970917192305698415,1775060100,2026-04-01 18:24:11,1.0
39633e18,2026-04-01 18:19:38,BTC 5m UP,UP,5m,btc-5m-1775060100-up,0.99,1.0,200,2.0000,WIN,2832.19,1790.41,1.5819,0x5f1b1c0df6f4a8e0cfc25a8a600ce88a01509ef5a12c003e16f1f42e2eae1459,43248967839771963728664251262139700535935674595859163982917673110260320986258,1775060100,2026-04-01 18:26:11,1.0
f2ce861a,2026-04-01 18:24:52,BTC 5m UP,UP,5m,btc-5m-1775060400-up,0.99,1.0,200,2.0000,WIN,55.0,14.94,3.6814,0x36ffef803017b5ca9f68f332d2d67e372b5c2e6a21d54404b7fb25c68821da34,39423270537590995846732176833769685271950230574941163885560482372118703497662,1775060400,2026-04-01 18:31:11,1.0
366b61fc,2026-04-01 18:29:02,ETH 5m UP,UP,5m,eth-5m-1775060700-up,0.99,1.0,200,2.0000,WIN,890.2,174.02,5.1155,0x9d8403937de6bceb1561ee8481d78bd1c5ffc61efb885ef1e964924e46d47410,53911683095829119538213384901338895046255345611176413282998655812893785364033,1775060700,2026-04-01 18:34:12,1.0
3dd4b2d1,2026-04-01 18:29:35,BTC 5m UP,UP,5m,btc-5m-1775060700-up,0.99,1.0,200,2.0000,WIN,1144.4,120.57,9.4916,0x74bd3a145e05e174dd0cda70dcefc78484d1d48d0b5ed3a8f49368512bf64530,17335473696636415071767331388811340686320319015029377046046324761654197378096,1775060700,2026-04-01 18:34:11,1.0
5848f45a,2026-04-01 18:34:00,BTC 5m DOWN,DOWN,5m,btc-5m-1775061000-down,0.99,1.0,200,2.0000,WIN,3083.99,1744.44,1.7679,0x2f1298a2a53961a44eef781cd872dd997a5fff8a8983e72c1179f6283b4fe22f,87125806582991792180931463359401646711750110343371294483803082045217753799751,1775061000,2026-04-01 18:39:11,1.0
e9a8ab48,2026-04-01 18:34:33,ETH 5m DOWN,DOWN,5m,eth-5m-1775061000-down,0.99,1.0,200,2.0000,WIN,170.56,84.69,2.0139,0x70e633bda7efde3c9fa393737b33ee4daf1c256813ae24f36ccb3af4c1ad13ba,42293605817050664313048230942436790577464226470574225936490278951448383420900,1775061000,2026-04-01 18:39:11,1.0
18ec5810,2026-04-01 18:37:22,ETH 5m UP,UP,5m,eth-5m-1775061300-up,0.99,1.0,200,2.0000,WIN,778.73,428.31,1.8181,0xaed891b8773b2dac287ba313c9cedde23e28e847e35890cb734f23d5cfa89cd1,55430055011934846880822934875749831017379335657425972015714215861791568503710,1775061300,2026-04-01 18:42:11,1.0
4aa9526c,2026-04-01 18:38:02,BTC 5m UP,UP,5m,btc-5m-1775061300-up,0.99,1.0,200,2.0000,WIN,1733.3,965.88,1.7945,0x32d84990a595548e41c1870700f01d19837b0a462f793eea3248b6875fbf2dc6,108792249568600618265351830393848724772157099584986563447455513228683780751762,1775061300,2026-04-01 18:44:11,1.0
cd346418,2026-04-01 18:40:46,ETH 15m UP,UP,15m,eth-15m-1775061000-up,0.99,1.0,200,2.0000,WIN,2101.97,1320.0,1.5924,0xa8665382b15b1daed5089d5cf921f904e8f54702a2b4ed5d5fb4f25fe53f02f8,14929041687280821361934982908616947323915123725801960618979923408226970458586,1775061000,2026-04-01 18:49:11,1.0
33baef14,2026-04-01 18:43:52,ETH 5m UP,UP,5m,eth-5m-1775061600-up,0.99,1.0,200,2.0000,WIN,361.8,228.12,1.5860,0xc909b54ee1e7240664017a61fe4c91d9f1be9f2d150b596b206f05372fe5afa6,102962433424765700235703543027556187161320401913754520594875477512041849961483,1775061600,2026-04-01 18:49:11,1.0
d31419c7,2026-04-01 18:44:29,BTC 15m UP,UP,15m,btc-15m-1775061000-up,0.99,1.0,200,2.0000,WIN,1107.1,736.85,1.5025,0x1de62056593ece50c79e8f4c77b4ed08134e7ae4b3ad2ed5de9f46091c53dcab,37014888639054981607800622751392375603005801593294648001996087713076704107642,1775061000,2026-04-01 18:49:11,1.0
0735830a,2026-04-01 18:49:09,ETH 5m DOWN,DOWN,5m,eth-5m-1775061900-down,0.99,1.0,200,2.0000,WIN,1395.87,908.43,1.5366,0x21464a194978983cb180f7ab20de2835cd164d8eb57f8bd00f5c2841ecf8347b,16499500250261450903612054136100307925415769464687394188231820192961940107032,1775061900,2026-04-01 18:56:11,1.0
7fdde0ca,2026-04-01 19:02:56,ETH 5m UP,UP,5m,eth-5m-1775062800-up,0.99,1.0,200,2.0000,WIN,1156.66,497.9,2.3231,0x3808efb2c23732369837826e16132638fcf83f8db4096ca4a18522e5065d5ede,108747309068078823865891039058033286675249044611060473922213166086950285817938,1775062800,2026-04-01 19:11:11,1.0
0d9868a5,2026-04-01 19:03:21,BTC 5m UP,UP,5m,btc-5m-1775062800-up,0.99,1.0,200,2.0000,WIN,174.0,105.2,1.6540,0x701d3776a6d3fc9a623de8a60912e3256b5538baa7bbae7ac58ebd4544f81899,99084013552482487969791650781897531011213508844470530325879642540057696151398,1775062800,2026-04-01 19:11:11,1.0
25d90576,2026-04-01 19:08:07,ETH 5m DOWN,DOWN,5m,eth-5m-1775063100-down,0.99,1.0,200,2.0000,WIN,1353.04,163.77,8.2618,0x54b756952c641adbe4183594a33ce106d0604c247e3132b1c054ec4bd8eaad23,115521851275847124028765035632199043609470022119579482467060958634791167473760,1775063100,2026-04-01 19:14:11,1.0
2770667f,2026-04-01 19:11:32,ETH 15m UP,UP,15m,eth-15m-1775062800-up,0.99,1.0,200,2.0000,WIN,477.69,140.1,3.4096,0x09501ea51c58feb07d7cb2bd1422970699703218d7a4a815ae32d0bda93cba82,22751101184073087424145297308078934257157795949185547878571185072214147253303,1775062800,2026-04-01 19:21:12,1.0
e448c7a2,2026-04-01 19:14:03,ETH 5m DOWN,DOWN,5m,eth-5m-1775063400-down,0.99,1.0,200,2.0000,WIN,62.0,27.75,2.2342,0x7d6cad99845b10adb8edfb85cb7a4e831b72f49aa61975ff33dea354b8cd86a2,69751034155228726577598167741432931585169876624514647159068377075717271366899,1775063400,2026-04-01 19:19:11,1.0
bd1e3380,2026-04-01 19:14:30,BTC 15m DOWN,DOWN,15m,btc-15m-1775062800-down,0.99,1.0,200,2.0000,WIN,1334.85,442.62,3.0158,0x89887c096b372e55fb385a7ae33c6276b2e8195a470f62ac18989af5a89b49e5,27143667425735119229186820126314888620231855636272911356064957437217251543960,1775062800,2026-04-01 19:21:11,1.0
83cd82e9,2026-04-01 19:19:49,ETH 5m UP,UP,5m,eth-5m-1775063700-up,0.99,1.0,200,2.0000,WIN,162.79,100.87,1.6139,0xf239b070b5fb9bdb73aff8b14ba144c2f2f940785baaad9e78d6422cf62ffb69,87180550390704191740346007862941248458121239255506837668321486790328139687886,1775063700,2026-04-01 19:24:11,1.0
c8a50cb3,2026-04-01 19:22:56,ETH 5m DOWN,DOWN,5m,eth-5m-1775064000-down,0.99,1.0,200,2.0000,WIN,531.86,348.12,1.5278,0xc0d63d22f38ab791b711ad467a2d45f644b8a4de353f366bc5d1d6f7ceec4bd6,54974850210255508690069471879474183749652015537934305951626038856501198271401,1775064000,2026-04-01 19:29:11,1.0
e6ebfb43,2026-04-01 19:23:05,BTC 5m DOWN,DOWN,5m,btc-5m-1775064000-down,0.99,1.0,200,2.0000,WIN,3971.09,2075.89,1.9130,0xf2bdab072fa665ff8ae0ee2c101e1d8cfd0da0dd24bff335d10528e50e0a2f9c,108003205915788919450990756147726059367579265410985546825677854509095125791580,1775064000,2026-04-01 19:29:11,1.0
e51bccf1,2026-04-01 19:25:29,ETH 15m DOWN,DOWN,15m,eth-15m-1775063700-down,0.99,1.0,200,2.0000,WIN,178.24,105.39,1.6912,0xe1038caae0d00c7dbc9ec61a1da0b725e52b3ef9dde76c3a8d1ea75eadfb472b,77510009587235193586803261454813281442707831580534752970805395284716157354771,1775063700,2026-04-01 19:34:11,1.0
c85ba761,2026-04-01 19:39:26,ETH 5m UP,UP,5m,eth-5m-1775064900-up,0.99,1.0,200,2.0000,WIN,582.52,218.17,2.6700,0xd4dcb80a4cfbf4c9587dbdeaa5abe9ad4bc1349b6b4d2b384c7fb99f47d38323,1705067980292038561665130484129513748092452602504231201863727198909892908645,1775064900,2026-04-01 19:46:11,1.0
f3463b08,2026-04-01 19:39:30,BTC 5m UP,UP,5m,btc-5m-1775064900-up,0.99,1.0,200,2.0000,WIN,2932.01,1734.55,1.6904,0xc21625ddd914b9855b38e29fab947bea08acc4d2f12601b5fb3674e44f40fc8a,79710936297334001993455256322422953089705449453612739791464655155281145648262,1775064900,2026-04-01 19:46:12,1.0
9edb99ed,2026-04-01 19:44:26,ETH 5m DOWN,DOWN,5m,eth-5m-1775065200-down,0.99,1.0,200,2.0000,WIN,985.95,440.96,2.2359,0xc4d8140e8301e390607c7e28697e0ac02ab6b5789d1e70144a00a088103e9107,81809470459223651433705508748947604922037294971868614573635802019222298639239,1775065200,2026-04-01 19:47:11,1.0
cdae6161,2026-04-01 19:44:57,BTC 5m DOWN,DOWN,5m,btc-5m-1775065200-down,0.99,1.0,200,2.0000,WIN,316.12,179.75,1.7587,0x9b39988070ce183a5ec36509b6491b6a3d5108967eb9571a1c99258b6bf4fbc1,64252556898686203943971353975738904017934057947484348594589599909963284938030,1775065200,2026-04-01 19:49:11,1.0
e5fd105d,2026-04-01 19:49:20,BTC 5m DOWN,DOWN,5m,btc-5m-1775065500-down,0.99,1.0,200,2.0000,WIN,1564.39,322.1,4.8568,0xbcea45b1605e9e6577a24b31a99792e4cd8e47b6c8e5c96f64c0e2700d878fe2,82376960158495544726622597910783162972344564082233828408724110377022397533129,1775065500,2026-04-01 19:54:11,1.0
2970dfbe,2026-04-01 19:58:09,ETH 15m DOWN,DOWN,15m,eth-15m-1775065500-down,0.99,1.0,200,2.0000,WIN,242.2,98.98,2.4470,0x24231713cd3ae8f3db3b2f649be292f15940adaaa289a475d502edb1de29a662,60059274580817310505910461156722722545690351394206246338454179099540621644013,1775065500,2026-04-01 20:04:11,1.0
b4de86fe,2026-04-01 19:59:25,BTC 5m DOWN,DOWN,5m,btc-5m-1775066100-down,0.99,1.0,200,2.0000,WIN,1681.85,1029.25,1.6341,0xbd6ef84431799f20e1bfc29a8ff7ea6d9137cd077605730f47c26e166e8c7a57,108890163501430376033570616212087355821774343025540845764494809341119767499751,1775066100,2026-04-01 20:06:12,1.0
df20c463,2026-04-01 19:59:52,ETH 5m DOWN,DOWN,5m,eth-5m-1775066100-down,0.99,1.0,200,2.0000,WIN,62.01,6.47,9.5842,0xd19e19be7b9ad07d008a6167e17c6eef8e892e7ca831da90673f4f3f67fb725e,44858024007527270730177818960272758645844452598247131921782357795623639034276,1775066100,2026-04-01 20:04:11,1.0
e00a907d,2026-04-01 20:02:49,BTC 5m DOWN,DOWN,5m,btc-5m-1775066400-down,0.99,1.0,200,2.0000,WIN,2403.04,1548.94,1.5514,0x9ca970635b4dd0698c41327777a643021cf5c4b8bb1805492147ed5d176b1fb2,68112956924732625594448540031011606550993452563163649928934407280877790772221,1775066400,2026-04-01 20:09:11,1.0
7c58ff8f,2026-04-01 20:03:02,ETH 5m DOWN,DOWN,5m,eth-5m-1775066400-down,0.99,1.0,200,2.0000,WIN,92.76,29.0,3.1986,0xdef222f1328267bca3ff93e44293d7809f1b7a0f10dfdeab7b284b7d68516f37,7409498278049750591334743917446492425726883992838612149961301561529540055946,1775066400,2026-04-01 20:11:11,1.0
e8de8380,2026-04-01 20:13:21,BTC 15m DOWN,DOWN,15m,btc-15m-1775066400-down,0.99,1.0,200,2.0000,WIN,833.0,122.41,6.8050,0x4015b7dcb2566d41f21b575d6bb13ef3f43f3b8d842690c99ae4baf1591fa313,94915760140549385852358720244595506766359319329804444993210944910636967427226,1775066400,2026-04-01 20:19:11,1.0
38b97ba7,2026-04-01 20:14:10,ETH 5m UP,UP,5m,eth-5m-1775067000-up,0.99,1.0,200,2.0000,WIN,223.8,120.29,1.8605,0x0b183ec669bd78f7cff3800f225c29d3c5bc0559635c84a2d111149bf537af35,39677129403432917003383693728234955169601414290492827622857517703890946570758,1775067000,2026-04-01 20:21:11,1.0
2d8da04a,2026-04-01 20:19:14,ETH 5m DOWN,DOWN,5m,eth-5m-1775067300-down,0.99,1.0,200,2.0000,WIN,755.18,456.53,1.6542,0x4a414d7935c0e5e9b1525a0fcd2d7f13addc444b4f9c623647df740466ba22e6,51493769669261201008644381805007719659060021201607636884558775356840857670790,1775067300,2026-04-01 20:24:11,1.0
4aea8e92,2026-04-01 20:19:21,BTC 5m DOWN,DOWN,5m,btc-5m-1775067300-down,0.99,1.0,200,2.0000,WIN,1665.98,1006.21,1.6557,0xd7b2e2efe1f1345514a56f16b985e5ea59df6ed99311a3e02e8573a2b5ca3ded,69768044230948497823237232998935887830873235701134923512104129706382909953490,1775067300,2026-04-01 20:24:11,1.0
1b0b380f,2026-04-01 20:24:24,ETH 5m DOWN,DOWN,5m,eth-5m-1775067600-down,0.99,1.0,200,2.0000,WIN,342.37,134.94,2.5372,0x8a88899dbafc3f830aafb0d47400ccb8829053a9b5269eab11a0963932de363f,9997714275661077427290677111332066207228800036229080279400529526231285921474,1775067600,2026-04-01 20:29:11,1.0
5a326760,2026-04-01 20:29:01,ETH 15m DOWN,DOWN,15m,eth-15m-1775067300-down,0.99,1.0,200,2.0000,WIN,898.89,499.65,1.7990,0x7c77bf7b6810658ec5bc847b34fe8e3d7f35074d0e70929182d8150d0fe5e5aa,97901622425373407539435253117129688550391227273452558196027775545703416668495,1775067300,2026-04-01 20:34:11,1.0
19ec87a5,2026-04-01 20:29:39,BTC 5m UP,UP,5m,btc-5m-1775067900-up,0.99,1.0,200,2.0000,WIN,3006.51,1576.36,1.9072,0x64f9d98cf5ee5bb5066d2982d2e89e947ca8c3e0c3aaee077cf589e84e86b2a9,44015373567981941339224876967801157390021592435754094119728213754998612930605,1775067900,2026-04-01 20:34:11,1.0
c7aea46d,2026-04-01 20:29:40,ETH 5m UP,UP,5m,eth-5m-1775067900-up,0.99,1.0,200,2.0000,WIN,199.04,116.13,1.7139,0xb6918b1f8221d98bb4ad9db906e461919ae77663111178aa0c3545f22a4324bc,100221579098428663658128938015567024908454963634825463582737899680604770681368,1775067900,2026-04-01 20:32:11,1.0
11aa0a07,2026-04-01 20:34:42,BTC 5m UP,UP,5m,btc-5m-1775068200-up,0.99,1.0,200,2.0000,WIN,2024.85,1220.4,1.6592,0x3378c52a91d908ff0a613e69c1c6672dd88717bcd1bc280ac0d3b39b45ce8017,55230603513020531336854855727601180166881276412045463214080383231542279048068,1775068200,2026-04-01 20:41:11,1.0
c1140c9e,2026-04-01 20:34:49,ETH 5m UP,UP,5m,eth-5m-1775068200-up,0.99,1.0,200,2.0000,WIN,161.07,89.75,1.7947,0x21f5facf58edf24d220d3ab93e6b35ef64cc452ad77a23efc10deacba4c772ed,34474750240726074630750213432425169458644930498206704829525498805851350018835,1775068200,2026-04-01 20:39:11,1.0
4d357764,2026-04-01 20:41:14,BTC 15m UP,UP,15m,btc-15m-1775068200-up,0.99,1.0,200,2.0000,WIN,4834.22,2434.97,1.9853,0x0750e1a5ee0cf314b45a8d76e4f8ddd9af25498742f16921c4b1ffa61e5a2e0e,94983480055254477920870185416877058719329375620973970252888876480853435423013,1775068200,2026-04-01 20:49:11,1.0
b57d3384,2026-04-01 20:41:31,ETH 15m UP,UP,15m,eth-15m-1775068200-up,0.99,1.0,200,2.0000,WIN,636.0,121.46,5.2363,0x5d76888cab35da01f1031889295980a83611b49ba2e6ca0924fe27ee1958c163,31457266779162213336066514639891709061432965676442115703480298160020882097446,1775068200,2026-04-01 20:51:12,1.0
a8648864,2026-04-01 20:54:28,BTC 5m DOWN,DOWN,5m,btc-5m-1775069400-down,0.99,1.0,200,2.0000,WIN,1978.81,1069.86,1.8496,0x2af05316f56e663c54f5fade688cc3f69cb0a5ce815d86afb0c91dc4056d365e,6001919631252234288035045415202829749248407940781474232936924236469818929537,1775069400,2026-04-01 21:01:11,1.0
8f0a521f,2026-04-01 20:56:26,BTC 15m DOWN,DOWN,15m,btc-15m-1775069100-down,0.99,1.0,200,2.0000,WIN,142.5,15.93,8.9454,0xe0c81382e3b224034b956cd2799a6909c43de894df948ef5222f12d9d63f5703,49284839409061961431580601025390219327667393847218135635726772048268680718748,1775069100,2026-04-01 21:04:10,1.0
5bd4e8c8,2026-04-01 20:56:32,ETH 15m DOWN,DOWN,15m,eth-15m-1775069100-down,0.99,1.0,200,2.0000,WIN,453.4,203.43,2.2288,0xda7af6d396f558a80e5d6f16ccc0aa5762801ca107c09a6842d0d2b7b1f38387,49242005896023430923789198060516679923567132781960812300715380146394720975508,1775069100,2026-04-01 21:04:11,1.0
6d9dd8c4,2026-04-01 21:04:17,BTC 5m UP,UP,5m,btc-5m-1775070000-up,0.99,1.0,200,2.0000,WIN,2435.67,1231.34,1.9781,0x8f4b4ef5a25677c7d6d588b6481818f021611c5c4c84210c417b14a4f0d63d96,72078696799331384066458321429588063736317771631334325889523169152822889763275,1775070000,2026-04-01 21:11:12,1.0
bf3b2844,2026-04-01 21:04:44,ETH 5m UP,UP,5m,eth-5m-1775070000-up,0.99,1.0,200,2.0000,WIN,155.7,89.6,1.7377,0x7ff5467b3493cc4b42c18758d0e682e16409d3a8055e7e86e4dae957bea5b461,87305532214814867678171101281518016858787854053419794195240224525197931524225,1775070000,2026-04-01 21:11:11,1.0
840e65a4,2026-04-01 21:09:52,ETH 5m UP,UP,5m,eth-5m-1775070300-up,0.99,1.0,200,2.0000,WIN,357.03,183.71,1.9434,0x239bc9bb90c0c9dcff7ee916a4ba4b8afddc0f43a176f8a3342ad723d3f2594c,5843412640696429718927492785588338743735580837101243863066920969425950690495,1775070300,2026-04-01 21:14:11,1.0
a5eede31,2026-04-01 21:19:56,BTC 5m UP,UP,5m,btc-5m-1775070900-up,0.99,1.0,200,2.0000,WIN,1321.07,383.14,3.4480,0x84524350069973056097ebdbff8a169734b69e6bee174b1c18ddb422845112a9,41758012988568304863946290264937572018617381956084608397667299219401714693647,1775070900,2026-04-01 21:24:11,1.0
82512892,2026-04-01 21:24:56,BTC 5m UP,UP,5m,btc-5m-1775071200-up,0.99,1.0,200,2.0000,WIN,762.6,287.76,2.6501,0xb6550ac6ef86adf881af618e3aac066e8b9d7f1f80a1f1571be3020113992027,39700288103484054494869085158258838060762206657814151120414599380940397802664,1775071200,2026-04-01 21:29:11,1.0
b26cc6f7,2026-04-01 21:25:56,BTC 15m UP,UP,15m,btc-15m-1775070900-up,0.99,1.0,200,2.0000,WIN,2447.38,265.0,9.2354,0x3b6003b8759f788a3b89b023ed5e215ffd70b4fd1d81ea680f657ce145fb7ebd,24132873823962876025271241248404155688396361278153696276940967460795106498151,1775070900,2026-04-01 21:36:12,1.0
af7330b0,2026-04-01 21:29:31,BTC 5m UP,UP,5m,btc-5m-1775071500-up,0.99,1.0,200,2.0000,WIN,2978.89,1809.58,1.6462,0xd0160fda412d091641c4d448ba524ba9d11ee13ccd6bcf2d439a7b0afed68bed,95046255573408839974398802052245462170902570641682180834449554510914159960256,1775071500,2026-04-01 21:36:12,1.0
cbc0fa68,2026-04-01 21:33:37,ETH 5m DOWN,DOWN,5m,eth-5m-1775071800-down,0.99,1.0,200,2.0000,WIN,346.49,158.08,2.1919,0xf807aaaf9312f3db67cf384c81da44cda9ca03ad787d2e58d41d702f75f94ec0,100279588984823553951563970548847918620581530560194717615283917173313179249636,1775071800,2026-04-01 21:39:11,1.0
d5124e2c,2026-04-01 21:33:40,BTC 5m DOWN,DOWN,5m,btc-5m-1775071800-down,0.99,1.0,200,2.0000,WIN,2471.93,1607.31,1.5379,0xcf04d788dbc5f28715b3e6e502ea80a1ce3afd775781e2426a60904adb67d2be,107249060532794952890920388583178936794466875607260706717104714455228519146606,1775071800,2026-04-01 21:39:11,1.0
36b87d1a,2026-04-01 21:39:39,ETH 5m UP,UP,5m,eth-5m-1775072100-up,0.99,1.0,200,2.0000,WIN,656.97,336.63,1.9516,0x688a555bab9bdfe6f530d664ec3c5f9d53ca284afa021da14609d8703492213b,101240856594218735509525452651237618124271539746024551588630451505963257014288,1775072100,2026-04-01 21:44:11,1.0
8604700a,2026-04-01 21:43:52,BTC 15m DOWN,DOWN,15m,btc-15m-1775071800-down,0.99,1.0,200,2.0000,WIN,1030.17,100.0,10.3017,0x017066b74258e66a18aad7100f4e63398fb40cc1d8fe5b4fb43f4ad70fa61cfc,95255967391970874873106627634702002151912749303378404895376290988779966969839,1775071800,2026-04-01 21:49:11,1.0
874c0223,2026-04-01 21:48:19,ETH 5m UP,UP,5m,eth-5m-1775072700-up,0.99,1.0,200,2.0000,WIN,321.4,197.03,1.6312,0x6a72ff3780021775aa82dbf04dec690af905dc1bc8e868a4a068887275929bb8,3458245840274678626087606339151432606127271511526901055337974237030919317133,1775072700,2026-04-01 21:54:11,1.0
8b8c0621,2026-04-01 21:53:13,BTC 5m DOWN,DOWN,5m,btc-5m-1775073000-down,0.99,1.0,200,2.0000,WIN,2856.11,1752.52,1.6297,0xd924d0d9e82aefc43d87a1b838f2790fb7644e06ec286458235f3f16c0d6744a,34824732289230237068682979237538137909344901418812398317528270745556127029499,1775073000,2026-04-01 22:01:12,1.0
c7e09cd1,2026-04-01 21:58:12,ETH 15m UP,UP,15m,eth-15m-1775072700-up,0.99,1.0,200,2.0000,WIN,244.0,29.64,8.2321,0xf43fc1a2c18fa9477ae2f8f9a7fdffcedb6b1c2101fa0ef2acdf97e1d9cc7469,98510182327497482062839306625575293998412471490147510086137890693737777845498,1775072700,2026-04-01 22:04:11,1.0
030d86d9,2026-04-01 21:59:20,ETH 5m DOWN,DOWN,5m,eth-5m-1775073300-down,0.99,1.0,200,2.0000,WIN,443.99,250.53,1.7722,0xc60ff4b9ac1e83db9950cc83e5fd1ed72b12e824e8ab707370ec5ea165471f81,74680577897663404295314305739020856343645794584843465437063994062624617410884,1775073300,2026-04-01 22:02:10,1.0
ab65fce8,2026-04-01 22:09:58,BTC 5m UP,UP,5m,btc-5m-1775073900-up,0.99,1.0,200,2.0000,WIN,975.36,468.36,2.0825,0x23097d6986bb31d01d8b8187624060fd0ad17bf155cac7deb97eb0cce5d2d203,111081447230649112121177242421346120984229342005273694554179420343577283291416,1775073900,2026-04-01 22:14:11,1.0
dbf4e3ad,2026-04-01 22:13:38,ETH 15m DOWN,DOWN,15m,eth-15m-1775073600-down,0.99,1.0,200,2.0000,WIN,151.61,79.21,1.9140,0xa06805b5fe71dc8f722353a2816edbc3aa23c64121c50496e76b7209ebd5f20b,38133928522166673728619777481782670503083336625442217003769616810476660111404,1775073600,2026-04-01 22:19:11,1.0
d498009c,2026-04-01 22:13:48,BTC 15m DOWN,DOWN,15m,btc-15m-1775073600-down,0.99,1.0,200,2.0000,WIN,1029.36,136.56,7.5378,0xbcc4d81fe0e0807389d06f8b70aa3af70fa97b5fdaa4548edd79c8317dad0670,110542728539018346670338134045632335681052103700980231083183135706836062413708,1775073600,2026-04-01 22:19:11,1.0
3abf2172,2026-04-01 22:15:00,BTC 5m DOWN,DOWN,5m,btc-5m-1775074200-down,0.99,1.0,200,2.0000,WIN,52.8,20.76,2.5434,0x195cfd7a966cf2fc64d1c90cc119cfdc7355eff1ef23d493ef095eef7ce9855b,34001048186770431337268911467341520266005900610882449519372862697463455395443,1775074200,2026-04-01 22:19:11,1.0
33cd0100,2026-04-01 22:24:30,ETH 5m UP,UP,5m,eth-5m-1775074800-up,0.99,1.0,200,2.0000,WIN,764.2,457.47,1.6705,0xcd39a46d3f438470be1b89c4384fa711295fd34ddd7d5f027fa0263a8ddb7f32,587199831391310412259820374029308837722126385069091790154108186891453678102,1775074800,2026-04-01 22:29:11,1.0
272f627d,2026-04-01 22:24:33,BTC 5m UP,UP,5m,btc-5m-1775074800-up,0.99,1.0,200,2.0000,WIN,1526.59,681.34,2.2406,0x140210233c0b93b012c03d76d7c3cce0c71f0d56c448b714914394c7cc7e152c,92824310778873128698836652973883834395593480810542425633361303649006413866149,1775074800,2026-04-01 22:29:11,1.0
e740ff7e,2026-04-01 22:29:31,BTC 5m DOWN,DOWN,5m,btc-5m-1775075100-down,0.99,1.0,200,2.0000,WIN,2042.3,867.25,2.3549,0xe44573067480a3a5f80749d87e79126d6ef4b21e7c28085423eada15c666f589,94575913741866123303131928467576019563317402807709625346990485585428861530208,1775075100,2026-04-01 22:36:11,1.0
e3a78a4d,2026-04-01 22:29:36,ETH 15m DOWN,DOWN,15m,eth-15m-1775074500-down,0.99,1.0,200,2.0000,WIN,177.38,101.48,1.7479,0x3ad12911fb77e4f184d58b58a4596590ecdca772ba2d4914c18382d6bc71918c,87948405260039257750419554100325710490097522574977828695540889085282696070045,1775074500,2026-04-01 22:36:11,1.0
19460726,2026-04-01 22:38:16,ETH 5m UP,UP,5m,eth-5m-1775075700-up,0.99,1.0,200,2.0000,WIN,872.88,544.55,1.6029,0x9044707f2ab92940fe4543c59201e7dc176f243f81f4a0bb348eaa8b256dbbbb,79183056858302745117474003797020426478720073031621226740336904186900200638726,1775075700,2026-04-01 22:46:11,1.0
8d5dbbc9,2026-04-01 22:44:31,ETH 5m UP,UP,5m,eth-5m-1775076000-up,0.99,1.0,200,2.0000,WIN,41.54,8.5,4.8871,0x992695f1b0b7396c69c23f4e96dbb9c407e73f83568ff43e9a36463cd4453714,99371495787855943032757476447111130533585162664936578328529703279882446904021,1775076000,2026-04-01 22:47:10,1.0
276ca005,2026-04-01 22:44:56,BTC 5m UP,UP,5m,btc-5m-1775076000-up,0.99,1.0,200,2.0000,WIN,1043.66,667.07,1.5645,0x67c729dc31bccad38efe81c91be54e8890c9a6bb3e6ba5f4c5e72e232fe25633,36031155991987554685193247250832973643517930817823655284548763816638862528485,1775076000,2026-04-01 22:47:11,1.0
db0fdd08,2026-04-01 22:49:51,ETH 5m UP,UP,5m,eth-5m-1775076300-up,0.99,1.0,200,2.0000,WIN,453.82,215.77,2.1033,0xf816d7598988fd774ab63abfa622ef3ce88957f958fe555ccd5691dd7062ee5a,70757594213892281902328576670325082713615260171104017344782936624883231222573,1775076300,2026-04-01 22:56:11,1.0
30b9cd8e,2026-04-01 22:49:58,BTC 5m UP,UP,5m,btc-5m-1775076300-up,0.99,1.0,200,2.0000,WIN,1184.08,736.62,1.6075,0x730440394f76988d1982ba962ed6dcf0728f86606d0cc9283df1a744b9aae6b7,35795675211422069563688943507276311240461799126088721617783018057847111688372,1775076300,2026-04-01 22:54:11,1.0
7ab18c6d,2026-04-01 22:54:05,ETH 5m UP,UP,5m,eth-5m-1775076600-up,0.99,1.0,200,2.0000,WIN,960.61,625.85,1.5349,0xaad208c4f539b79df5e04c6c102118e23466dcf9533bb41c5a25e9f3e7d69621,31915441274977964918286836508041704278943997520328202318003825078307736782173,1775076600,2026-04-01 22:59:11,1.0
97109dd3,2026-04-01 22:54:30,BTC 5m UP,UP,5m,btc-5m-1775076600-up,0.99,1.0,200,2.0000,WIN,2536.4,1550.58,1.6358,0xa0db25da2f95f97989c181e88f35da788f4aecb4b44427ca2a7c7a9ae3ce188d,113330297427986946564932913022432660626334828475583536853648788267280235522089,1775076600,2026-04-01 22:59:11,1.0
5b9db4cf,2026-04-01 22:58:09,ETH 15m UP,UP,15m,eth-15m-1775076300-up,0.99,1.0,200,2.0000,WIN,708.0,434.36,1.6300,0x4eddd2e1298e28e7acb9787936f049181514e49bc0040deafb10f217a71cef42,35519595503730240943648563570188609717348738772710088337681494869956331571242,1775076300,2026-04-01 23:06:11,1.0
a4350d06,2026-04-01 23:04:11,ETH 5m UP,UP,5m,eth-5m-1775077200-up,0.99,1.0,200,2.0000,WIN,497.4,326.1,1.5253,0xafd6da61b517c068caeae5c79b017bd01848171febe70a675ae76d128482ae04,26196257463254673514919774405448313464468171477941859199342974963790736823696,1775077200,2026-04-01 23:07:11,1.0
41bda32d,2026-04-01 23:08:16,ETH 15m UP,UP,15m,eth-15m-1775077200-up,0.99,1.0,200,2.0000,WIN,850.07,261.14,3.2552,0x879bcae24aca91111a6e9e627c1b51a7c1e983ae852cca9f35fab55aa24a9f61,54027656273417551421334524924362085827811175158261356707904545863645760879515,1775077200,2026-04-01 23:17:11,1.0
46cc26b0,2026-04-01 23:09:24,BTC 5m UP,UP,5m,btc-5m-1775077500-up,0.99,1.0,200,2.0000,WIN,815.44,524.07,1.5560,0xd2afc0809caa707c1937033b13045daed31d6f48fbbd080bc908dc1fc839c8a8,32911245970249139387900295047767609805180164726280382719832452627263709390368,1775077500,2026-04-01 23:16:11,1.0
5d7eca1f,2026-04-01 23:10:16,BTC 15m UP,UP,15m,btc-15m-1775077200-up,0.99,1.0,200,2.0000,WIN,786.55,436.34,1.8026,0xc79f52499a99ccc2ac2abeeec099659b172cb74af0241a5ef07e9669d780374a,57262659610475357432378799177898848399685580265044337793098141744616125887266,1775077200,2026-04-01 23:19:11,1.0
25d3743b,2026-04-01 23:14:00,BTC 5m DOWN,DOWN,5m,btc-5m-1775077800-down,0.99,1.0,200,2.0000,WIN,1456.44,205.38,7.0914,0x242e6c0d995b8ea18ab11848c25394a16b9f7c19c4082ddf06f4dbbd7b50f27f,22714367367662529212477842445493050533048402324471787631145064886941947226611,1775077800,2026-04-01 23:19:11,1.0
4b32732e,2026-04-01 23:19:34,BTC 5m UP,UP,5m,btc-5m-1775078100-up,0.99,1.0,200,2.0000,WIN,2551.46,1338.85,1.9057,0x7969924fce5805561ab09fa12c3ef82de7704321b5b6ed250457576e3a206ea3,87585697109008898967196861554870984699438427263234989146827986473399344232836,1775078100,2026-04-01 23:24:10,1.0
d2181a6a,2026-04-01 23:26:30,ETH 15m UP,UP,15m,eth-15m-1775078100-up,0.99,1.0,200,2.0000,WIN,257.69,154.95,1.6631,0x0a84a16c76c8b91a70a893ed34c2ee581cdb2c09252736a1c3f07c7a415f2088,8016277410735746456407717172040541173880079648262626664876823385025883053578,1775078100,2026-04-01 23:36:11,1.0
c8ffa3d7,2026-04-01 23:26:31,BTC 15m UP,UP,15m,btc-15m-1775078100-up,0.99,1.0,200,2.0000,WIN,1700.68,1067.49,1.5932,0x3ba6e01c717d457ac4b415d2febb67f5e93a885b2a5a890be7407fe69553ffe3,77620734528122375116516600716539075788087541529848595312344036526847301104487,1775078100,2026-04-01 23:34:11,1.0
6591b150,2026-04-01 23:34:52,BTC 5m UP,UP,5m,btc-5m-1775079000-up,0.99,1.0,200,2.0000,WIN,1088.01,425.43,2.5574,0x2a45bd35536873da3d958bff16068bb8d201c5f2c36c1c4f7c72c5c9d6915b2e,56077137899083896260434813647175767331073069795713550373135601612348447125805,1775079000,2026-04-01 23:41:11,1.0
3d191afb,2026-04-01 23:43:05,BTC 15m DOWN,DOWN,15m,btc-15m-1775079000-down,0.99,1.0,200,2.0000,WIN,1554.92,969.73,1.6035,0x8d4b707ef20aa8d9cadabb0a66ec93f05c8ae95d2ec20c15f98b3f3000ee7607,59686503353990707810894884652812137987520875251860731427163942520065073848245,1775079000,2026-04-01 23:49:11,1.0
d5eee3e5,2026-04-01 23:44:55,ETH 5m DOWN,DOWN,5m,eth-5m-1775079600-down,0.99,1.0,200,2.0000,WIN,361.16,130.93,2.7584,0x0307b695d56fd0eb5354884775390527c6b1bdeded9179dcff9aeed6c077f7b3,79588776665084312252075785263617068142431808048693541736399460212331864594730,1775079600,2026-04-01 23:49:11,1.0
31f48773,2026-04-01 23:49:51,ETH 5m DOWN,DOWN,5m,eth-5m-1775079900-down,0.99,1.0,200,2.0000,WIN,340.66,201.45,1.6910,0x6a448e695848caa21c73a19ddba80c158dac53643e55b3eba1b45c0729e578fa,60643206382230188646426253608709401176174185857199906212768825414234874188854,1775079900,2026-04-01 23:54:11,1.0
5374615f,2026-04-01 23:55:01,BTC 5m DOWN,DOWN,5m,btc-5m-1775080200-down,0.99,1.0,200,2.0000,WIN,9220.96,3322.15,2.7756,0x6d21ea28d4307412925f4728ef5817a9a90378e459e4b8c61dfd8b8f95980047,111044114040165303825266973877055819240273259957844501763202637744378662869907,1775080200,2026-04-01 23:59:11,1.0
74e9c691,2026-04-01 23:58:56,BTC 5m UP,UP,5m,btc-5m-1775080500-up,0.99,1.0,200,2.0000,WIN,1970.52,465.68,4.2315,0x8d6573a3cbfaeea9f0cd9cff298c3921ae37b1d4faa0971ccfe3a0e79d796693,11777237181167212107343101235277632074588647200947697146549741999309704163302,1775080500,2026-04-02 00:06:11,1.0
6453fee9,2026-04-01 23:58:58,BTC 15m UP,UP,15m,btc-15m-1775079900-up,0.99,1.0,200,2.0000,WIN,517.19,270.0,1.9155,0x0f3df2dce4c21b1f54083f0e059ea674234ec704f729bdff946e72216d946dae,72847607600063391734792396714898914546604654869998248487265730695451075642964,1775079900,2026-04-02 00:04:11,1.0
aedb550e,2026-04-01 23:59:04,ETH 15m UP,UP,15m,eth-15m-1775079900-up,0.99,1.0,200,2.0000,WIN,214.2,100.0,2.1420,0xfac4aa99b3058cd03c51984c41c11c461f8b086853da0ed6a909707d9e7cbc0c,7471299832190052362348495092328811150163225436903847287288138312660829384726,1775079900,2026-04-02 00:04:12,1.0
c7086fb8,2026-04-02 00:04:30,ETH 5m DOWN,DOWN,5m,eth-5m-1775080800-down,0.99,1.0,200,2.0000,WIN,575.47,358.22,1.6065,0xc9c9c0c1e93f1c0a8a8bd3efaa42f9ece1825e8aa878216c95f9adfbee0a0d34,68867219961749635315882088740609932509410162152383284052182730641630073480067,1775080800,2026-04-02 00:11:11,1.0
9ce8fe86,2026-04-02 00:09:51,BTC 5m DOWN,DOWN,5m,btc-5m-1775081100-down,0.99,1.0,200,2.0000,WIN,1926.52,1000.59,1.9254,0xf38ca017e33811ced075f9c01e49f38a566cd8944bdf460bdb2a26c0982d5563,57679105431323531157044365216408575002649306154009200934966153556428461286078,1775081100,2026-04-02 00:16:12,1.0
53728ffb,2026-04-02 00:10:54,BTC 15m DOWN,DOWN,15m,btc-15m-1775080800-down,0.99,1.0,200,2.0000,WIN,1463.18,911.84,1.6046,0xa61d8f2bfd7be7b898929ea9626730199ed917bdccb49d5f40d895fb1407856d,34017474521919012188271769167792429824189248034936353251963928166963303511397,1775080800,2026-04-02 00:19:11,1.0
9be91f0e,2026-04-02 00:11:05,ETH 15m DOWN,DOWN,15m,eth-15m-1775080800-down,0.99,1.0,200,2.0000,WIN,93.86,44.73,2.0984,0x6a4d2ae468cee0c371cb81c01ab2f56941528d0ef09b553096086b54bb655661,61628248055981629604558691227336073205117638581093253967473842665365271157949,1775080800,2026-04-02 00:19:11,1.0
de329dbc,2026-04-02 00:18:13,ETH 5m DOWN,DOWN,5m,eth-5m-1775081700-down,0.99,1.0,200,2.0000,WIN,338.3,100.89,3.3532,0x6f149d6080e5aeb3c957ac952e6ce0bbf3a382e4e9085f92ad028f5501f2f599,55419988798516950164726381445700151435606901685244077363609072553348055009889,1775081700,2026-04-02 00:24:11,1.0
bbc452f5,2026-04-02 00:19:00,BTC 5m DOWN,DOWN,5m,btc-5m-1775081700-down,0.99,1.0,200,2.0000,WIN,4344.32,2777.66,1.5640,0x699403a5d4362e52748fc943935e6e15af60564b2521889a20496949b02ebb8a,88608167294814749209224317972711538039646407632716759032602893213207515998174,1775081700,2026-04-02 00:24:11,1.0
3e576c1b,2026-04-02 00:23:44,BTC 5m UP,UP,5m,btc-5m-1775082000-up,0.99,1.0,200,2.0000,WIN,2928.34,1375.17,2.1294,0xa09ccd1f8eb56b3a7cb10ef434c171ced11550fffa35bdd569b42fd6b8a9bef2,29978288488111783835847385650433422245662286081429151978450014126652733123626,1775082000,2026-04-02 00:29:11,1.0
7d1682b6,2026-04-02 00:28:42,ETH 15m DOWN,DOWN,15m,eth-15m-1775081700-down,0.99,1.0,200,2.0000,WIN,328.26,65.85,4.9850,0xf7e60c6d6bad5759f437f38f305314837352c60aa3a3b305c7726a55b76c75ae,30241300896746051237736627032650172765847342615480702825821143664050763938025,1775081700,2026-04-02 00:34:11,1.0
18f34f59,2026-04-02 00:28:50,ETH 5m DOWN,DOWN,5m,eth-5m-1775082300-down,0.99,1.0,200,2.0000,WIN,213.77,121.21,1.7636,0x815035ecc2786a6a87afa849f69265e4f6e04ab115fd64798df8b30e33d547e6,28912102284991675660507664046978707165697723940070917473837096663284539969344,1775082300,2026-04-02 00:36:11,1.0
7ee84de6,2026-04-02 00:29:17,BTC 5m DOWN,DOWN,5m,btc-5m-1775082300-down,0.99,1.0,200,2.0000,WIN,1139.18,498.62,2.2847,0xfeefdc1ee82a08546eeb1e0fa33e8c9a65eeeea748586d95acaeb08e5c7fab26,3629584902418046509977883234134575765704721241138512377745653327843951328257,1775082300,2026-04-02 00:34:11,1.0
b1b01aa8,2026-04-02 00:39:46,ETH 5m DOWN,DOWN,5m,eth-5m-1775082900-down,0.99,1.0,200,2.0000,WIN,509.94,332.88,1.5319,0x3db4324cf8fc80925e7481b5273687a33352d320330850143b3613af540c2e4d,75953855043338537941269407998612222562420634970845504012487218103059534377195,1775082900,2026-04-02 00:46:11,1.0
76ef5e22,2026-04-02 00:44:13,BTC 15m UP,UP,15m,btc-15m-1775082600-up,0.99,1.0,200,2.0000,WIN,1328.54,861.04,1.5429,0x1ad5c5cc93bff931e448ca8610ce56de88082667273e5e151edbc156b29a8ab2,55402002336957425236323938411636144856457215104577503052086763166445097254286,1775082600,2026-04-02 00:47:11,1.0
374191c0,2026-04-02 00:44:52,BTC 5m UP,UP,5m,btc-5m-1775083200-up,0.99,1.0,200,2.0000,WIN,771.57,103.41,7.4613,0x9f4109dd3befd5508288015e3de071be90f82e63b95e0236832861ffd20514a6,73867579826582611361472863017407827198752168629223484188502884800202747535202,1775083200,2026-04-02 00:49:12,1.0
570d3fc5,2026-04-02 00:49:28,BTC 5m DOWN,DOWN,5m,btc-5m-1775083500-down,0.99,1.0,200,2.0000,WIN,1391.21,714.53,1.9470,0x55c2669ec35acaf72abda5320100f58b44653393d1817dbafb52dc33e7dd632c,97965973113130078999341012546232287230527092782565858025264489319370778985147,1775083500,2026-04-02 00:54:11,1.0
bb2576c7,2026-04-02 00:59:58,BTC 5m DOWN,DOWN,5m,btc-5m-1775084100-down,0.99,1.0,200,2.0000,WIN,395.92,260.15,1.5219,0x7d036b7b584da2e697c07ff8e599f5a124043ebd658f798427211e95944a4bfe,92358671660168915115401388753214066241864994828192041316382079035327429361217,1775084100,2026-04-02 01:04:12,1.0
36afe833,2026-04-02 01:19:16,ETH 5m DOWN,DOWN,5m,eth-5m-1775085300-down,0.99,1.0,200,2.0000,WIN,388.89,106.96,3.6358,0x955551efbcd241fb7f4ed0dceb7184afe1fa2f995b5cdbd2b6f4a2fd0c8848f0,65803139728323059804810637397314425995111977139678568361971319490113353846854,1775085300,2026-04-02 01:26:12,1.0
51e594d7,2026-04-02 01:19:17,BTC 5m DOWN,DOWN,5m,btc-5m-1775085300-down,0.99,1.0,200,2.0000,WIN,2473.57,1647.53,1.5014,0xa252b46de342efeeb0ec8e1994e76de2ea90fe359414dd5a35327a20fd0ee424,96453684368766537549495424305177237394715061718563957364136803529588763553266,1775085300,2026-04-02 01:26:11,1.0
b9c32de5,2026-04-02 01:28:51,BTC 15m DOWN,DOWN,15m,btc-15m-1775085300-down,0.99,1.0,200,2.0000,WIN,1178.29,688.41,1.7116,0x5d1218d73c200065a02b0c696342e8a060b4ae8c57ccdfbbe9434df58d983ed8,214119844243207195448568827651932903507350601396904819618431036937666679414,1775085300,2026-04-02 01:34:11,1.0
cf3f8de5,2026-04-02 01:29:55,BTC 5m UP,UP,5m,btc-5m-1775085900-up,0.99,1.0,200,2.0000,WIN,2099.28,140.8,14.9097,0x9cbbc4061871b98a2afdff8acaf2312ac70146483a3964b84d360dd9ce97e931,40521361047446970016839302052806836977190122482911206776505878291949479760104,1775085900,2026-04-02 01:34:10,1.0
770ea1aa,2026-04-02 01:33:26,BTC 5m DOWN,DOWN,5m,btc-5m-1775086200-down,0.99,0.0,200,-198.0000,LOSS,1823.35,133.02,13.7073,0xb104e25c096eb3ea5bfadf2d5cd68eff6c40a0e490133f510e5526b50d17f73a,71240568800902003726820589404467233599225312331700177225619588153754790034983,1775086200,2026-04-02 01:41:11,0.0
d7b299d5,2026-04-02 01:43:51,ETH 15m UP,UP,15m,eth-15m-1775086200-up,0.99,1.0,200,2.0000,WIN,1145.73,570.77,2.0073,0x84b31827d0a7228cbefbcae6ef8f744e4076af82c03b5ee227b838c295f5c9e5,50584111079885384133966701092148414999797197780499652538869802068331964986562,1775086200,2026-04-02 01:51:12,1.0
6fb288f0,2026-04-02 01:44:57,BTC 15m DOWN,DOWN,15m,btc-15m-1775086200-down,0.99,1.0,200,2.0000,WIN,236.16,41.61,5.6756,0x8bcbd49dbbb16ac9b7002d6434adfc7e6d9726d4a16392ffecd7c5cb1f678fa9,105606605750241416706044652806009076426219978820953841380079947479203067422018,1775086200,2026-04-02 01:51:11,1.0
4488a9b4,2026-04-02 01:54:58,BTC 5m DOWN,DOWN,5m,btc-5m-1775087400-down,0.99,1.0,200,2.0000,WIN,1094.67,724.02,1.5119,0x7957ba84c365c24264321105458545335d61c1cbb9994988dcbb60afb80ef81e,107039217335198414759385109072607308173050180717562474118542400777826994460284,1775087400,2026-04-02 01:59:11,1.0
2560ca9a,2026-04-02 01:59:26,ETH 5m DOWN,DOWN,5m,eth-5m-1775087700-down,0.99,1.0,200,2.0000,WIN,766.46,480.82,1.5941,0x7304b45375517c830b4c148383250afc3872f502fa5138404f966c4025e1da48,68734761235086586610267225619367328517295507840877850174943122392465386646624,1775087700,2026-04-02 02:04:11,1.0
7adf1cda,2026-04-02 01:59:57,BTC 15m UP,UP,15m,btc-15m-1775087100-up,0.99,1.0,200,2.0000,WIN,131.71,82.26,1.6011,0xfd2264f5d57332b36ee7e79abe403f3d47fcc8b2793c3837abff251e9ac4e3b5,68029254272010564873448305419242401104981870337563155069370353721010154636442,1775087100,2026-04-02 02:06:11,1.0
2a57ddca,2026-04-02 02:05:00,BTC 5m UP,UP,5m,btc-5m-1775088000-up,0.99,1.0,200,2.0000,WIN,340.56,145.66,2.3380,0xc22c60a8e62fbffc85fde105db00b4a21070f3105675081d40a045161bcd56a8,56804818783902824003733741761209977577299154650073111444708731909343197163485,1775088000,2026-04-02 02:11:11,1.0
899e0080,2026-04-02 02:13:32,BTC 15m UP,UP,15m,btc-15m-1775088000-up,0.99,1.0,200,2.0000,WIN,2722.86,1780.96,1.5289,0x0d7464312f75f7dc9ce943693d0bf82a8ea23207593df0622844bdc521e1ee72,97157393620546067921107477749024780393693953836060716340958637202932417991675,1775088000,2026-04-02 02:19:11,1.0
426d8a1a,2026-04-02 02:14:57,ETH 5m UP,UP,5m,eth-5m-1775088600-up,0.99,1.0,200,2.0000,WIN,215.53,94.94,2.2702,0x4e16ab2bd43aaa7282fc7524ba4c27f80a4e33560597f119b9a7f2d3f57b35b0,68420425749600522518030887935515545886845386033769575503108316185095068497180,1775088600,2026-04-02 02:21:11,1.0
db9c7ab1,2026-04-02 02:19:59,BTC 5m DOWN,DOWN,5m,btc-5m-1775088900-down,0.99,1.0,200,2.0000,WIN,106.71,70.83,1.5066,0xffa798956e2211c12f76b5bee1797187ffbcdb05c18b573e8bd38bc29d8896ba,114475818606452585088911204357849563965101665902337260060571660177663687646752,1775088900,2026-04-02 02:24:11,1.0
f2491b44,2026-04-02 02:24:53,BTC 5m UP,UP,5m,btc-5m-1775089200-up,0.99,1.0,200,2.0000,WIN,1797.11,476.55,3.7711,0xa720b02d4344596c172f310370e6d696fa38adfa0e8223599a8d45d7514a9fbd,104444905400381996527041126334201685622752147147283658335972439646242498327513,1775089200,2026-04-02 02:27:11,1.0
00d6e501,2026-04-02 02:24:56,ETH 5m DOWN,DOWN,5m,eth-5m-1775089200-down,0.99,1.0,200,2.0000,WIN,202.52,23.84,8.4950,0x8ae7ef92de1d43abc511db0e929242ace2a6462a2c0f4c790ae35d20d161c314,2453223633300982647326406341544801559051269919731135917069969531454704917333,1775089200,2026-04-02 02:29:11,1.0
5d12138b,2026-04-02 02:29:56,BTC 5m DOWN,DOWN,5m,btc-5m-1775089500-down,0.99,1.0,200,2.0000,WIN,815.95,111.63,7.3094,0x67f5056e1eed9aede951ee8e8a1c8add47aa65632870101bf085abd02759e5fa,55965639560196700441700348218936201017090548067057275714103177639149991192086,1775089500,2026-04-02 02:36:12,1.0
e1334672,2026-04-02 02:29:59,BTC 15m UP,UP,15m,btc-15m-1775088900-up,0.99,1.0,200,2.0000,WIN,79.33,20.0,3.9665,0x9f8096a8848db64734b87c80e589e37c1cb14990502e48c3efc403fd66a563c6,92608018768373373875607359127231957269346964405213347301873112726316629064355,1775088900,2026-04-02 02:34:11,1.0
83a3e985,2026-04-02 02:34:20,BTC 5m UP,UP,5m,btc-5m-1775089800-up,0.99,1.0,200,2.0000,WIN,2395.08,1270.58,1.8850,0xbbd6b5d1583e956a51d0a4e1d89aeee48e97edd852ed4ed4e82c2c925eb0b940,80261053446967209638827685720757771095096326787520457656945151750194046052862,1775089800,2026-04-02 02:39:11,1.0
6f5f0182,2026-04-02 02:40:10,ETH 15m UP,UP,15m,eth-15m-1775089800-up,0.99,1.0,200,2.0000,WIN,211.16,22.1,9.5548,0x28d08baf774a2a851bfd388e6123f6e57fd35ab546059d8e11f1e3be48a1c4f9,45495915568602080741989590443331928431404606099265189938121910516222729209346,1775089800,2026-04-02 02:49:11,1.0
35729e6f,2026-04-02 02:40:46,BTC 15m UP,UP,15m,btc-15m-1775089800-up,0.99,1.0,200,2.0000,WIN,2241.03,1009.1,2.2208,0xdd1cfb86fcdd2f863723f3873e19c830ef757377eebf7d5a572b82ec42246358,2164762601385223706265977398981706148307487952615694518439081437121326152140,1775089800,2026-04-02 02:49:11,1.0
7c6abfd2,2026-04-02 02:44:07,ETH 5m UP,UP,5m,eth-5m-1775090400-up,0.99,1.0,200,2.0000,WIN,776.03,502.6,1.5440,0xa3f8c49a474a08b09393634719f8f1788682c60eef60576a09eb940c3d9e5320,46356718014583357798434125069136520453542552188833257088659556506469207766401,1775090400,2026-04-02 02:49:11,1.0
2391bd52,2026-04-02 02:44:16,BTC 5m UP,UP,5m,btc-5m-1775090400-up,0.99,1.0,200,2.0000,WIN,2484.14,403.99,6.1490,0x29ba3563676a45d878cc0a94ccfbfcc099181c7617dc276f2e485625aa0e335a,94717966626156465491968501366533978479208237934841567328091782619764283308099,1775090400,2026-04-02 02:49:11,1.0
44456964,2026-04-02 02:49:54,BTC 5m DOWN,DOWN,5m,btc-5m-1775090700-down,0.99,1.0,200,2.0000,WIN,1170.96,714.73,1.6383,0x554c76dff9629da4fd89313d63b2bd85b1909d2e927681ce9f9a91e691bcfd56,35077293508268824893872852311871714352609200489334544132516678675748251875084,1775090700,2026-04-02 02:56:11,1.0
7c6dc977,2026-04-02 02:53:59,BTC 5m UP,UP,5m,btc-5m-1775091000-up,0.99,1.0,200,2.0000,WIN,2457.31,1437.49,1.7094,0x8db00f6db3f0356e28abb2add34fdc55c57ef12a65121a9682ae8594f0ae7ac8,89252435971282142313242683107629196144101340136496930500864617715296937820516,1775091000,2026-04-02 03:01:11,1.0
8bba28e3,2026-04-02 02:58:57,BTC 15m UP,UP,15m,btc-15m-1775090700-up,0.99,1.0,200,2.0000,WIN,1791.49,1123.84,1.5941,0xb775b1afb553c6650b16ddbf6c632ca3fb0c82916b734e3efc666ad8c417ac02,72061475874222420159890516473736860209868687239449654739186189927541936138758,1775090700,2026-04-02 03:06:12,1.0
1e421aa9,2026-04-02 03:02:16,BTC 5m DOWN,DOWN,5m,btc-5m-1775091600-down,0.99,1.0,200,2.0000,WIN,3140.61,1490.88,2.1065,0xae2aca84e2b8fc48679547712177cc60779c509c8dfd5ec5a255ee27c86db965,21083492119488208273579042542436994699479895064668984245041320506976050066970,1775091600,2026-04-02 03:11:11,1.0
fd584385,2026-04-02 03:05:05,ETH 15m DOWN,DOWN,15m,eth-15m-1775091600-down,0.99,1.0,200,2.0000,WIN,204.42,87.78,2.3288,0x4bbd912f8ec6a1bad0ed42e257aca509ed0fa087779de044efbbb7f354363ef1,36842072556173125856775035524640686736431373845513000220205728669186742538756,1775091600,2026-04-02 03:19:11,1.0
bf7dbea1,2026-04-02 03:08:40,ETH 5m UP,UP,5m,eth-5m-1775091900-up,0.99,1.0,200,2.0000,WIN,253.13,93.68,2.7021,0x4a6f49482792f5c1a86b316239f73a47cafe822bd9cabdcb9023184511c49f92,38966029540028006727080634800668379866203046261791383221175634939188201735764,1775091900,2026-04-02 03:16:11,1.0
797ebbc7,2026-04-02 03:11:18,BTC 15m DOWN,DOWN,15m,btc-15m-1775091600-down,0.99,1.0,200,2.0000,WIN,188.45,96.0,1.9630,0xd9a16d7ba62a6a8aa643ffe58596a9f89780455046be4c80394cc0b5e02f14ad,58486753433804573063251101799887594343307832938964053702938793901104747995043,1775091600,2026-04-02 03:19:11,1.0
6667954b,2026-04-02 03:18:03,BTC 5m DOWN,DOWN,5m,btc-5m-1775092500-down,0.99,1.0,200,2.0000,WIN,812.88,124.99,6.5036,0x9a4780aac3e15f506123b5f1c2ed459a3d9d34bb47f89f2cc01fafe415fc6741,9763032586350525041051327690169412052398294062612783200646453273743250325127,1775092500,2026-04-02 03:26:11,1.0
7ab2ceda,2026-04-02 03:23:01,BTC 15m DOWN,DOWN,15m,btc-15m-1775092500-down,0.99,1.0,200,2.0000,WIN,2343.28,1428.09,1.6408,0x29e08d16403553b829be2890d945f8fa853eacb46fe0a34854e83c0ccd4b84b0,25662721156566102218159853305983987752939353774515638928917681949538576971460,1775092500,2026-04-02 03:34:12,1.0
76c63c1d,2026-04-02 03:23:30,ETH 5m DOWN,DOWN,5m,eth-5m-1775092800-down,0.99,1.0,200,2.0000,WIN,225.96,149.92,1.5072,0x95e3e36f60df3c5cb9f81058dbed10fbb37bf460593ef287d9360900eedbe7a5,80451465625995671361663512518285684937711992872163873887136851245018508855386,1775092800,2026-04-02 03:29:11,1.0
fe47be0e,2026-04-02 03:24:31,BTC 5m DOWN,DOWN,5m,btc-5m-1775092800-down,0.99,1.0,200,2.0000,WIN,35.81,10.05,3.5632,0x6e8a8a05a22f8a65592ddd8a3f4b06e38bc89d159d6be51a4bda84af207adbde,29286179441713366890814187384859913698167133858341151975570020779233888199960,1775092800,2026-04-02 03:29:11,1.0
199c7c3f,2026-04-02 03:33:01,ETH 5m DOWN,DOWN,5m,eth-5m-1775093400-down,0.99,1.0,200,2.0000,WIN,495.83,278.36,1.7813,0xe585554cf41ca2de42b3de52792ac7faa8202b095e9dc1de22d96bd42e040c2e,114003890684040280110897103072808431996100042879890655197582851378624136605897,1775093400,2026-04-02 03:39:11,1.0
c323e63c,2026-04-02 03:33:35,BTC 5m DOWN,DOWN,5m,btc-5m-1775093400-down,0.99,1.0,200,2.0000,WIN,952.65,571.22,1.6677,0x94a7c03b3e9a5c35e4a9a9cd024c85a962483fc1a59d12093b064f1d928b460f,91551778485196801065311044691231590814818353106168207899424046619196924374595,1775093400,2026-04-02 03:39:11,1.0
53445870,2026-04-02 03:39:58,ETH 5m DOWN,DOWN,5m,eth-5m-1775093700-down,0.99,1.0,200,2.0000,WIN,37.62,18.25,2.0614,0xdf39e55dccad6fd5c76540337bd4aefb0932501bc98eadbe50c3ee8ad521be41,113262297103522670080478241942319345131699190966644069551274875176894047727739,1775093700,2026-04-02 03:44:11,1.0
c17018fd,2026-04-02 03:40:34,BTC 15m DOWN,DOWN,15m,btc-15m-1775093400-down,0.99,1.0,200,2.0000,WIN,2231.31,1463.61,1.5245,0x4d35871b5efafbe08ce6c0703eea301672cc5745d9b764f5394b70ccb35ee806,59656982495514661632907508777235055933149669688751562846257435940276489686963,1775093400,2026-04-02 03:49:11,1.0
789c6d76,2026-04-02 03:44:40,BTC 5m DOWN,DOWN,5m,btc-5m-1775094000-down,0.99,1.0,200,2.0000,WIN,1126.93,125.01,9.0147,0xbcce5ecb685648c2701596d264682953f4199b7cbafa4e3c75e2469ba2820287,36993716138577962995128172587887715105758526137420430893940118277998512596188,1775094000,2026-04-02 03:49:11,1.0
2e5745b7,2026-04-02 03:49:50,ETH 5m UP,UP,5m,eth-5m-1775094300-up,0.99,1.0,200,2.0000,WIN,320.45,155.41,2.0620,0x87d62617fa1e4cbfb6358e2254da5970b27dcbfa48ec0926937165ce19903ec8,51804935605655023650081658698869878150144197987473048770961212774528733687974,1775094300,2026-04-02 03:54:11,1.0
0b104058,2026-04-02 03:57:14,ETH 15m UP,UP,15m,eth-15m-1775094300-up,0.99,1.0,200,2.0000,WIN,104.8,68.89,1.5213,0x381c474e700dbcc0784015ceb2c3d9cbd153b4ccb194c46036a20963e9ac354b,56729167584899274938497523949882642230554726169901891691090467899750067368523,1775094300,2026-04-02 04:06:12,1.0
4ea76564,2026-04-02 03:59:33,ETH 5m UP,UP,5m,eth-5m-1775094900-up,0.99,1.0,200,2.0000,WIN,416.39,95.0,4.3831,0x027ccf9f8b7f3e1e689d5f933e8b2aea2bf556918d9be22886e6d369894876b5,14634167440398326687060559252125586806218055812065087416789225901472415108366,1775094900,2026-04-02 04:06:11,1.0
f05de68d,2026-04-02 04:04:10,BTC 5m DOWN,DOWN,5m,btc-5m-1775095200-down,0.99,1.0,200,2.0000,WIN,2372.96,1547.36,1.5336,0x45910728466ec3001ece3514373c8f82ac3d265b849f345dfa1ea697e82559ce,34356822002293573283586019544420474224302324906735285780436716987658891605374,1775095200,2026-04-02 04:09:11,1.0
d1caee66,2026-04-02 04:09:33,ETH 5m DOWN,DOWN,5m,eth-5m-1775095500-down,0.99,1.0,200,2.0000,WIN,16.51,3.26,5.0644,0x806592dbf59c16144fed18c155b196af0b3cd73c6c38a8e55dd6df8ded5ef160,50628891980763589386681556853560608797571562243599285135128630750366253397249,1775095500,2026-04-02 04:16:12,1.0
bf11729b,2026-04-02 04:12:03,ETH 15m DOWN,DOWN,15m,eth-15m-1775095200-down,0.99,1.0,200,2.0000,WIN,606.89,314.98,1.9268,0x7d23c2b80169f7c4455b8198480d50c7cca86a388f077c59b692d942a4814474,76818242492204428290582012322189109654574841599969483032246124607936397342625,1775095200,2026-04-02 04:19:11,1.0
17e840a7,2026-04-02 04:12:43,BTC 15m DOWN,DOWN,15m,btc-15m-1775095200-down,0.99,1.0,200,2.0000,WIN,2185.14,1224.83,1.7840,0x405b721ac5144a256c8b0b52a0c212b56d9cd56bf5ac8e29fff32551177065f5,85113717705620481500838078325969469651219825100261308546026402882676522857472,1775095200,2026-04-02 04:19:11,1.0
6f3748ee,2026-04-02 04:14:04,ETH 5m DOWN,DOWN,5m,eth-5m-1775095800-down,0.99,1.0,200,2.0000,WIN,159.16,33.92,4.6922,0x5b0b2dad8540b070189f21ddcee2a39ef8115a83ac0af233892d43a07976f1b1,41949377316215092976365615425419226631475943776611313206985642399141169918690,1775095800,2026-04-02 04:19:11,1.0
d6529dd7,2026-04-02 04:18:53,ETH 5m UP,UP,5m,eth-5m-1775096100-up,0.99,1.0,200,2.0000,WIN,619.3,403.47,1.5349,0x8f6cd3fb30362957163a13aff079ce49ab2161c92b3be1c4edb4d9dd5a746bb8,30947852083299237188577309224817041334221433102060358250421159770123804687335,1775096100,2026-04-02 04:24:11,1.0
dd8e73e1,2026-04-02 04:19:05,BTC 5m UP,UP,5m,btc-5m-1775096100-up,0.99,1.0,200,2.0000,WIN,1735.4,1003.84,1.7288,0xf9eed13d38b00e09345ad38ae6adb652ed595c16b072033cd3dd3152ac8b0f25,54222628100339773321210324230810839755628882301542654854996336834214509818261,1775096100,2026-04-02 04:24:11,1.0
ceab39df,2026-04-02 04:29:09,ETH 15m UP,UP,15m,eth-15m-1775096100-up,0.99,1.0,200,2.0000,WIN,592.3,346.9,1.7074,0x29244a30c71de252bbbde7189856062cef72fd8d35d7492d42e91d1366eeaf16,8049008654386163101358889603375169419679946178737762623446083457801363638978,1775096100,2026-04-02 04:34:10,1.0
bc7cc5b7,2026-04-02 04:29:23,BTC 15m UP,UP,15m,btc-15m-1775096100-up,0.99,1.0,200,2.0000,WIN,1787.7,838.56,2.1319,0x87ffc8dfddbd311e9c5082865636db30cb97026136acd67f00cd765398ddfefa,26859565675296710591416174489507786747935657637693845790015956395846893188970,1775096100,2026-04-02 04:34:11,1.0
17fae7f2,2026-04-02 04:29:55,ETH 5m DOWN,DOWN,5m,eth-5m-1775096700-down,0.99,1.0,200,2.0000,WIN,413.28,264.5,1.5625,0x7ed39b1b1470c26d5bc72e258ca4d7a26704b6e4130ddc3b927458285bde5567,77008381400692758242151441565610394330563242779410836868356135918243179764094,1775096700,2026-04-02 04:34:11,1.0
f8dfcde1,2026-04-02 04:43:25,ETH 15m DOWN,DOWN,15m,eth-15m-1775097000-down,0.99,1.0,200,2.0000,WIN,128.99,10.43,12.3672,0x187636661fca734b7415b2459b23ad421650317d88bf8689c7a83064f2005923,4422562197414253065395796244264031703388088932633942231808485594020772189303,1775097000,2026-04-02 04:49:11,1.0
b9b1112e,2026-04-02 04:43:52,BTC 15m DOWN,DOWN,15m,btc-15m-1775097000-down,0.99,1.0,200,2.0000,WIN,1199.44,764.16,1.5696,0xfda52fe77d523cda5a3af74fb8aef46c09fbeb30beaddc2908212eee212d5b0f,54267597775950533268222122620033223054331278052860264179041747424420480001836,1775097000,2026-04-02 04:49:11,1.0
6eebbde8,2026-04-02 04:44:01,BTC 5m DOWN,DOWN,5m,btc-5m-1775097600-down,0.99,1.0,200,2.0000,WIN,40.0,5.0,8.0000,0xb1802b2aef764b96344632817b5b84de4dc03fc80681a755f152269cabb45b12,8804028604347937670162666430536200250668251415355292783759582165299445563809,1775097600,2026-04-02 04:49:11,1.0
fa7fef7d,2026-04-02 04:49:14,ETH 5m UP,UP,5m,eth-5m-1775097900-up,0.99,1.0,200,2.0000,WIN,1138.03,707.47,1.6086,0x176ce92333ec20209bda3aad0325783537c2e78848d42c0b0d04fbef46d4144b,79180629299441729365926399506852448260421085672370972909686635225285630276331,1775097900,2026-04-02 04:56:12,1.0
f75ea629,2026-04-02 04:49:26,BTC 5m UP,UP,5m,btc-5m-1775097900-up,0.99,1.0,200,2.0000,WIN,2063.72,1364.29,1.5127,0xb74d8d2da7829edba4b4a40ee893d10e610f906c24ef802fcc21443ac0ad784d,45994075495693998589785192628192114562986635658787071570937576834386962549786,1775097900,2026-04-02 04:56:11,1.0
8f9f2001,2026-04-02 04:56:49,ETH 15m UP,UP,15m,eth-15m-1775097900-up,0.99,1.0,200,2.0000,WIN,990.89,536.02,1.8486,0x0c94a7070d2cda66ad8cbaf55860478c8956987af62464116ddc0f1df5a5689c,111783477962221942703698936843240468627664435905873598383825925123952923898828,1775097900,2026-04-02 05:06:11,1.0
597082a6,2026-04-02 05:14:01,ETH 5m DOWN,DOWN,5m,eth-5m-1775099400-down,0.99,1.0,200,2.0000,WIN,758.64,467.34,1.6233,0x7cb972409b86e94812abe37565324a10795430b67341b38343312da9c80a5408,114274153095379555235623762966076900621795530163298759690102585914818961011497,1775099400,2026-04-02 05:19:11,1.0
540adb9a,2026-04-02 05:24:01,BTC 5m UP,UP,5m,btc-5m-1775100000-up,0.99,1.0,200,2.0000,WIN,1948.91,497.61,3.9165,0x1156c786cd090efe0802f50fcdd118644c061e03eeebdf1ee7e2b8ea6c9d16b5,32292827999117500502132427477788571209299698253198758473875675270226951337943,1775100000,2026-04-02 05:29:11,1.0
33b28754,2026-04-02 05:24:20,ETH 5m UP,UP,5m,eth-5m-1775100000-up,0.99,1.0,200,2.0000,WIN,412.0,257.22,1.6017,0x1f03e36992a9e8d063a90abcd13b3837b50a1c2b9fbc4b091152ac11a2122b84,94971285889642523427652564458281056959434672138850466618511231963198618665522,1775100000,2026-04-02 05:29:11,1.0
df5ceb61,2026-04-02 05:29:08,BTC 15m UP,UP,15m,btc-15m-1775099700-up,0.99,1.0,200,2.0000,WIN,1608.18,161.73,9.9436,0x499ff882a203f93f0165be89763e0c6561712501c763f6d59e9dc4b5efa6bbff,102302159165138120196742586484521075350297666710081271577260771117445136103103,1775099700,2026-04-02 05:36:11,1.0
377f8b7c,2026-04-02 05:29:58,BTC 5m DOWN,DOWN,5m,btc-5m-1775100300-down,0.99,1.0,200,2.0000,WIN,100.0,16.73,5.9773,0xa817aa79910b42690ac92e167f36bdeb3f1a8a3f4d56e09177028ff5d0ecd075,60394763046660980716826418100094795813701382058939134244700437457061659205336,1775100300,2026-04-02 05:32:10,1.0
da9164bf,2026-04-02 05:34:54,BTC 5m DOWN,DOWN,5m,btc-5m-1775100600-down,0.99,1.0,200,2.0000,WIN,2489.06,805.32,3.0908,0x8a8615c36cff6a7bd8d5ab9990e5c8c97363f260b73518d9640e262a55f3b9c3,25102437466478437288092706365750465486498224535018088350862521480130364233049,1775100600,2026-04-02 05:39:11,1.0
5c9386b5,2026-04-02 05:34:56,ETH 5m DOWN,DOWN,5m,eth-5m-1775100600-down,0.99,1.0,200,2.0000,WIN,267.2,169.76,1.5740,0x2fb8b366a299472e740199dda98e6ef37538730b58ef2f78221c991b78c7294e,8709136507069897341228996396303990647500011436106731002982575083753936808141,1775100600,2026-04-02 05:39:11,1.0
5dfa614b,2026-04-02 05:42:03,BTC 15m DOWN,DOWN,15m,btc-15m-1775100600-down,0.99,1.0,200,2.0000,WIN,1479.9,898.43,1.6472,0x8070112058ec5934dc908f03933e5a4b8be56fdf3396a1d2df7739b52fcac866,23353333640003805082758085000638822588150672683018743591187217425327493498227,1775100600,2026-04-02 05:49:12,1.0
45cdcbf9,2026-04-02 05:42:16,ETH 15m DOWN,DOWN,15m,eth-15m-1775100600-down,0.99,1.0,200,2.0000,WIN,1263.62,101.0,12.5111,0xe9ab2877ed7d4bacdd1db1eef475e98c42320ab8bd397d5977808c06d986f596,51420545212313748510557482227055841376272236262268251797894944912837930412446,1775100600,2026-04-02 05:49:11,1.0
2826a7a3,2026-04-02 05:42:25,ETH 5m DOWN,DOWN,5m,eth-5m-1775101200-down,0.99,1.0,200,2.0000,WIN,336.65,160.52,2.0972,0x88c16bacc000af1f5f3b99b6bddea09b53b173def7ead8ca87f4485049b1a21a,106806487223014114548231603076363751791454705221952661835070220885819969370284,1775101200,2026-04-02 05:49:11,1.0
b1defed4,2026-04-02 05:42:35,BTC 5m DOWN,DOWN,5m,btc-5m-1775101200-down,0.99,1.0,200,2.0000,WIN,2161.94,1250.49,1.7289,0x8ebd5e10652d895a769dbfce5ac6fc6e6d6f1b4ddffbc8b7e7eb0d1921fc6171,75778195635699307087353480143998825145859917615799962689329958458855449711741,1775101200,2026-04-02 05:49:10,1.0
8743843b,2026-04-02 05:59:58,BTC 5m DOWN,DOWN,5m,btc-5m-1775102100-down,0.99,1.0,200,2.0000,WIN,233.96,146.08,1.6016,0xfb4308af7289ad22b03862ac27f75985cfc2bd4707ab1e0b21d526d5dd133359,38325114890522124438587870293515925874198853353600142417822357935946585235052,1775102100,2026-04-02 06:04:11,1.0
d62024a1,2026-04-02 06:14:07,BTC 5m DOWN,DOWN,5m,btc-5m-1775103000-down,0.99,1.0,200,2.0000,WIN,1902.38,849.55,2.2393,0xf135192894d59f69f98f3d65792df2ea0bea31dc3cba68cee5684bec1437e900,96201645010302207813029235551398855452332012721132123279807962224367007240622,1775103000,2026-04-02 06:19:11,1.0
c16e8061,2026-04-02 06:14:12,ETH 5m DOWN,DOWN,5m,eth-5m-1775103000-down,0.99,1.0,200,2.0000,WIN,410.53,164.16,2.5008,0x872811bc5a3b5bcf091bcac5a4b80fa4c0e7a718ff84164a054abf5ddc55d242,101537401284134540578879087365516717339798864313069138048558294036583510713019,1775103000,2026-04-02 06:21:12,1.0
5344cee9,2026-04-02 06:14:41,BTC 15m DOWN,DOWN,15m,btc-15m-1775102400-down,0.99,1.0,200,2.0000,WIN,1186.28,662.7,1.7901,0xbe88c50d3007ae0517bfb14f4e8c812d2c02bed4d21eafe01888338a317d8bd2,79375256995734038211884321986191198259543590412156006548461836002587478760038,1775102400,2026-04-02 06:19:11,1.0
5ecb5c9e,2026-04-02 06:23:02,ETH 5m DOWN,DOWN,5m,eth-5m-1775103600-down,0.99,1.0,200,2.0000,WIN,99.9,41.0,2.4366,0xeb7e1405646b58a17221e89e5362d554ec13ea5e447ff617880c1f35e491064c,103532435478256236740445543308143131866132370114977973504938422585499726341609,1775103600,2026-04-02 06:29:11,1.0
c3c5db27,2026-04-02 06:27:33,BTC 15m DOWN,DOWN,15m,btc-15m-1775103300-down,0.99,1.0,200,2.0000,WIN,1464.5,864.16,1.6947,0xe9b775f10474728956c1e3c2c5b041ce710abbcf903a8f0358e6f906dbcebfea,99442049591056607088029223493028181962169597537586223006309492175565689343335,1775103300,2026-04-02 06:36:11,1.0
bc5b4897,2026-04-02 06:28:33,ETH 15m DOWN,DOWN,15m,eth-15m-1775103300-down,0.99,1.0,200,2.0000,WIN,682.8,343.65,1.9869,0x36f276486fde4fedabb73dcb6eea9f43f7217e800edccac2c8ec98ae637180b8,95835786361005193531578679403689744672460072744758316521111561493361836999953,1775103300,2026-04-02 06:34:11,1.0
222f90ee,2026-04-02 06:38:04,ETH 5m DOWN,DOWN,5m,eth-5m-1775104500-down,0.99,1.0,200,2.0000,WIN,88.05,31.1,2.8312,0xfc72b689e875e4e58cd8aec5f4afeaf254a51bf71e30525c8b7b28a386788048,80534863785131142980514356160150341889125115701914615469245677055339888549406,1775104500,2026-04-02 06:46:12,1.0
70679ab0,2026-04-02 06:39:09,BTC 5m DOWN,DOWN,5m,btc-5m-1775104500-down,0.99,1.0,200,2.0000,WIN,922.11,532.84,1.7306,0xb33fd7776662e0599d7811776f3decec95855d3c4b598b1077609eebc3fc8ebf,10567240897402953590555727072833747704051376375306226041451057318138055717150,1775104500,2026-04-02 06:46:11,1.0
0f19f956,2026-04-02 06:41:16,ETH 15m DOWN,DOWN,15m,eth-15m-1775104200-down,0.99,1.0,200,2.0000,WIN,450.18,106.14,4.2414,0xd6e673dd60ec08b1173da1770f249b7f4d658faba940bd5f1c6657ce512b1ada,103579285181264002891761990546260938005516482272572914058354025105222036788090,1775104200,2026-04-02 06:49:11,1.0
48050f07,2026-04-02 06:41:17,BTC 15m DOWN,DOWN,15m,btc-15m-1775104200-down,0.99,1.0,200,2.0000,WIN,2256.24,1164.76,1.9371,0x00baf91ed41ee696c7dad214bda81fccf07f70371878c0fc3e33ddf57a4bffe8,111608361610931435461968601972510117929958861990095263780053462748413346288966,1775104200,2026-04-02 06:51:12,1.0
4b50ea6a,2026-04-02 06:54:30,ETH 5m DOWN,DOWN,5m,eth-5m-1775105400-down,0.99,1.0,200,2.0000,WIN,517.45,232.94,2.2214,0x2e6fe7ea5475dc6eae72c723541cfed432e635a564399d891d9eff9f5d1c6173,13944249968535794138790767569228037722201344215720205476871267505671999652593,1775105400,2026-04-02 06:59:11,1.0
15ac5dff,2026-04-02 06:59:45,BTC 15m UP,UP,15m,btc-15m-1775105100-up,0.99,1.0,200,2.0000,WIN,1273.76,592.84,2.1486,0x21fe832399b36cbfaeb57fb2801915e27d8e3ad1a03d78d6e6f934059ccaf1f3,29597654907706888289298980993769371075829408296874050573477938677575706415307,1775105100,2026-04-02 07:06:11,1.0
fec29b06,2026-04-02 06:59:51,ETH 15m DOWN,DOWN,15m,eth-15m-1775105100-down,0.99,1.0,200,2.0000,WIN,319.36,193.05,1.6543,0x476dc767c9f09882e96b7a9fa8172121e9b87a0de03f3da84baf0b8f7fbcc752,80741203675141162480989202027588685929732067500811838221883993664486754127534,1775105100,2026-04-02 07:04:11,1.0
bfe35c33,2026-04-02 06:59:58,BTC 5m UP,UP,5m,btc-5m-1775105700-up,0.99,1.0,200,2.0000,WIN,1147.78,664.26,1.7279,0xb43dd7494e25b6a94ce694b3876f81b13ae96d7e377145766752d3151e61df18,85576591256963740383260772311239898293482081121723163418138823161684246019029,1775105700,2026-04-02 07:06:12,1.0
079212ad,2026-04-02 07:03:17,BTC 5m UP,UP,5m,btc-5m-1775106000-up,0.99,1.0,200,2.0000,WIN,2822.79,1879.27,1.5021,0xdea4c8ab21fd0afe6aafaa3729ceaacb232f669605fb4330fded022dee2dcbf9,28123839399689648727463484004689131217959093673814407590046341146363192965838,1775106000,2026-04-02 07:09:11,1.0
f8606ae8,2026-04-02 07:08:59,BTC 5m DOWN,DOWN,5m,btc-5m-1775106300-down,0.99,1.0,200,2.0000,WIN,1191.83,750.57,1.5879,0x2b8131da3292af2250bc905cca6705f2934eaea9c35a2dd797e935b29e6bbacb,47789787893764989190342812623897093806846324544564090550104341069881240351058,1775106300,2026-04-02 07:14:11,1.0
5689bfaf,2026-04-02 07:14:53,ETH 5m UP,UP,5m,eth-5m-1775106600-up,0.99,1.0,200,2.0000,WIN,178.84,101.39,1.7639,0xc5aff36adc0b2165ad8e938374f25c97a979eb9c7dfde48f1ee52ac16ec63b09,91597776512413537946858789037304129723870678224581147826773442835591459443017,1775106600,2026-04-02 07:19:11,1.0
a4f046a1,2026-04-02 07:19:55,ETH 5m UP,UP,5m,eth-5m-1775106900-up,0.99,1.0,200,2.0000,WIN,16.25,1.9,8.5526,0x900694c53572e99784b68346679920cddbb949a3e1acd21ce2cb3f0339b98b25,23144588146581482742343957500030979573265733315248450917159588897794019495962,1775106900,2026-04-02 07:26:11,1.0
827d0eaf,2026-04-02 07:24:31,BTC 5m UP,UP,5m,btc-5m-1775107200-up,0.99,1.0,200,2.0000,WIN,1937.45,1053.24,1.8395,0xbec7ba84610a53d634a93164c77a85803198242396a1ffdbe6863ab67c85c741,30663830321837327739006016013099267843974382112931001601044975791136100767845,1775107200,2026-04-02 07:29:11,1.0
b9e3ba54,2026-04-02 07:34:46,ETH 5m DOWN,DOWN,5m,eth-5m-1775107800-down,0.99,1.0,200,2.0000,WIN,399.84,222.42,1.7977,0xc43ed0b92046ee1495e9bc3d0bc78f54716d23762e3a304fa9912fdc6d5cb8c7,81442414019821543943090504937584278599499906236243359043836598876390395798575,1775107800,2026-04-02 07:41:11,1.0
86c590a1,2026-04-02 07:39:35,ETH 5m UP,UP,5m,eth-5m-1775108100-up,0.99,1.0,200,2.0000,WIN,488.78,135.87,3.5974,0x90621e50a8ba6f7f45b4ff4ac541de91ef3406cfb6c244930ddd3c406beb9dad,88895432036262541627981714970938637544321559841501749260875142225463914140739,1775108100,2026-04-02 07:44:11,1.0
fcb76824,2026-04-02 07:39:59,BTC 5m UP,UP,5m,btc-5m-1775108100-up,0.99,1.0,200,2.0000,WIN,428.54,202.61,2.1151,0xde4311418d2424ea2685d2dcf70d03fa237d6f285963f2af4774cd304eb43e70,25123599824961048666543614749884422487379825007557028989618580539132459068142,1775108100,2026-04-02 07:44:11,1.0
5ef36ea7,2026-04-02 07:43:21,BTC 5m UP,UP,5m,btc-5m-1775108400-up,0.99,1.0,200,2.0000,WIN,1030.23,499.8,2.0613,0xa8492d874c1c4e2e74f5de8c922232bb22e36dcfe2cdc43f9eff4dbe8864183b,18325807543412194967886600056377099103349797803018091238355223420208988500876,1775108400,2026-04-02 07:49:11,1.0
e58ae467,2026-04-02 07:43:58,BTC 15m UP,UP,15m,btc-15m-1775107800-up,0.99,1.0,200,2.0000,WIN,816.95,500.16,1.6334,0xf3f811d4f7dd15a151c73f49a562405ad763de33624a60581e7c13a0c34616d5,45688762523885330019888768922477576589512915327843709783598478686095988367624,1775107800,2026-04-02 07:51:11,1.0
b26fac4c,2026-04-02 07:59:15,ETH 5m UP,UP,5m,eth-5m-1775109300-up,0.99,1.0,200,2.0000,WIN,381.68,188.52,2.0246,0xe850197dc86aaf819c156c7cd8f39982a71303466c75ac9c6e94786a47781efc,36983440433462313634583294516018491468723174059141593117772032661279956704687,1775109300,2026-04-02 08:04:11,1.0
ba4e7f9f,2026-04-02 07:59:50,ETH 15m UP,UP,15m,eth-15m-1775108700-up,0.99,1.0,200,2.0000,WIN,629.92,305.67,2.0608,0x62b5ce69f99f00f707c478e62e1c5dcaed7fd9a7851d8796fab8b530e46d49a5,68397237798780481964058668560716054578867136694102180852053477138594744220203,1775108700,2026-04-02 08:04:11,1.0
06da9b9e,2026-04-02 08:09:56,BTC 5m DOWN,DOWN,5m,btc-5m-1775109900-down,0.99,1.0,200,2.0000,WIN,488.96,266.9,1.8320,0xe124be069293c48e3918b66feab81acc149afc9e553c7c514978e4a7203893e0,102268518827511051311806061805389417992463779118786740183467595577706136858186,1775109900,2026-04-02 08:14:11,1.0
5ffc2281,2026-04-02 08:14:58,BTC 5m UP,UP,5m,btc-5m-1775110200-up,0.99,1.0,200,2.0000,WIN,1147.58,388.79,2.9517,0x98676da8b8d0acfd491650e21ea0a815db9532bdbd9eab7cd09fcd6e93ae8504,21615728528008087792306147004895227981636103442569976934457090457800176281046,1775110200,2026-04-02 08:19:11,1.0
e766b166,2026-04-02 08:18:27,ETH 5m UP,UP,5m,eth-5m-1775110500-up,0.99,1.0,200,2.0000,WIN,382.16,180.25,2.1202,0x4c0c27efe819032360b704efd8baf7388aecea174db4e27b6ff4b557591b6dcd,114085100627175317225847859120347371441522210452450453320093568439815479541241,1775110500,2026-04-02 08:26:12,1.0
ec446ee4,2026-04-02 08:26:44,BTC 15m UP,UP,15m,btc-15m-1775110500-up,0.99,1.0,200,2.0000,WIN,3081.4,1999.24,1.5413,0x84c77799877202fe3f1182c32cdb1d066d37f2f058b627608b7152c0283909e4,41824073785836423913347904333733841723202396407195014268737505374308278988375,1775110500,2026-04-02 08:34:11,1.0
25cf022f,2026-04-02 08:26:44,ETH 15m UP,UP,15m,eth-15m-1775110500-up,0.99,1.0,200,2.0000,WIN,977.0,320.0,3.0531,0x875850618214e98abddda16c47c1000855e2c1f19710ec9b5bdb2be63eee30bf,85732973605464048871496361360797746761460972961865971820478547342819159716126,1775110500,2026-04-02 08:32:11,1.0
2bede4de,2026-04-02 08:34:57,ETH 5m DOWN,DOWN,5m,eth-5m-1775111400-down,0.99,1.0,200,2.0000,WIN,1281.35,846.46,1.5138,0x674f0b940ebc9e32a66280572eac1c502bc11b40b1ec31356505ac81e99459c8,45022825948258700207119269962539320353195012670282253946004113778632351195720,1775111400,2026-04-02 08:41:11,1.0
3426b083,2026-04-02 08:39:27,ETH 5m DOWN,DOWN,5m,eth-5m-1775111700-down,0.99,1.0,200,2.0000,WIN,342.74,210.06,1.6316,0x2bf311ed4ffa96d0baed355ebbf96dc65f905b31ffbbf049a91c25b4134885f3,795063517967277180529616684260973220606860111169157516547786768231550883905,1775111700,2026-04-02 08:44:10,1.0
99d42f57,2026-04-02 08:42:06,ETH 15m DOWN,DOWN,15m,eth-15m-1775111400-down,0.99,1.0,200,2.0000,WIN,940.07,610.84,1.5390,0xea4e6a9f30b008c79d4a8c39b13d61acc44ec9ffaecd57ab9c8dc3f0a065c12d,72592675648297784079268844001557814356945366203725332039970066271070274482225,1775111400,2026-04-02 08:49:11,1.0
3985220b,2026-04-02 08:49:25,BTC 5m UP,UP,5m,btc-5m-1775112300-up,0.99,1.0,200,2.0000,WIN,3151.09,1857.63,1.6963,0xa0fe6a7e56f50ee6c0e1b5864488cd28f9e4811a2182999ff1cc95e419e9f116,11061582541487106639436108236867957528583880914986665816129949996352766125561,1775112300,2026-04-02 08:54:11,1.0
f5def169,2026-04-02 09:14:37,BTC 5m DOWN,DOWN,5m,btc-5m-1775113800-down,0.99,1.0,200,2.0000,WIN,248.61,17.97,13.8347,0x2be29ddd214340827dbf73e19a89285cc4d713725d46f217e4081d6e9b88fbbc,109130625568564459853511010914515220335282950643525049891408678456020411445149,1775113800,2026-04-02 09:19:11,1.0
1508de75,2026-04-02 09:14:43,ETH 5m DOWN,DOWN,5m,eth-5m-1775113800-down,0.99,1.0,200,2.0000,WIN,168.16,79.12,2.1254,0x302fd6b2b8b5f5d908b521f5b44951bff5cb5fbc3e09dc030aba3ae3c606835e,67368610257774658284349416664765846403795224325316063237491930674497365946005,1775113800,2026-04-02 09:21:12,1.0
e8df1362,2026-04-02 09:28:26,BTC 15m UP,UP,15m,btc-15m-1775114100-up,0.99,1.0,200,2.0000,WIN,3371.66,1706.29,1.9760,0xfcb8fff1832bdd75123421dd2e9a89eda186d80b03008bc7de11a3a7e9fa348f,86002732670133757160343284843252453613174621873385109052348629172321757532273,1775114100,2026-04-02 09:36:11,1.0
cd3dc482,2026-04-02 09:33:53,BTC 5m UP,UP,5m,btc-5m-1775115000-up,0.99,1.0,200,2.0000,WIN,1396.24,899.33,1.5525,0x54e774cb63ae63723bfa7c998e310eb0a90943e645d534c523ee2d9ee6b70414,5626431985132344099168820646093260511097039373490555905704285079698585381414,1775115000,2026-04-02 09:39:12,1.0
80280517,2026-04-02 09:39:20,BTC 5m UP,UP,5m,btc-5m-1775115300-up,0.99,1.0,200,2.0000,WIN,2377.84,1557.92,1.5263,0xb649fc4123bf5fa0e508a2da5ce014d5a69f36798210adc6ae8c42b8145e961f,88847726938648414952362821469994860000458192706177512786237594383925710330104,1775115300,2026-04-02 09:46:11,1.0
1b645eee,2026-04-02 09:39:45,ETH 5m UP,UP,5m,eth-5m-1775115300-up,0.99,1.0,200,2.0000,WIN,310.83,130.23,2.3868,0x2ce6465ab40d805e06100e39d4394bb5f7c87ba2e27c4e788bae1ede8ce7807a,52537879148842467078970997416453033774583812895779135245736271234268053307712,1775115300,2026-04-02 09:46:11,1.0
cce5ce06,2026-04-02 09:39:49,BTC 15m UP,UP,15m,btc-15m-1775115000-up,0.99,1.0,200,2.0000,WIN,1554.4,154.0,10.0935,0xb0a0064595185c8fb55970762688c99286bc7bdcef945c2c69c073ac05ab29e1,86203070641934325688805344246607044778803069164393241189103555995924495378012,1775115000,2026-04-02 09:49:11,1.0
51c76ee2,2026-04-02 09:40:45,ETH 15m UP,UP,15m,eth-15m-1775115000-up,0.99,1.0,200,2.0000,WIN,462.69,105.81,4.3728,0x7c0606e16b0e3c7e91dded2654cdd698d17882cac54b17d0be16b11427291c55,16193455995756939542571592400198443193880436180653190379079634723335778916441,1775115000,2026-04-02 09:49:11,1.0
8b3a1cd5,2026-04-02 09:49:37,BTC 5m UP,UP,5m,btc-5m-1775115900-up,0.99,1.0,200,2.0000,WIN,1724.79,1143.76,1.5080,0x5b2f9ab876e76e4f48e38d2c5fd7fdf6e0fd4f2314ece4168e09073d8a15485a,42823754951725906874091123147341196500965393657392429985913471595617364212207,1775115900,2026-04-02 09:54:11,1.0
1a8e2ffa,2026-04-02 09:49:40,ETH 5m UP,UP,5m,eth-5m-1775115900-up,0.99,1.0,200,2.0000,WIN,358.0,121.85,2.9380,0x0b72912a827294b8befb19859bf868710e2a64f9e84720e5b3f89fce9a2e5481,76228353232863426618724737955467270877995987652576000621531767483628888778882,1775115900,2026-04-02 09:54:11,1.0
79abb11a,2026-04-02 09:54:59,BTC 5m DOWN,DOWN,5m,btc-5m-1775116200-down,0.99,1.0,200,2.0000,WIN,1080.73,569.54,1.8975,0x2559ebfb8db8721ecae20621c3d6713a4c6e398d6859d8e44feb1f22cf836a81,20932008515101099479898104309606566634628387049653872093224872973853311268475,1775116200,2026-04-02 09:59:11,1.0
deebe75d,2026-04-02 09:58:44,BTC 15m UP,UP,15m,btc-15m-1775115900-up,0.99,1.0,200,2.0000,WIN,1479.14,899.92,1.6436,0xd5866f4ed8429c1b61c791ec3724538e3e2cb62fea94a831980e103e707dfbbc,68217125469027672069481271361466967900982888704744903847064086342728047959669,1775115900,2026-04-02 10:04:11,1.0
0832fce7,2026-04-02 09:59:56,BTC 5m UP,UP,5m,btc-5m-1775116500-up,0.99,1.0,200,2.0000,WIN,103.58,62.57,1.6554,0xd22ed99ecb346cb008a6a424dc3ddcf073de662995cacde2e873f594fa041e58,113171791224284790276314828303084794347981131063611527122713233776857629927055,1775116500,2026-04-02 10:04:11,1.0
0db69657,2026-04-02 10:00:00,ETH 5m UP,UP,5m,eth-5m-1775116500-up,0.99,1.0,200,2.0000,WIN,400.0,123.04,3.2510,0x62baf7a48da5b73fbdd6ee1020be3bbafb3422e97b6679da4335bbcb07c31ce2,4997108031047080515944616225335296522659233023788182925355786270130757541347,1775116500,2026-04-02 10:06:11,1.0
6a3febbb,2026-04-02 10:02:38,ETH 5m DOWN,DOWN,5m,eth-5m-1775116800-down,0.99,1.0,200,2.0000,WIN,440.4,290.86,1.5141,0x30f2a54cb7bdb60b7c468c258e3c46c941302c9b0f829a7bfacc4e8483f07f92,113293053499892871182301375254588681708244172084379198322999183054368545166069,1775116800,2026-04-02 10:09:12,1.0
e1bb1a83,2026-04-02 10:03:17,BTC 5m DOWN,DOWN,5m,btc-5m-1775116800-down,0.99,1.0,200,2.0000,WIN,3251.06,1910.73,1.7015,0xd0251fa440f8933dbda4391c584345a971739d828f67833342d9a3a59a7ca240,74773890571234723557307285386782613375437954826093088790694366391304561296823,1775116800,2026-04-02 10:09:11,1.0
69d2b72b,2026-04-02 10:10:12,ETH 15m DOWN,DOWN,15m,eth-15m-1775116800-down,0.99,1.0,200,2.0000,WIN,161.48,33.66,4.7974,0xa6c6ebcbde4e74ab633ae5be6b5abaf068334c42b55f90a553882da9d47229fb,13760091462967362073213274056040727850873589083353318045173371380962635748475,1775116800,2026-04-02 10:19:11,1.0
a74f7172,2026-04-02 10:19:01,BTC 5m DOWN,DOWN,5m,btc-5m-1775117700-down,0.99,1.0,200,2.0000,WIN,2238.18,1233.18,1.8150,0x2f981af3a5bd96d0c3462a8f1c33383b05cf6346da155ac26387f678a225a924,95243835193645253197273429667804212782142496081731148554557294921261728353791,1775117700,2026-04-02 10:26:12,1.0
1ebe443b,2026-04-02 10:19:39,ETH 5m DOWN,DOWN,5m,eth-5m-1775117700-down,0.99,1.0,200,2.0000,WIN,290.73,159.21,1.8261,0x728f92e4ef9e8703717936b2d3c92519df7ab454f294aceb85d264340b0a907a,64259597458853098554745613105508215920756697479445280224587862453263743318199,1775117700,2026-04-02 10:24:11,1.0
223f0911,2026-04-02 10:25:05,BTC 15m DOWN,DOWN,15m,btc-15m-1775117700-down,0.99,1.0,200,2.0000,WIN,850.09,557.81,1.5240,0x0e674ef143dd9e02408e50abf5b39a17d21e0d7d187639686fdad4e7eb5b0d94,61823274187217086121687099149695572559111557329894238363664581770145483487850,1775117700,2026-04-02 10:34:11,1.0
5af3b5eb,2026-04-02 10:29:40,ETH 5m UP,UP,5m,eth-5m-1775118300-up,0.99,1.0,200,2.0000,WIN,285.91,189.81,1.5063,0xd623abb0854dbd310e976784a7a2476bc24afe487fbdcbd32df242e3932f1952,21923646846303445841323716733556187052859876513273348587150338464334812788584,1775118300,2026-04-02 10:34:11,1.0
e1cf60eb,2026-04-02 10:34:54,BTC 5m UP,UP,5m,btc-5m-1775118600-up,0.99,1.0,200,2.0000,WIN,1422.67,274.05,5.1913,0x7d935316a29b6b3a7281ad66629231d53cd7e59f74cef9aad9ea55808bcae4a0,105444885100146272381832684437907471249764197478912701317721801496203597612250,1775118600,2026-04-02 10:39:11,1.0
74312686,2026-04-02 10:37:27,BTC 5m DOWN,DOWN,5m,btc-5m-1775118900-down,0.99,1.0,200,2.0000,WIN,1265.98,808.66,1.5655,0xcc35a32d1449a44e2b59bf093c61db51d0ef2c47999adc08e3db68595f82e581,20863463023893020732920578682427906281265145544211430753402874637016057327367,1775118900,2026-04-02 10:46:11,1.0
bf2668ca,2026-04-02 10:41:30,BTC 15m DOWN,DOWN,15m,btc-15m-1775118600-down,0.99,1.0,200,2.0000,WIN,1396.23,607.1,2.2998,0x6279621a7b7363d93a391884fdc78775718cb454be95e89cc4f4c0cbe1ea1a27,23355131339265677397011808619054822857884770841656323138859280900002123936395,1775118600,2026-04-02 10:47:11,1.0
6e55ed98,2026-04-02 10:42:57,ETH 15m DOWN,DOWN,15m,eth-15m-1775118600-down,0.99,1.0,200,2.0000,WIN,482.18,172.04,2.8027,0x9399a59305df27ac05bfe2001796b53b9ccd1c1a422786a74f83a6a811d5f277,66017287178777469326689954702585596125761649860063725644705269884224071933286,1775118600,2026-04-02 10:49:11,1.0
17f9a5f7,2026-04-02 10:49:59,BTC 5m DOWN,DOWN,5m,btc-5m-1775119500-down,0.99,1.0,200,2.0000,WIN,267.08,152.4,1.7525,0x182ea64f10097ab4888ad5182cc96b198d1b074d964d73255b0ae4c56e4fae5d,67720583747797294398742966972285482761387594725573446791857692353205536549818,1775119500,2026-04-02 10:54:11,1.0
c0e65d18,2026-04-02 10:59:17,BTC 15m DOWN,DOWN,15m,btc-15m-1775119500-down,0.99,1.0,200,2.0000,WIN,1383.58,537.95,2.5719,0xb7680af15b84794b3b5cbe32ec7f1a233adfe619bc0d61623e731bfdc58f8167,37132477175698356031550549152194665358517098959257950146050984783165856032890,1775119500,2026-04-02 11:04:12,1.0
17c8fd85,2026-04-02 11:04:12,ETH 5m DOWN,DOWN,5m,eth-5m-1775120400-down,0.99,1.0,200,2.0000,WIN,77.31,9.72,7.9537,0x8fd6c509efee9e632689999e57deb319b77c1f6b28157cede79258624c123d8f,98337498103402481968912384144377404993017749270132672436320557276870780848431,1775120400,2026-04-02 11:09:11,1.0
81682c18,2026-04-02 11:09:41,BTC 5m DOWN,DOWN,5m,btc-5m-1775120700-down,0.99,1.0,200,2.0000,WIN,3493.67,1971.37,1.7722,0xd29923017904874b9693f8e54cc42cbdeee21dbe85c4e8206d23bdeac2b261c7,15210242136455357363154346096580122235509997189122112949588356074898135038566,1775120700,2026-04-02 11:12:10,1.0
b364e1cc,2026-04-02 11:14:10,BTC 5m UP,UP,5m,btc-5m-1775121000-up,0.99,1.0,200,2.0000,WIN,1851.59,1222.68,1.5144,0x473f76c7c830942ca689fc7e2073f01c9d9465e310356e994802fa532ddf67fc,46533982075650912450595382822796562061179907396739900897259064134464773320200,1775121000,2026-04-02 11:19:11,1.0
5e274519,2026-04-02 11:19:46,BTC 5m DOWN,DOWN,5m,btc-5m-1775121300-down,0.99,1.0,200,2.0000,WIN,1190.48,791.37,1.5043,0x567c9e64aa886e2505f018663c181bb1c849ffa42879d04db59492b84172ce0f,28423907791746853132733883142284476647025127913965948397055765441404987682939,1775121300,2026-04-02 11:24:11,1.0
914113d3,2026-04-02 11:19:52,ETH 5m DOWN,DOWN,5m,eth-5m-1775121300-down,0.99,1.0,200,2.0000,WIN,122.78,12.54,9.7911,0x41f7b02fb1eb3b6e56689694442a2e6aa66c5b650edb0a9f38d500632a680fec,47075390974621358980087270598966262500482028179256101953161477171043147846606,1775121300,2026-04-02 11:24:10,1.0
fb587cd4,2026-04-02 11:27:07,ETH 15m UP,UP,15m,eth-15m-1775121300-up,0.99,1.0,200,2.0000,WIN,997.46,480.0,2.0780,0x397c6dc9a74d0d7587c2a26ae51d3a53903f9f69a1c5f200aae26fb665e6427d,53219086068780466389130485766033773610590813172576017644734627275557586557505,1775121300,2026-04-02 11:36:11,1.0
c9b0c66c,2026-04-02 11:27:44,ETH 5m UP,UP,5m,eth-5m-1775121900-up,0.99,1.0,200,2.0000,WIN,396.73,35.82,11.0757,0x6da20c5c455d71657f69af30d086bda6c541953257d899ff3f04ab5c39019418,16006724697836473943363812978100509723350855372918521137152531334692507176880,1775121900,2026-04-02 11:36:12,1.0
51441af0,2026-04-02 11:28:47,BTC 5m UP,UP,5m,btc-5m-1775121900-up,0.99,1.0,200,2.0000,WIN,1313.59,779.88,1.6843,0xe691fb9bed6b7a9f604e79ef2e9e016f1dcb5e6778e8855404148f8a6c25cd0b,26799509385180692129325597606234166908126559054903541967271101963631894495087,1775121900,2026-04-02 11:34:11,1.0
906ca0df,2026-04-02 11:29:00,BTC 15m UP,UP,15m,btc-15m-1775121300-up,0.99,1.0,200,2.0000,WIN,2213.54,1417.0,1.5621,0x4dead3d24cb57d1611959e0cd5a863f9435b9605b30ad2deb1df005453d47895,8394240489677967443272925623313011344753002031193027547053975494018428947835,1775121300,2026-04-02 11:36:12,1.0
7f7c3940,2026-04-02 11:34:55,ETH 5m DOWN,DOWN,5m,eth-5m-1775122200-down,0.99,1.0,200,2.0000,WIN,336.42,101.01,3.3306,0x95c3f87b1814b838f2e6af26fd7b3e2da1acb57d8d705f4414b4a9463f578062,75343620396346826861713796601199127486558584779168183808393138189214155459423,1775122200,2026-04-02 11:39:11,1.0
227a77f3,2026-04-02 11:44:34,ETH 15m DOWN,DOWN,15m,eth-15m-1775122200-down,0.99,1.0,200,2.0000,WIN,279.57,151.07,1.8506,0x9432cde5cb843b83f449cbefceabee2c061da402431f0562127933e1781df293,114609563482435971735889192468206312909761757985157581848998586179756735234425,1775122200,2026-04-02 11:49:11,1.0
82ab91e5,2026-04-02 11:44:57,BTC 5m DOWN,DOWN,5m,btc-5m-1775122800-down,0.99,1.0,200,2.0000,WIN,336.12,221.82,1.5153,0x1a3ab600010d8bc7cc95a299527e4870bdfaff2c00a2baeca7ce2aaefe4fedb9,93890060296337665862372841306239211982970333779021404109153696511410282923835,1775122800,2026-04-02 11:49:11,1.0
dc6b877c,2026-04-02 11:49:51,ETH 5m DOWN,DOWN,5m,eth-5m-1775123100-down,0.99,1.0,200,2.0000,WIN,514.79,301.47,1.7076,0x99c7a797ed1ac7210f0cde6e46790a0578dce5b3b9b30cb9150d3fbfaad5b0d4,8835220691311584991587035765283540047811075147314184096568720176062829185303,1775123100,2026-04-02 11:56:12,1.0
8d32fd54,2026-04-02 11:59:28,BTC 5m UP,UP,5m,btc-5m-1775123700-up,0.99,1.0,200,2.0000,WIN,1369.26,312.95,4.3753,0x8d35e7841123e413d4855ae7a982703ddb4560c1ed86fe8081133ad426d7e27d,16120396310664123051063344346107716907862351144884737346910405994352734899185,1775123700,2026-04-02 12:06:11,1.0
c8c2a742,2026-04-02 11:59:42,BTC 15m UP,UP,15m,btc-15m-1775123100-up,0.99,1.0,200,2.0000,WIN,1851.47,1062.01,1.7434,0x73a94a7f8b2d75797cc8e634fda770992007f337f86a1f483a3bb42805e2cb3f,105045649949366379465216222494364662062241075867412197362379778064690426261079,1775123100,2026-04-02 12:04:11,1.0
93f77eaa,2026-04-02 11:59:42,ETH 5m UP,UP,5m,eth-5m-1775123700-up,0.99,1.0,200,2.0000,WIN,377.57,248.65,1.5185,0x9645f89a1d43e1ff9e2458357da749e0c1503446ff884b9d5903ca81f65ce883,81415128999254820551979042991556759663933290933269521764712027418497123255922,1775123700,2026-04-02 12:04:11,1.0
b60fb4de,2026-04-02 11:59:43,ETH 15m DOWN,DOWN,15m,eth-15m-1775123100-down,0.99,1.0,200,2.0000,WIN,754.3,306.97,2.4572,0xccb02e3e5303b3715dcf46f41f4587c4831b2259ca5e805db08d1dec047d409a,114953755454965561059982727673852114327105472529753932751863138114980419118923,1775123100,2026-04-02 12:04:11,1.0
adc1c777,2026-04-02 12:04:53,BTC 5m DOWN,DOWN,5m,btc-5m-1775124000-down,0.99,1.0,200,2.0000,WIN,898.84,515.0,1.7453,0xdb1367fe37a017b1a8bd60f763e3522e4efa4fecc5b471c4b9baf8c3ff4449da,68055737553618460225593906032396005780853279903836037307036867597006186356209,1775124000,2026-04-02 12:11:11,1.0
31331de7,2026-04-02 12:09:00,ETH 5m DOWN,DOWN,5m,eth-5m-1775124300-down,0.99,1.0,200,2.0000,WIN,293.33,195.1,1.5035,0x8480d636541a89e4efd41832028f7aaf958b884c7e1f564e6daecd950ce97a44,70863152874809535232997500717956832365501810911476427073018001902149497804518,1775124300,2026-04-02 12:14:11,1.0
2a9a5200,2026-04-02 12:10:41,ETH 15m DOWN,DOWN,15m,eth-15m-1775124000-down,0.99,1.0,200,2.0000,WIN,468.53,267.82,1.7494,0xd3142b979f6706f99ce244ad5b17a1b9591b9020357aca8143e484c6454aadcc,90817460343168762179135093132538570354851383950807188175512853192616513939491,1775124000,2026-04-02 12:19:11,1.0
85674a3f,2026-04-02 12:10:44,BTC 15m DOWN,DOWN,15m,btc-15m-1775124000-down,0.99,1.0,200,2.0000,WIN,2933.07,1923.87,1.5246,0x2f0742bb4203878b475cb6505f9acadfc799fc13e10218904249fc24e0aad72a,13800597132532240645372673566040005165726031517853089977547530399546162918650,1775124000,2026-04-02 12:19:12,1.0
09ce7b9e,2026-04-02 12:14:06,ETH 5m DOWN,DOWN,5m,eth-5m-1775124600-down,0.99,1.0,200,2.0000,WIN,742.85,441.08,1.6842,0x9d501ddf118709cbbbb30f634c0caa54e920c7aee0eab3c682d4a0edfac4a230,12670844429292477743533526509477211125366948757179175157450065630106797356369,1775124600,2026-04-02 12:19:11,1.0
3447e935,2026-04-02 12:14:11,BTC 5m DOWN,DOWN,5m,btc-5m-1775124600-down,0.99,1.0,200,2.0000,WIN,3724.68,1412.93,2.6361,0x4ab4d0df8bc65668470cbfefab8cf5a1a83d7790a2bc131358ab9e4478a9a927,8477664132113895825718540590768912927837546690578074548414724842530537334144,1775124600,2026-04-02 12:19:11,1.0
938dde32,2026-04-02 12:19:26,BTC 5m UP,UP,5m,btc-5m-1775124900-up,0.99,1.0,200,2.0000,WIN,3173.93,2003.68,1.5841,0x43344680b41c57da44dd76ebeb59a8d151db6096835d99940b495b52509df133,25493984824902092079725194946929034605473907367881180512755812670371117085367,1775124900,2026-04-02 12:26:11,1.0
15ff4851,2026-04-02 12:26:56,BTC 15m UP,UP,15m,btc-15m-1775124900-up,0.99,1.0,200,2.0000,WIN,3107.16,1829.75,1.6981,0x20e3b86170834f99e35ef5674e7c18e01f4e779282869dae9c6d286c900fad46,106479744764442960205279468581742477887842648006577227053113065334003301995463,1775124900,2026-04-02 12:34:11,1.0
fe60f8cb,2026-04-02 12:29:15,ETH 15m UP,UP,15m,eth-15m-1775124900-up,0.99,1.0,200,2.0000,WIN,1080.39,560.41,1.9279,0xb39c15329d0655c9fc4e95bc17aa746b7fa8cc60983f829fe48a667f469286fb,105508102945351996128856438829791707388526332921623053736424383272293889662928,1775124900,2026-04-02 12:34:11,1.0
98eb4219,2026-04-02 12:29:49,BTC 5m UP,UP,5m,btc-5m-1775125500-up,0.99,1.0,200,2.0000,WIN,1980.98,1266.75,1.5638,0x3f6980b38571ebc8b912edd88e5350a02fcd29ad5f37f68296df7eb9632ec765,45029246514725278497211684430212207245075285363809115505418135061791706901415,1775125500,2026-04-02 12:34:11,1.0
6b04c9b5,2026-04-02 12:33:48,BTC 5m UP,UP,5m,btc-5m-1775125800-up,0.99,1.0,200,2.0000,WIN,2346.17,1532.9,1.5305,0x1388ae14d99d6b79ffb986e1fd58634da0b546083e69f4078a195e8862235ef5,23830896370894858277143379680068675202306839629687606859573357873075389864111,1775125800,2026-04-02 12:39:11,1.0
ca09a7a6,2026-04-02 12:43:11,BTC 15m UP,UP,15m,btc-15m-1775125800-up,0.99,1.0,200,2.0000,WIN,3894.55,1989.32,1.9577,0xadbfcfc33745e3205a52f73f5d9cceb17c2eafa6cca9b19817a94983b1726189,34736734276528712776035330405374269440311674789403577181784757460846424626323,1775125800,2026-04-02 12:51:12,1.0
350004d6,2026-04-02 12:49:57,BTC 5m DOWN,DOWN,5m,btc-5m-1775126700-down,0.99,1.0,200,2.0000,WIN,233.11,93.43,2.4950,0xdafb4b1c4508406f88792dccb8698e642656cfff0d083195d98ae4559c185052,42893474009127432100751319197005666509398402998791077028309764171491620357845,1775126700,2026-04-02 12:54:11,1.0
11d4bcc2,2026-04-02 12:55:00,BTC 5m DOWN,DOWN,5m,btc-5m-1775127000-down,0.99,1.0,200,2.0000,WIN,55.35,24.2,2.2872,0x2be42ad49eac67698bca56337bdf86034bb89e88d302118900c708acd2d83876,18349205615169608425240271738580225074517754627734971623646825036933332733993,1775127000,2026-04-02 13:01:11,1.0
7cf32021,2026-04-02 12:55:01,ETH 5m DOWN,DOWN,5m,eth-5m-1775127000-down,0.99,1.0,200,2.0000,WIN,2347.0,791.86,2.9639,0xd4bacfd6dcbd761893fc9610bda6d45f56b0141dab7024bfefd83c9c3541caeb,72147135733404562284124240563732384120155630752556887789655155748603367274994,1775127000,2026-04-02 12:59:11,1.0
67ea4f00,2026-04-02 12:59:57,BTC 15m DOWN,DOWN,15m,btc-15m-1775126700-down,0.99,1.0,200,2.0000,WIN,432.52,120.43,3.5915,0x36b10f36dd9bd0ec965af81980ab009cf209b05bc655203ad3e7007b71813277,108134876585651122368043176109319733609718896770995410304156954431105844292711,1775126700,2026-04-02 13:04:11,1.0
bf390e50,2026-04-02 13:04:59,BTC 5m DOWN,DOWN,5m,btc-5m-1775127600-down,0.99,1.0,200,2.0000,WIN,196.7,31.76,6.1933,0x6cde7ff62266d7c3d59724ba6b110aa60a0854ec5e1e57cb2f5e707754d02428,19923080041905050096457941856189913220737901348394505195705406883179286395591,1775127600,2026-04-02 13:07:10,1.0
8c0570d6,2026-04-02 13:18:06,BTC 5m UP,UP,5m,btc-5m-1775128500-up,0.99,1.0,200,2.0000,WIN,1786.16,1119.07,1.5961,0xb5344267007747909f5890eea852485a344008264ab570695fbfd5342e1bf204,65476648294155028560561316949774952651273761467133833233364351357848858938225,1775128500,2026-04-02 13:24:11,1.0
695024e9,2026-04-02 13:19:46,ETH 5m UP,UP,5m,eth-5m-1775128500-up,0.99,1.0,200,2.0000,WIN,145.21,38.45,3.7766,0xe0951e010da8dfc9aff5ed7caf48bbc797a16b4daa3f2131cde1f16349d36de8,73672285232061333777646822787575977718388834102507114871830951573466610569202,1775128500,2026-04-02 13:24:12,1.0
10b959db,2026-04-02 13:26:13,ETH 15m UP,UP,15m,eth-15m-1775128500-up,0.99,1.0,200,2.0000,WIN,23.16,12.0,1.9300,0xc002ac3df8302432dd3bedcd5c8d5a076042a82f38738dc94d7af412470d42b0,86500328730601795655283525137767334704894077559229400688891114383326865283064,1775128500,2026-04-02 13:34:11,1.0
4bd7a36d,2026-04-02 13:34:44,ETH 5m DOWN,DOWN,5m,eth-5m-1775129400-down,0.99,1.0,200,2.0000,WIN,261.59,111.99,2.3358,0x66e997e669eb08c5965d1aa3677838d5cc3571445aeb1cb52489046f2f5b3c8a,56247211167842409540641139486844127162128868141607218900882932915436423709672,1775129400,2026-04-02 13:39:11,1.0
d655ea74,2026-04-02 13:39:52,ETH 5m DOWN,DOWN,5m,eth-5m-1775129700-down,0.99,1.0,200,2.0000,WIN,355.13,223.0,1.5925,0xb5b66a0f9fdd0dc997292d15da42b4f06d20d4ccf857c92797ad4f4fe062c9f8,35613464515043938934475554344008498808822474571894519096357365858989566712199,1775129700,2026-04-02 13:46:11,1.0
814dfaff,2026-04-02 13:41:24,BTC 15m DOWN,DOWN,15m,btc-15m-1775129400-down,0.99,1.0,200,2.0000,WIN,1530.96,915.15,1.6729,0x9dc3fdba07da0337b1b6aebfd37b4c68a1d395eaf1512553b231c27abc94de20,103912296079733994792208190582899368503239276581989727403938602686505819686093,1775129400,2026-04-02 13:49:11,1.0
ed58bdad,2026-04-02 13:42:15,ETH 15m DOWN,DOWN,15m,eth-15m-1775129400-down,0.99,1.0,200,2.0000,WIN,438.12,190.01,2.3058,0x56196acae11e825d7633d5b890639a456132bff31d51c2da6b6509939ceb71ee,65932986019667914655960388703064766554939587064734790215913968487035925041539,1775129400,2026-04-02 13:49:11,1.0
32836242,2026-04-02 13:54:30,BTC 5m DOWN,DOWN,5m,btc-5m-1775130600-down,0.99,1.0,200,2.0000,WIN,2054.39,303.15,6.7768,0x8c917b813b113f6bddaf1a4fcf75893f7631e40c20d2a175175b080e058cb3c3,82932462617354317997010557282291482270780023722952439021573473612669629990432,1775130600,2026-04-02 14:01:11,1.0
600c742d,2026-04-02 13:56:46,BTC 15m DOWN,DOWN,15m,btc-15m-1775130300-down,0.99,1.0,200,2.0000,WIN,1631.57,706.6,2.3090,0x00a2ec9e40d08a9acb12c996e89d389b155a091a3641318a31284890b82de7dc,54788506418654045213190319773355318849001700040735472758004563848828120094517,1775130300,2026-04-02 14:06:11,1.0
ea196cf8,2026-04-02 13:59:52,ETH 15m DOWN,DOWN,15m,eth-15m-1775130300-down,0.99,1.0,200,2.0000,WIN,149.92,50.25,2.9835,0x53eaf579ee8bd2b64739541c98dd0b3cde28c86d3bef9218cd42ab2eca0a2207,85130130831266791436319513300469829890594845062085088030376488280174587285841,1775130300,2026-04-02 14:06:12,1.0
05a8c7f4,2026-04-02 14:09:44,ETH 5m DOWN,DOWN,5m,eth-5m-1775131500-down,0.99,1.0,200,2.0000,WIN,303.8,125.92,2.4126,0xd329e5cfcbec4baa835b5f1df3827e085fb2119db30e1a3ed34c2e19b1e98601,76035285435845517644861860945856728433987467678258157507006675500139806220092,1775131500,2026-04-02 14:16:11,1.0
d2824fd8,2026-04-02 14:11:15,ETH 15m DOWN,DOWN,15m,eth-15m-1775131200-down,0.99,1.0,200,2.0000,WIN,156.7,74.24,2.1107,0x3bf86559b1cca64ae5372b29aac3990926c51f0d2c3e1b348be4399f1b3a5203,15174700999011358870573332105052085531490222831322313966968829896179171403,1775131200,2026-04-02 14:19:11,1.0
76ab455d,2026-04-02 14:14:53,BTC 15m DOWN,DOWN,15m,btc-15m-1775131200-down,0.99,1.0,200,2.0000,WIN,1678.12,1102.11,1.5226,0x65ce85c41e2a3a4e8d5a1eaab61455ebf05f7d44ed7241a566510a4669900b4e,110783018764423898948767550154379469274120374060598113372742999156800043073295,1775131200,2026-04-02 14:19:11,1.0
1d9cc7e7,2026-04-02 14:14:54,BTC 5m UP,UP,5m,btc-5m-1775131800-up,0.99,1.0,200,2.0000,WIN,753.8,453.79,1.6611,0x08dfd61b26a45ecde1b9de435e436cb1b10cbbf6bf2b96447d97a52066bcfec1,68088289076776312962567412935809702562502830393745952344073985426738299560667,1775131800,2026-04-02 14:19:11,1.0
fc54062a,2026-04-02 14:18:20,BTC 5m DOWN,DOWN,5m,btc-5m-1775132100-down,0.99,1.0,200,2.0000,WIN,2064.38,673.42,3.0655,0xd74fe21b82dde4cc2b832d7acca214e548dad41a73c806400285ff30a40b863d,78032337316783917427580551508015636964737253949483350999804799374714104307108,1775132100,2026-04-02 14:24:11,1.0
8c25aab4,2026-04-02 14:19:42,ETH 5m DOWN,DOWN,5m,eth-5m-1775132100-down,0.99,1.0,200,2.0000,WIN,545.5,290.78,1.8760,0x37db52f1e51aa3f0f153e47c05ee0374626b51824cb15433d7f9b4c764b82753,55577823167725766625336688095704965531621279985551328536020244370677777743111,1775132100,2026-04-02 14:24:11,1.0
c1c8c1b2,2026-04-02 14:24:36,BTC 5m UP,UP,5m,btc-5m-1775132400-up,0.99,1.0,200,2.0000,WIN,1233.9,785.32,1.5712,0x3bd3dd04f775c1ae598e68a8c148e658e9c94ebf2a1e88240ded090166a1c5a6,68479050890331617116630307909166902357723284300410649013640369748865768381372,1775132400,2026-04-02 14:29:11,1.0
fa46634f,2026-04-02 14:29:54,ETH 5m DOWN,DOWN,5m,eth-5m-1775132700-down,0.99,1.0,200,2.0000,WIN,158.88,102.36,1.5522,0xe75194d1896b54d0bd7660fd37f0dd0b1a4f6d22120be2020276747a6448a7bb,98745152477142178247005296909037104849516515803609082581523397858204642853781,1775132700,2026-04-02 14:36:11,1.0
e54d2980,2026-04-02 14:29:57,BTC 5m UP,UP,5m,btc-5m-1775132700-up,0.99,1.0,200,2.0000,WIN,818.57,275.82,2.9678,0xcf0a342f37e38349693fdae5cffe7aed2d77113d1dd23d5faf53e388294b2a90,96413947463274286690034336160160122652879099782778810845681860930132761029125,1775132700,2026-04-02 14:36:11,1.0
ff2493f1,2026-04-02 14:34:49,ETH 5m DOWN,DOWN,5m,eth-5m-1775133000-down,0.99,1.0,200,2.0000,WIN,595.96,385.13,1.5474,0xa6c3b60edfdcc03f195db4149613795c9bb8ea1473afa3664248d3578f484be3,114777477390914432516384846497694674591115158468517953874524451565616097252957,1775133000,2026-04-02 14:39:10,1.0
1059ed89,2026-04-02 14:44:22,BTC 15m UP,UP,15m,btc-15m-1775133000-up,0.99,1.0,200,2.0000,WIN,1596.81,959.84,1.6636,0xd4bbb5c6ae02f677907e8999ceddeb3b3028781e506650e402d41fc1453de7cd,65742612679147553837043954456237347106227802132112403053198508769559410259883,1775133000,2026-04-02 14:49:12,1.0
fe3a0118,2026-04-02 14:44:40,BTC 5m UP,UP,5m,btc-5m-1775133600-up,0.99,1.0,200,2.0000,WIN,3497.0,2327.4,1.5025,0x33709075aedbf6ac923bc1416cc67291e06297c0fd0d3767ccab67db65c80c86,39033763103787437595974559075435985270202491268036878064357830437107306095362,1775133600,2026-04-02 14:49:12,1.0
d9a94527,2026-04-02 14:54:37,BTC 5m DOWN,DOWN,5m,btc-5m-1775134200-down,0.99,1.0,200,2.0000,WIN,4000.11,1250.08,3.1999,0x30030250a444f525f31a0679e1d8caf6ca7787055973534b742231538797f87e,33294838468288720637445171681061139544661884478297047372831627952911019571379,1775134200,2026-04-02 14:59:11,1.0
19c75549,2026-04-02 14:54:55,ETH 5m DOWN,DOWN,5m,eth-5m-1775134200-down,0.99,1.0,200,2.0000,WIN,279.63,180.56,1.5487,0xc6b68b1a9fbac5a244074a66c436332a1a8685c3f31c43c2ae07534d5eb3fb79,35378588067315121804640099588556345574491869169886462900509271412860987572318,1775134200,2026-04-02 14:59:11,1.0
5b86cee7,2026-04-02 14:56:08,BTC 15m DOWN,DOWN,15m,btc-15m-1775133900-down,0.99,1.0,200,2.0000,WIN,1404.1,827.86,1.6961,0x302a5c5f31ed82803ce34ce90a36373755ff632c0ec8a195cec65c5dcdbdebe9,67499427879785657959708060168419216261095269564891636356002415594175411659244,1775133900,2026-04-02 15:06:12,1.0
1e8a6e4f,2026-04-02 14:57:54,ETH 15m DOWN,DOWN,15m,eth-15m-1775133900-down,0.99,1.0,200,2.0000,WIN,277.87,81.0,3.4305,0xca9748e7ab7f817fca43bce393d0999ac4768254e2dbac37d9bfef9b21fb46e8,57981557744174181935742679093923595547002964794894975187262288289832361889850,1775133900,2026-04-02 15:06:11,1.0
757ef8e8,2026-04-02 14:59:53,ETH 5m DOWN,DOWN,5m,eth-5m-1775134500-down,0.99,1.0,200,2.0000,WIN,113.96,71.91,1.5848,0xa1fa9ecd7c8aa07e57fdd8bfbe9a7647c8fd6e54f9f4da6b92df8fb9a8d65a5f,10037874324823111758112851182928854710097384972292839966497384900879413038177,1775134500,2026-04-02 15:04:12,1.0
2dfdc826,2026-04-02 15:02:55,ETH 5m DOWN,DOWN,5m,eth-5m-1775134800-down,0.99,1.0,200,2.0000,WIN,90.51,30.61,2.9569,0xf1bd73d9891015bd5806716f2ae814bdb6a8b9c051ed2e7166e6b5e528730f24,9128243295868742578900387425859271905172980225978321775572198038564708461455,1775134800,2026-04-02 15:09:11,1.0
8817765a,2026-04-02 15:09:56,ETH 5m UP,UP,5m,eth-5m-1775135100-up,0.99,1.0,200,2.0000,WIN,80.6,50.71,1.5894,0x6ea47f16a7ab95f003baab5ce818b702eb69c7f5cb4af7f53c9f7c116cf55e3f,48143480774490601061201934280180736070389704749790500459317082387094009930980,1775135100,2026-04-02 15:16:12,1.0
6e5418f7,2026-04-02 15:12:55,ETH 15m DOWN,DOWN,15m,eth-15m-1775134800-down,0.99,1.0,200,2.0000,WIN,304.15,72.12,4.2173,0xd64f9417795cb3b57b3c004f175b84849833fee792d9442255f230159fc04678,110743957966877932505447441539207642519079325592348715863845660073463485729649,1775134800,2026-04-02 15:19:11,1.0
9102ed0c,2026-04-02 15:14:47,BTC 15m DOWN,DOWN,15m,btc-15m-1775134800-down,0.99,1.0,200,2.0000,WIN,1094.35,650.24,1.6830,0x28f197eadedc4c7427bd69e0f09c23267a0d63926aacb10a47652f40236e103c,19695623949467006607663937606711659360744457228044114842819778370304998988786,1775134800,2026-04-02 15:19:11,1.0
70941872,2026-04-02 15:19:20,BTC 5m DOWN,DOWN,5m,btc-5m-1775135700-down,0.99,1.0,200,2.0000,WIN,2621.22,1675.01,1.5649,0x7e1a21b7002a8d13d7756715db7fc03112d687a5afed19051dc5b396e97df8dc,38938948570295755100011018298719307799199491962859607852156920526292608646989,1775135700,2026-04-02 15:24:11,1.0
0c4a70ed,2026-04-02 15:24:30,ETH 5m UP,UP,5m,eth-5m-1775136000-up,0.99,1.0,200,2.0000,WIN,670.29,360.49,1.8594,0x94dc45d636294c1147316ee5e67072fdae5625422aeb66c2ac1ddeb8bf3c9900,96399972196602366018549068963047122141439499193071191574965916602305803282773,1775136000,2026-04-02 15:31:12,1.0
499fdccb,2026-04-02 15:28:04,BTC 15m UP,UP,15m,btc-15m-1775135700-up,0.99,1.0,200,2.0000,WIN,3242.09,1620.68,2.0005,0xe5e54ba27ec0ae525cdfefe6a256f495f826c8306d7bd86e86cd38b9a661393b,75717475108618656502234615146531477203136155055972770580057756154712726086829,1775135700,2026-04-02 15:34:11,1.0
834b08b5,2026-04-02 15:33:05,ETH 5m DOWN,DOWN,5m,eth-5m-1775136600-down,0.99,1.0,200,2.0000,WIN,163.3,57.65,2.8326,0x7f2132ea5a2bbe3064127b5ec524ed020fcf0011bd88c13542358bfcc9e96531,36866564540077800276096256896874223088360525561668911022315211825880265580784,1775136600,2026-04-02 15:39:11,1.0
4121c03f,2026-04-02 15:39:23,ETH 5m DOWN,DOWN,5m,eth-5m-1775136900-down,0.99,1.0,200,2.0000,WIN,499.76,217.04,2.3026,0x544f3f8cb2dbc324ade5cf7821165a25f558b3cd3bb80b8025fde8e4df654aab,108465088532659048432581298171160805647963616770335468793940715980536005769723,1775136900,2026-04-02 15:44:11,1.0
5ba93cd5,2026-04-02 15:39:32,BTC 5m DOWN,DOWN,5m,btc-5m-1775136900-down,0.99,1.0,200,2.0000,WIN,1605.44,723.34,2.2195,0x893277b7bc8827a9221aa179b0d3c6285aa52c16e8976e28482778dd565065c2,114836888913745319546703881824009204532849660744527541757437060264538664657505,1775136900,2026-04-02 15:46:11,1.0
801da608,2026-04-02 15:40:50,ETH 15m DOWN,DOWN,15m,eth-15m-1775136600-down,0.99,1.0,200,2.0000,WIN,211.0,131.6,1.6033,0xa695b971d45e315594e0275d3a458818a87ab9a1f206a5cab70fd753c7b053bd,7294185241604506865851762339445593275563387960248905551864339000332765920244,1775136600,2026-04-02 15:51:12,1.0
cfd13adc,2026-04-02 15:44:55,ETH 5m UP,UP,5m,eth-5m-1775137200-up,0.99,1.0,200,2.0000,WIN,154.25,76.63,2.0129,0xb2588e607034073c4f86cb7efe7dbbf8e1bbbb264a87743f95252deac6b13857,6613668368487909139678768523193840073728155237314473507763743422702014034057,1775137200,2026-04-02 15:49:11,1.0
a9ffaed9,2026-04-02 15:49:02,BTC 5m UP,UP,5m,btc-5m-1775137500-up,0.99,1.0,200,2.0000,WIN,2488.79,1391.88,1.7881,0x506a6c6be7627e2f630bcbc22a2464f2d7b95a673018027f3ff8b6024bd29b9f,63411553495669297818584484321144978805263477323325311972554919019821303889888,1775137500,2026-04-02 15:56:11,1.0
fa129d19,2026-04-02 15:53:33,ETH 15m UP,UP,15m,eth-15m-1775137500-up,0.99,1.0,200,2.0000,WIN,2292.8,1196.91,1.9156,0xc1b72841a7faa98a923aa4ac02736374005ba6636a33d9dae031ffdd0a2405cd,102329791227887987010779512378110614301639837029637151485691174449571903420652,1775137500,2026-04-02 16:04:12,1.0
168a7c42,2026-04-02 15:53:48,BTC 5m UP,UP,5m,btc-5m-1775137800-up,0.99,1.0,200,2.0000,WIN,2504.78,1332.76,1.8794,0x90c727659efd428cbda9dbfcb45c0878d34a6b8dfaefbd0c24f17ea41db1ed9d,14963740417141921575488700792073080481214052182502969328660407424984743368095,1775137800,2026-04-02 15:59:11,1.0
550b6325,2026-04-02 15:54:22,ETH 5m UP,UP,5m,eth-5m-1775137800-up,0.99,1.0,200,2.0000,WIN,457.51,232.36,1.9690,0x0c0829eb312ea56ed1ce1e4cdf50e5cceda1007ced1d9ea87dc9415f352af84e,215215632803413979107731099923154091804664484013016201691247425911666919356,1775137800,2026-04-02 15:59:11,1.0
6b295c11,2026-04-02 15:58:38,ETH 5m UP,UP,5m,eth-5m-1775138100-up,0.99,1.0,200,2.0000,WIN,332.13,220.66,1.5052,0xfe9b06ac666499628331088ef9931df06346d423d409ffb6662f098d25781173,85998979829646996086930465686702701049201941565069620128141776802727221681899,1775138100,2026-04-02 16:04:11,1.0
8318b893,2026-04-02 15:59:18,BTC 5m UP,UP,5m,btc-5m-1775138100-up,0.99,1.0,200,2.0000,WIN,1566.72,682.87,2.2943,0x6cbcb0658ceae0145097819c60bf988c7057eb4ddca0ac8744289238e434c3f2,2339162772529737315092569533954861885031874202945283359072836578291878700476,1775138100,2026-04-02 16:04:11,1.0
2ae64695,2026-04-02 16:03:34,ETH 5m DOWN,DOWN,5m,eth-5m-1775138400-down,0.99,1.0,200,2.0000,WIN,762.51,409.84,1.8605,0x050ace739eea3fe51819af4274e012a97b3923f35eea9c553e48f9a31091be01,10010034517499632706783236058024002992909936978552094197506435237217004532206,1775138400,2026-04-02 16:09:11,1.0
574e80a9,2026-04-02 16:04:54,BTC 5m DOWN,DOWN,5m,btc-5m-1775138400-down,0.99,1.0,200,2.0000,WIN,1620.1,1075.56,1.5063,0x6bfa45301f5a17a9522989021e278a2e6334b51aeb1725037c0d42e330f7013d,31325198852002165320329671237906677954700475708361280776148589122672803339579,1775138400,2026-04-02 16:09:11,1.0
08a2dc9e,2026-04-02 16:09:33,ETH 5m UP,UP,5m,eth-5m-1775138700-up,0.99,1.0,200,2.0000,WIN,483.66,124.8,3.8755,0x76a8674baf2295e1dfcb1720f1e6fe8973cd34f5dce2dec427a919e6d9e5cde4,22468013154858427666103763777841175949103529929771785879125151887730775574031,1775138700,2026-04-02 16:16:12,1.0
7c21f942,2026-04-02 16:14:04,BTC 15m UP,UP,15m,btc-15m-1775138400-up,0.99,1.0,200,2.0000,WIN,3994.93,768.57,5.1979,0x24ee35e809f085c5289d92fa64d60d9d8a02107bfa2f4f112f1fed93d01cb3fb,6708737056828636932410425332667332438616570117343635582213247491813970990629,1775138400,2026-04-02 16:21:11,1.0
61b8b151,2026-04-02 16:14:54,BTC 5m UP,UP,5m,btc-5m-1775139000-up,0.99,1.0,200,2.0000,WIN,297.68,194.36,1.5316,0x1aef26f556979109aa21c6d2a44f38e13a080f6cd59de518f042d44e93f73fdb,55791651563197608608261513813453454800969260126517052675479031656999725205982,1775139000,2026-04-02 16:19:11,1.0
80b5294a,2026-04-02 16:14:55,ETH 5m UP,UP,5m,eth-5m-1775139000-up,0.99,1.0,200,2.0000,WIN,134.93,25.95,5.1996,0xb8a6677c257cb937af360bc38092e9daf3da4e883728ecc7ab056dd1744c0891,20276102822866349001112170959686198946324185923231342787965663589823011567422,1775139000,2026-04-02 16:19:11,1.0
fdce7754,2026-04-02 16:19:29,ETH 5m UP,UP,5m,eth-5m-1775139300-up,0.99,1.0,200,2.0000,WIN,495.48,131.88,3.7571,0x7b9d02119af9427f330988b0c0749164fd9be6ae93be0bb296171e84197b1bac,94374998011489721289276351437144767161344501821480240165510833601985810592172,1775139300,2026-04-02 16:24:11,1.0
728d25d5,2026-04-02 16:23:59,ETH 5m UP,UP,5m,eth-5m-1775139600-up,0.99,1.0,200,2.0000,WIN,319.02,149.14,2.1391,0xcbcfbf8eb00f0982119aa75c299ac5a29b0794dfea677d835c34f3ceb57b2d58,86218769727191983983102581081363111248507067995231219127409964911162459678709,1775139600,2026-04-02 16:29:10,1.0
bb920d55,2026-04-02 16:28:05,ETH 5m DOWN,DOWN,5m,eth-5m-1775139900-down,0.99,1.0,200,2.0000,WIN,815.15,268.63,3.0345,0x3577662b8565a43d9cedcf746360e9f5867f76464a79ebeb4e5c3bd668874331,36110019540375184377994310545355686683689975892480445486001453392939036177285,1775139900,2026-04-02 16:36:11,1.0
af81108e,2026-04-02 16:28:09,BTC 5m DOWN,DOWN,5m,btc-5m-1775139900-down,0.99,1.0,200,2.0000,WIN,6840.14,3515.3,1.9458,0x93bf766e372d3c57686a561f037eec0e3437b861b1b5244738fdb9ab338a8321,43053698970188001517745761456686099295025658336865194883163673758281581425986,1775139900,2026-04-02 16:34:11,1.0
bcd3fdfc,2026-04-02 16:28:54,BTC 15m DOWN,DOWN,15m,btc-15m-1775139300-down,0.99,1.0,200,2.0000,WIN,1239.34,155.0,7.9957,0xc2d0e49a8989bfb40236eecd7e09b0d365bd5260124405d1b2efc61004669c87,82034975636042410677286825111112220668951095908428626713796124864522999469038,1775139300,2026-04-02 16:34:11,1.0
226da8bb,2026-04-02 16:36:46,BTC 5m UP,UP,5m,btc-5m-1775140500-up,0.99,1.0,200,2.0000,WIN,854.28,547.27,1.5610,0x51ac75cff86bcca590b48cc19c565d7ccb28485b6cf3b9dfcb1999dd53b9410d,114620108294129576843354883419600436169834527913875241131739430268469350469064,1775140500,2026-04-02 16:44:11,1.0
fa15d45b,2026-04-02 16:37:07,BTC 15m UP,UP,15m,btc-15m-1775140200-up,0.99,1.0,200,2.0000,WIN,7588.57,3798.71,1.9977,0x6945df09e1c8367fc918b74fe05d5a27237620a1c6fbe143c8ee98192080f82d,4346478730731469208409374343695475379885432761208001732491566012907735264370,1775140200,2026-04-02 16:49:12,1.0
98923c05,2026-04-02 16:38:51,ETH 5m UP,UP,5m,eth-5m-1775140500-up,0.99,1.0,200,2.0000,WIN,1307.11,660.0,1.9805,0x4cab1e6e0a78d654adf9924cb92e522f5e45d51ccf1d57e51dd177aebbf4f1e5,96867862077192289971415028201262847525164551505552263757636216684102944308739,1775140500,2026-04-02 16:44:11,1.0
43a44fa8,2026-04-02 16:44:34,BTC 5m UP,UP,5m,btc-5m-1775140800-up,0.99,1.0,200,2.0000,WIN,878.24,377.87,2.3242,0xe4cff4f60a27e7c7579a019c58130f279a6a9c3d6ebf12188e4df799c926544f,60878596264351077428447103836301047506030346798783800643029000529621062520263,1775140800,2026-04-02 16:51:12,1.0
b23f8a9c,2026-04-02 16:48:24,BTC 5m DOWN,DOWN,5m,btc-5m-1775141100-down,0.99,1.0,200,2.0000,WIN,3445.23,1731.66,1.9896,0x367332aa9b702f3f8174f30acb5df94e269f015cd3990a96db61758c0c8e63eb,18765603057659259828361090514025025682800193001490101675754465844914497516037,1775141100,2026-04-02 16:54:11,1.0
c5fe68ee,2026-04-02 16:48:45,ETH 5m DOWN,DOWN,5m,eth-5m-1775141100-down,0.99,1.0,200,2.0000,WIN,1850.7,384.2,4.8170,0x99ca4cdf85f7af9c8349cf1749da1bcd69752c7d3619be61245d084beb8a58ef,19451082578718438925264198470698800304033242843472875288409743262945039221519,1775141100,2026-04-02 16:56:11,1.0
89f46bfe,2026-04-02 16:54:28,BTC 5m UP,UP,5m,btc-5m-1775141400-up,0.99,1.0,200,2.0000,WIN,1301.06,436.97,2.9775,0xc60a04d65957964bec044ad4f9453e1c8a323b9fe93b02b8ae480737fb590c79,91075120605891510076167916624813837643456506793541117100935520695515177359134,1775141400,2026-04-02 17:01:11,1.0
0af909b9,2026-04-02 16:54:29,ETH 5m UP,UP,5m,eth-5m-1775141400-up,0.99,1.0,200,2.0000,WIN,1322.09,852.27,1.5513,0xff51882829432dbf42ccf4e26b90002a3620fd47fbe789c91af60ff212dd75c5,47056211353953517469775585610634002992801244149026597313101099922912249493471,1775141400,2026-04-02 16:59:11,1.0
53dbb73f,2026-04-02 16:59:13,BTC 15m DOWN,DOWN,15m,btc-15m-1775141100-down,0.99,1.0,200,2.0000,WIN,1277.68,702.55,1.8186,0x15d07ab0222bbac3919c944a200a17150911eebfb49838e92dfe8a8ed0553200,84182587283368023078009898215144487057332288164798875304072601620169080915992,1775141100,2026-04-02 17:06:12,1.0
904239d2,2026-04-02 17:04:45,BTC 5m DOWN,DOWN,5m,btc-5m-1775142000-down,0.99,1.0,200,2.0000,WIN,1171.9,498.1,2.3527,0x98f4ed1021426e52b86fe451bd4702f4e41c93120a78f6ee7c80be5fd380ae3e,47495379593922489501108350220835036900351584463902602231733471379075193105939,1775142000,2026-04-02 17:09:11,1.0
090295a1,2026-04-02 17:09:25,ETH 5m DOWN,DOWN,5m,eth-5m-1775142300-down,0.99,1.0,200,2.0000,WIN,200.76,121.02,1.6589,0xefaa2eacdd2829a522faaf439fc351729853d28827b01f62c28c0cac6c26f083,51045775789209717267757357837877838214181987458574498838618244305367010547856,1775142300,2026-04-02 17:16:11,1.0
4c50e95e,2026-04-02 17:14:55,BTC 15m UP,UP,15m,btc-15m-1775142000-up,0.99,1.0,200,2.0000,WIN,56.2,7.51,7.4834,0x4f9fb108428948e48a0281827f3f6a12fc00901817b6a850f5dac9aaefe4d769,78053138217294778744652797970124559608480012379592395515500537096257314209567,1775142000,2026-04-02 17:17:11,1.0
c94b46e8,2026-04-02 17:19:24,ETH 5m DOWN,DOWN,5m,eth-5m-1775142900-down,0.99,1.0,200,2.0000,WIN,290.61,96.12,3.0234,0xcc18a85937cdb2fef18e7c5d4532eee3b4134d35975f319a436b05fec6b47287,15102452841030724548494679465949496426448587768314749643338550268304342625232,1775142900,2026-04-02 17:24:11,1.0
3c2db346,2026-04-02 17:19:47,BTC 5m DOWN,DOWN,5m,btc-5m-1775142900-down,0.99,1.0,200,2.0000,WIN,774.31,490.19,1.5796,0x0a132ae723d25a432a057970615e3fb22439553e2707da5a5f253250d26b1bf6,31726751019209205132301368364019283760850274711171502927859192136977661166628,1775142900,2026-04-02 17:24:11,1.0
762c86a7,2026-04-02 17:23:25,ETH 5m DOWN,DOWN,5m,eth-5m-1775143200-down,0.99,1.0,200,2.0000,WIN,631.37,375.48,1.6815,0x35c2984f15ff50a92a05bf76c0333b162c848bd9551e1cc0d9d47578f102420b,10391772496910306837270947859671427827770606005399397689508820776745953996435,1775143200,2026-04-02 17:31:12,1.0
6b0cea51,2026-04-02 17:29:21,ETH 5m UP,UP,5m,eth-5m-1775143500-up,0.99,1.0,200,2.0000,WIN,1336.38,474.8,2.8146,0x671d5db8e1112b6187891e0428cb540b23f4c7c8a718553c3b7983198f096e79,21229528199075484020120545507270621932951800418753348572322513262803255382477,1775143500,2026-04-02 17:34:11,1.0
a0f59ffd,2026-04-02 17:29:48,BTC 5m UP,UP,5m,btc-5m-1775143500-up,0.99,1.0,200,2.0000,WIN,619.78,409.84,1.5122,0x8d60ddacb96362516eb725cb14eff117c9c31f27f4232371aab3e22eb1839760,110630298974184696888327688245329884797263735481767203183090056461564025595305,1775143500,2026-04-02 17:34:11,1.0
23e6bd2b,2026-04-02 17:33:54,ETH 5m DOWN,DOWN,5m,eth-5m-1775143800-down,0.99,1.0,200,2.0000,WIN,665.25,136.97,4.8569,0xfd62372526ee649eadc9afe505e509e8bf66f6f0a8ec2afe39650cc085dd3433,49901395173893195129529968653756065430590777558286992037134551259860447371829,1775143800,2026-04-02 17:39:11,1.0
98931ba0,2026-04-02 17:38:22,ETH 5m UP,UP,5m,eth-5m-1775144100-up,0.99,1.0,200,2.0000,WIN,1402.15,763.35,1.8368,0x4a2b655e930fa050e24534ac4f32c9f7e100feb4690035e32df6f4916685bd67,17091370445622738626680724193282201478461827994536510011897587924208477694541,1775144100,2026-04-02 17:44:11,1.0
28fa06cd,2026-04-02 17:38:29,BTC 5m UP,UP,5m,btc-5m-1775144100-up,0.99,1.0,200,2.0000,WIN,421.38,56.53,7.4541,0x27b91360f0d623b2cd519b0fb3140f60040b7f7e2ca0b341cdd8e9bca7833e01,82549715993226668075554429616495142404770028730663741759138469324012712005348,1775144100,2026-04-02 17:44:11,1.0
c79ed7fb,2026-04-02 17:44:34,ETH 5m UP,UP,5m,eth-5m-1775144400-up,0.99,1.0,200,2.0000,WIN,194.0,13.41,14.4668,0x9f13734ba34afa044b40a4f237f4502cf9091e6071f928aef2ef322c3cc571f8,4279795668722268021708408262653670162368112221824231779632897475640834680141,1775144400,2026-04-02 17:51:11,1.0
5f1aa873,2026-04-02 17:48:48,ETH 5m DOWN,DOWN,5m,eth-5m-1775144700-down,0.99,1.0,200,2.0000,WIN,1651.5,729.03,2.2653,0x9c7ee5f7f89ddc5671a4dd903b6e61fb978903260c301c83715b101aecbdb5e6,22550197288995467235483635043193457518345608764757239620180617951586093655445,1775144700,2026-04-02 17:54:12,1.0
95ceb6ee,2026-04-02 17:49:36,BTC 5m DOWN,DOWN,5m,btc-5m-1775144700-down,0.99,1.0,200,2.0000,WIN,285.97,125.47,2.2792,0xcc7f524cf3c18a4bce51c5e96d1361a98d6bba360b876aafee41ce87f9f4321e,35645374867282188052984575770770652219901751342156268484851234504565801485609,1775144700,2026-04-02 17:54:12,1.0
be33f205,2026-04-02 17:54:55,ETH 5m UP,UP,5m,eth-5m-1775145000-up,0.99,1.0,200,2.0000,WIN,154.39,63.5,2.4313,0xa86a055d294eab2fe892d19074f1ebd7674dd306262715eb0191e4a80bc39352,100070095822677157770783974498501439523341410200083875666925147684610722901184,1775145000,2026-04-02 17:59:11,1.0
10d35351,2026-04-02 18:09:40,ETH 5m UP,UP,5m,eth-5m-1775145900-up,0.99,1.0,200,2.0000,WIN,202.51,122.06,1.6591,0x484ef980ada87f353aba507f34a2cc9d60fd6f8a6232c75888fa048dd2929c1a,45911002922998344707012306198644406999377224335004367137799398261862069430801,1775145900,2026-04-02 18:16:11,1.0
9a1477ad,2026-04-02 18:13:44,BTC 15m UP,UP,15m,btc-15m-1775145600-up,0.99,1.0,200,2.0000,WIN,4267.37,502.11,8.4989,0x2599a2342d0c437652e13130c474b327db03e375fedf77a2c9fc49a5c0a98213,10876043145282530104582467943182243934469900692026929968483833207040268794092,1775145600,2026-04-02 18:19:11,1.0
c2d81148,2026-04-02 18:14:54,ETH 15m DOWN,DOWN,15m,eth-15m-1775145600-down,0.99,1.0,200,2.0000,WIN,56.3,35.94,1.5665,0x615ea1b0dd9129f41fae9172a254f81ee012cea551fd23779b300d02893305bf,34589854164245095492506449798022512074499886618573015101139756349013607451329,1775145600,2026-04-02 18:19:12,1.0
3813ad6c,2026-04-02 18:14:55,ETH 5m DOWN,DOWN,5m,eth-5m-1775146200-down,0.99,1.0,200,2.0000,WIN,146.0,95.65,1.5264,0x03a849124316fc624bbb6bcd0b32ef4e72daf30fd0f855b49f1a3416c4715256,677044822267654891731353593397451500709260972699808684410659048254403271881,1775146200,2026-04-02 18:19:10,1.0
9d349c7f,2026-04-02 18:24:47,BTC 5m DOWN,DOWN,5m,btc-5m-1775146800-down,0.99,1.0,200,2.0000,WIN,722.62,478.3,1.5108,0x1c89b7eeaea8c8973c739d61ab825932d216a39c5681bcf22325291a523b5b18,110742350370278266998408003074821443816016465882948199667384790438349719453261,1775146800,2026-04-02 18:29:11,1.0
73f8c478,2026-04-02 18:24:59,ETH 5m DOWN,DOWN,5m,eth-5m-1775146800-down,0.99,1.0,200,2.0000,WIN,390.7,137.94,2.8324,0xba316b1ffad2d172f1008d3c1d7e7a1760fecf389ff0b8146484b0066b46b42a,35928715846603100232687963061573060867148427292268553304757998459758239935607,1775146800,2026-04-02 18:29:11,1.0
853e39b2,2026-04-02 18:29:11,ETH 5m UP,UP,5m,eth-5m-1775147100-up,0.99,1.0,200,2.0000,WIN,1481.93,313.17,4.7320,0x098cf8cb6601a147076a502e348218ef28d63fc6c8095c3910e1f19cdb22e181,57212974169288129341629195126333270496829356574128323249898806593153282815195,1775147100,2026-04-02 18:34:11,1.0
279b58aa,2026-04-02 18:33:19,ETH 5m UP,UP,5m,eth-5m-1775147400-up,0.99,1.0,200,2.0000,WIN,1218.83,510.26,2.3886,0x4c82939c0520b74dc1ab3cf8a890dbc581c6c32fa1180e94c408d62d05f29ce7,113441993586586896300957119148123426643543903266175159056808972680857925804251,1775147400,2026-04-02 18:41:12,1.0
9758131a,2026-04-02 18:33:21,BTC 5m UP,UP,5m,btc-5m-1775147400-up,0.99,1.0,200,2.0000,WIN,3470.34,2310.63,1.5019,0x7c9a9ca40490695132b0b24e7924178b1363daadb841535f5aabcf50d1c9acfd,75274118420930350044644866602309769422078763340111695290413443291329358975735,1775147400,2026-04-02 18:39:11,1.0
80ae38dd,2026-04-02 18:39:21,BTC 5m UP,UP,5m,btc-5m-1775147700-up,0.99,1.0,200,2.0000,WIN,1500.47,755.84,1.9852,0x5e8a058b24eba571ae4ad7fddf425963e75c91217bc24557352f7d13bd8e605c,92174729344499801433676966152235384382159942284314826401624965594986569900005,1775147700,2026-04-02 18:44:11,1.0
7ac057bd,2026-04-02 18:39:42,ETH 5m UP,UP,5m,eth-5m-1775147700-up,0.99,1.0,200,2.0000,WIN,435.38,271.67,1.6026,0x74add701c7fb8c15478908b198ac8b48897a754f4a0534b5b7f33adfd54df88d,27376715966899985419264443267016678189872944088879947179446573234905193645280,1775147700,2026-04-02 18:46:11,1.0
ca558a3a,2026-04-02 18:40:10,BTC 15m UP,UP,15m,btc-15m-1775147400-up,0.99,1.0,200,2.0000,WIN,1422.32,914.74,1.5549,0x6f683e51c000148786f98e9114036e4a9fbca2048fe5bf3ded1608671eaac859,45319776980064849071271077101823374818568168617860882252081795135557761730450,1775147400,2026-04-02 18:47:11,1.0
b2c783fe,2026-04-02 18:44:41,BTC 5m UP,UP,5m,btc-5m-1775148000-up,0.99,1.0,200,2.0000,WIN,1180.16,134.65,8.7646,0x5769d7d490def7364550913a06887924cbedd9fcdbbc584ebe326e201800d0b6,28854222476324480674100593769563109430298349315691822896585193797557603158306,1775148000,2026-04-02 18:49:11,1.0
9a4c34cb,2026-04-02 18:44:55,ETH 5m UP,UP,5m,eth-5m-1775148000-up,0.99,1.0,200,2.0000,WIN,118.49,55.55,2.1330,0x4d7cf36f5e68050e30a0998b307a7cef537a713e6307967ae0e0be756488fe51,38770089419759439437062214706745967154083950447188319116174550041136269680340,1775148000,2026-04-02 18:49:11,1.0
331f90a1,2026-04-02 18:49:57,ETH 5m DOWN,DOWN,5m,eth-5m-1775148300-down,0.99,1.0,200,2.0000,WIN,500.15,163.34,3.0620,0x32feedff2bf59646acab234d847ed5bd0ba1bbf0a9510a5d1de709f55aadb01d,101209340293653511155835656342106499949765092220977197383183103241604192305252,1775148300,2026-04-02 18:54:11,1.0
0f5ed30d,2026-04-02 18:59:25,ETH 5m DOWN,DOWN,5m,eth-5m-1775148900-down,0.99,1.0,200,2.0000,WIN,733.48,486.6,1.5074,0x15447ac71dc09bc1a06298bcae754f99f3a513db507ccc095099c0751240848d,112859317780440163866271260504745137219728597416833882781078196823756356207152,1775148900,2026-04-02 19:04:11,1.0
2e0d6073,2026-04-02 18:59:33,BTC 5m DOWN,DOWN,5m,btc-5m-1775148900-down,0.99,1.0,200,2.0000,WIN,1841.2,1215.3,1.5150,0x22d33bebce764146e272f1eba9f8a4d4af41b41ab5ec2b1e14590d195d7f6844,102795510299960895579490892065667824915573252956119748969610208497955879020541,1775148900,2026-04-02 19:04:11,1.0
2245eb05,2026-04-02 19:02:48,BTC 5m DOWN,DOWN,5m,btc-5m-1775149200-down,0.99,1.0,200,2.0000,WIN,1133.2,679.64,1.6674,0xdcfd80ad69f035d47e8a53583217cfdd0b03511e719bc5a9cb977c8e8be5e927,5225411337624000428154886750881064241208061885482593421795730435422414174406,1775149200,2026-04-02 19:11:11,1.0
13e517f9,2026-04-02 19:14:00,BTC 5m UP,UP,5m,btc-5m-1775149800-up,0.99,1.0,200,2.0000,WIN,2514.56,1595.77,1.5758,0xb57020b472d5eee15be78471cbabdc7c7f8419bb25f8d6e0c34f981b7c4ece72,108003425936165044074744020663439976271707906620466338271321847221244090587446,1775149800,2026-04-02 19:19:11,1.0
decd83fb,2026-04-02 19:14:24,BTC 15m UP,UP,15m,btc-15m-1775149200-up,0.99,1.0,200,2.0000,WIN,1345.44,797.79,1.6865,0x46f27248e4e5a43404d5f7c5f1cee7e8a8fb43fb3728c940a9f65ee6a728e684,68792438981440860611547918614294796885851318400853418026582468926961558356295,1775149200,2026-04-02 19:19:11,1.0
1d67ace8,2026-04-02 19:17:57,BTC 5m UP,UP,5m,btc-5m-1775150100-up,0.99,1.0,200,2.0000,WIN,1753.37,1052.26,1.6663,0xf8a0fb7f69618740b470284ec1794bcee341c989fb8caf5faef9426598352910,52085192614229588827952934112358252886550575324196657890248740348738908466232,1775150100,2026-04-02 19:26:11,1.0
ac18f4d4,2026-04-02 19:18:32,ETH 5m UP,UP,5m,eth-5m-1775150100-up,0.99,1.0,200,2.0000,WIN,1276.73,324.89,3.9297,0x0b084d2b97f0961c70aeb1a90c6ce81bf73940e8b83eee583d2d6c219e07fd99,64693113547462634118666994111172883201528249676271936384111776556571855356159,1775150100,2026-04-02 19:24:11,1.0
2b5be9df,2026-04-02 19:24:51,ETH 5m UP,UP,5m,eth-5m-1775150400-up,0.99,1.0,200,2.0000,WIN,304.61,187.81,1.6219,0x63d0e411db1a6c07969caf78d451b66afe66b09402c9cb11c8454534c1d1d2e7,22063029826809736876657947553092203425653064832789837710654312447533583055992,1775150400,2026-04-02 19:29:10,1.0
61feb916,2026-04-02 19:33:34,ETH 5m DOWN,DOWN,5m,eth-5m-1775151000-down,0.99,1.0,200,2.0000,WIN,1473.64,694.24,2.1227,0x78a47efb89eeda2ed64657245698979ef2a578433c4494ed3934da8c880aea6a,55014508499112013191729837994695790290455528932984155716142420287660137230268,1775151000,2026-04-02 19:39:11,1.0
7d89a7b0,2026-04-02 19:33:36,BTC 5m DOWN,DOWN,5m,btc-5m-1775151000-down,0.99,1.0,200,2.0000,WIN,1686.74,1112.48,1.5162,0x111bd38b3bc62b4b1499cf7e73b1fad99c61eec1d23ca926253ee49c25619118,67866013294466215460638630896589796873179866087696461931696743302543772189371,1775151000,2026-04-02 19:41:11,1.0
c993550d,2026-04-02 19:40:01,ETH 5m DOWN,DOWN,5m,eth-5m-1775151300-down,0.99,1.0,200,2.0000,WIN,1326.0,302.23,4.3874,0xe378b1cd396510a40cc0e95cde43a74775ec58a40c57d3fcd1a288630fd62c92,49974843099712683057211621009456017272227992490999647450793266158744536580095,1775151300,2026-04-02 19:44:11,1.0
5d2339b3,2026-04-02 19:41:39,ETH 15m DOWN,DOWN,15m,eth-15m-1775151000-down,0.99,1.0,200,2.0000,WIN,376.31,236.49,1.5912,0xfb2b1b6c0b7071ee4b03930240f12ba9636c86c2103ea3b5271424bba95e2771,67357715658006120810904013531244307449193378261595036735293820829976901910627,1775151000,2026-04-02 19:49:11,1.0
4786da47,2026-04-02 19:44:53,BTC 5m DOWN,DOWN,5m,btc-5m-1775151600-down,0.99,1.0,200,2.0000,WIN,383.15,166.74,2.2979,0xaa36aaf2ac945fe16d17ac730053d8f6d51a1e4550855c76f3940ffa8155a4e7,92598110573855195246157884943228610098091460928597111051299522422968775927291,1775151600,2026-04-02 19:49:11,1.0
0b5aec70,2026-04-02 19:48:03,ETH 5m DOWN,DOWN,5m,eth-5m-1775151900-down,0.99,1.0,200,2.0000,WIN,435.08,278.16,1.5641,0xd8d1d0532a0a847df452c866e2e4befba68df10c070976a6b7b64add49d5f368,76524512500995337958364078380461307398684222902107319269078883242805331389163,1775151900,2026-04-02 19:54:11,1.0
23054451,2026-04-02 19:48:58,BTC 5m DOWN,DOWN,5m,btc-5m-1775151900-down,0.99,1.0,200,2.0000,WIN,5632.64,2793.7,2.0162,0xa6282325868da3caff1bcbb44a5e39356f657c68d6e0fb74ef83c68b58ab43c6,59073099965282507805310102379522456266060069623177731195042835197378900361840,1775151900,2026-04-02 19:54:11,1.0
8c84c78a,2026-04-02 19:55:33,BTC 15m DOWN,DOWN,15m,btc-15m-1775151900-down,0.99,1.0,200,2.0000,WIN,2193.2,1054.86,2.0791,0x7162d5ea726b89416515d123e6119c6729d2ec436644d8d2f8ee6343f0842f4f,6779009344277730699384207430905286256601978057234502149640025022653961781533,1775151900,2026-04-02 20:04:12,1.0
69a501d4,2026-04-02 20:09:38,ETH 5m DOWN,DOWN,5m,eth-5m-1775153100-down,0.99,1.0,200,2.0000,WIN,93.19,19.32,4.8235,0x2070d6d1d830448bc55e746f57224ccd74f5d08a860bc8af74d62ea75c8b70b4,114254975580404330253455199372692484552468182407214836397885406252359416512749,1775153100,2026-04-02 20:16:11,1.0
59bd3812,2026-04-02 20:14:58,BTC 15m UP,UP,15m,btc-15m-1775152800-up,0.99,1.0,200,2.0000,WIN,59.0,37.93,1.5555,0xc7647657275c78847942304dc810aa2506880ccfe3e8dbc4135a6d93e6c34619,44989152323147767225353694440047697809090573303318647489759808307017539922066,1775152800,2026-04-02 20:19:11,1.0
d46a811d,2026-04-02 20:15:01,ETH 15m UP,UP,15m,eth-15m-1775152800-up,0.99,1.0,200,2.0000,WIN,1557.25,501.19,3.1071,0xdfd6fe1acd6b814595ed4f3e2e8e06234b75486fe7d669af62aa3a533f4cb80e,74055309051645522173215952771611048178103825177019319694452134674293282900507,1775152800,2026-04-02 20:17:10,1.0
805843c2,2026-04-02 20:19:03,BTC 5m UP,UP,5m,btc-5m-1775153700-up,0.99,1.0,200,2.0000,WIN,760.95,475.55,1.6001,0x320c4438a9d22456389929c2d312f104b56431b02b87d6ab8dac556d5b2886e7,29083088495653182852657421953002396912909230584819411338904761494976924582413,1775153700,2026-04-02 20:26:13,1.0
19d91a10,2026-04-02 20:19:33,ETH 5m UP,UP,5m,eth-5m-1775153700-up,0.99,1.0,200,2.0000,WIN,153.12,75.98,2.0153,0x3444d4d8db0beb64dd7fbd8c1f9fd4d21dbe9a93c89a6d84fb942e2f4e00df0b,44581318278378886816153155805183666568145514308985509626357477142993805190663,1775153700,2026-04-02 20:24:11,1.0
d7be82be,2026-04-02 20:29:22,ETH 15m DOWN,DOWN,15m,eth-15m-1775153700-down,0.99,1.0,200,2.0000,WIN,359.99,107.94,3.3351,0x49e573b14581a53a30f1dbd0ac4bc0ec9e17364641067108ee81bd14958fabc5,91398383909140732477297425001698083083156382832824446387693046224909032367687,1775153700,2026-04-02 20:36:11,1.0
e56af68a,2026-04-02 20:34:14,ETH 5m UP,UP,5m,eth-5m-1775154600-up,0.99,1.0,200,2.0000,WIN,606.22,278.43,2.1773,0x8667b033ac13e07fee6ba1da1a2126138f2ab5acb07df6e759bee3ecbf62b554,36016302199105841041551399920784070965287855884749517930140229070213689596806,1775154600,2026-04-02 20:39:12,1.0
424d9186,2026-04-02 20:34:22,BTC 5m UP,UP,5m,btc-5m-1775154600-up,0.99,1.0,200,2.0000,WIN,2614.7,963.63,2.7134,0x8f59bcfa8a39355e805d480226ce9c59f7a03c550008c9f4287de252a1162adb,75297077664949771705244834311398264807120997495043935679663328635478412486729,1775154600,2026-04-02 20:39:11,1.0
40ffe805,2026-04-02 20:39:57,BTC 5m UP,UP,5m,btc-5m-1775154900-up,0.99,1.0,200,2.0000,WIN,90.0,57.89,1.5547,0x548d530e5986295eaf6d29026750dba487c1e59e9d6617f32b0d214653143b98,81266950709207059054499245612768152032731441374818496992082085058064629147637,1775154900,2026-04-02 20:46:11,1.0
2f30a8fd,2026-04-02 20:41:14,ETH 15m UP,UP,15m,eth-15m-1775154600-up,0.99,1.0,200,2.0000,WIN,1168.6,337.83,3.4591,0xc3c89df12f0c289295c92300d85717e93578440d62d11a3e441eefafe2095dd1,4208155920859141932225791737698855835439343668099200776227484729061057005180,1775154600,2026-04-02 20:49:11,1.0
18d9b8c5,2026-04-02 20:42:12,BTC 15m UP,UP,15m,btc-15m-1775154600-up,0.99,1.0,200,2.0000,WIN,2009.46,1237.0,1.6245,0x94da722ff3214ec8cea6cafd0b79985f285c7c13aec5d7dd4c09be30760df538,102576156939101288541658686354119051139484410057867215079979232126568502944667,1775154600,2026-04-02 20:49:11,1.0
2707a3f4,2026-04-02 20:44:15,ETH 5m UP,UP,5m,eth-5m-1775155200-up,0.99,1.0,200,2.0000,WIN,264.25,129.91,2.0341,0x877ee488fc10943dbce0f0d7944c6825a51b36e327c6f8513c5c8aa46b8fe48e,69517140125016146051480764527319992152784468340150582410573024423413749041004,1775155200,2026-04-02 20:51:12,1.0
21544d58,2026-04-02 20:48:11,ETH 5m UP,UP,5m,eth-5m-1775155500-up,0.99,1.0,200,2.0000,WIN,995.1,429.88,2.3148,0xc9bf971b7d62cc0136165542fe5ce30a0f4f6ee6d57ebfb1d26db0e775a9518d,36899718007319446859387413660453641317687172901162929119904371917843781912211,1775155500,2026-04-02 20:54:11,1.0
69e3651b,2026-04-02 20:53:05,BTC 5m UP,UP,5m,btc-5m-1775155800-up,0.99,1.0,200,2.0000,WIN,2191.58,1240.23,1.7671,0xbd686afce19a2b855a8cba0a53dc1c39c66f312ec114e893f6b9477f0af254a3,83058207831439768177963208222469285108998613962284531650144399481044275317943,1775155800,2026-04-02 20:59:11,1.0
460a151d,2026-04-02 20:53:09,ETH 5m UP,UP,5m,eth-5m-1775155800-up,0.99,1.0,200,2.0000,WIN,747.22,375.59,1.9895,0x65c1e3702570cc1f56ad4a451ec17929993967b2c9d76fb1d44c9a237308ecce,69290455056855287113412039024173405112715476708526404677645224589155954084112,1775155800,2026-04-02 20:59:11,1.0
de9fef51,2026-04-02 20:55:12,BTC 15m UP,UP,15m,btc-15m-1775155500-up,0.99,1.0,200,2.0000,WIN,2101.47,1199.17,1.7524,0xa4c1dfa85cea3444721e02756a5d14dfed4a5a1f60077c089ba407bad70a16f8,50709163551487299657680740928260532990502320328592167581737596990702321850271,1775155500,2026-04-02 21:04:11,1.0
56cbe9d0,2026-04-02 20:59:55,BTC 5m DOWN,DOWN,5m,btc-5m-1775156100-down,0.99,1.0,200,2.0000,WIN,1329.12,858.81,1.5476,0xa4e58f95e9db7624ac6b394ad6fd2262564fc92f7cfae8cef66768236bd62181,94581657341403550182334763854024001527658497807870631823436325210855338923041,1775156100,2026-04-02 21:04:11,1.0
